LINK,CATEGORY,TITLE,SUMMARY,SENTIMENT,PUB_DATE,CLICKBAIT_PROB,ARTICLE_TYPE,TYPE_PROB
https://n.news.naver.com/mnews/article/215/0001248646?sid=101,IT/반도체,고유가·AI·자금이동… 복합 변수 속 시장의 방향이 바뀐다 [박문환 시...,"반도체 공급 부족 현상은 심화될 가능성이 있으며, 에너지 시장에 호르무즈 해협 이슈가 영향을 미칠 것으로 보인다.",호재,2026-04-11 07:00,20.1,예측형,6.8
https://n.news.naver.com/mnews/article/092/0002418313?sid=105,IT/반도체,"TSMC, 1분기 최대 실적 경신…AI칩 호황 증명",TSMC가 1분기 최대 실적을 경신하며 AI칩 호황을 증명했다.,호재,2026-04-11 07:01,13.6,사실형,94.1
https://n.news.naver.com/mnews/article/138/0002224111?sid=105,IT/반도체,"TSMC, 중동 위기 뚫고 ‘어닝 서프라이즈’…1Q 매출 1.13조 대만달러 기...",TSMC가 글로벌 지정학적 위기에도 불구하고 기록적인 1분기 실적을 기록했다.,호재,2026-04-11 07:04,9.6,사실형,97.0
https://n.news.naver.com/mnews/article/011/0004609550?sid=101,IT/반도체,"Z세대 53% “자소서, AI 때문에 변별력 잃었다”…채용 전형 전환 가속","AI 반도체 스타트업에 대규모 자금 유입이 이어지는 가운데, 채용 전형이 전환될 가능성이 커지고 있다.",호재,2026-04-11 05:32,21.9,사실형,55.9
https://n.news.naver.com/mnews/article/011/0004609548?sid=105,IT/반도체,앤스로픽도 ‘자체 칩’ 검토…AI 반도체 전쟁 격화,"앤스로픽이 자체 칩을 개발하는 것을 검토하고 있으며, 글로벌 반도체 기업과 협력하고 있다.",호재,2026-04-11 05:31,19.3,사실형,88.2
https://n.news.naver.com/mnews/article/011/0004609546?sid=105,IT/반도체,물가 오르고 경기는 둔화…금리 인상 ‘신중 모드’,물가 상승과 경기 둔화로 금리 인상이 신중하게 고려되고 있다.,악재,2026-04-11 05:29,18.8,사실형,99.4
https://n.news.naver.com/mnews/article/011/0004609549?sid=101,IT/반도체,허태수 GS 회장 “AI 잘 만드는 나라 넘어 잘 쓰는 나라로 도약해야”,Arm은 AI 칩 시스템 효율화를 위해 삼성전자·SK하이닉스와 협력을 확대한다.,호재,2026-04-11 05:32,29.7,사실형,89.2
https://n.news.naver.com/mnews/article/648/0000046162?sid=101,제약/바이오,中 설비 인증·유럽 수주 공세…국내 CDMO 경쟁 압박 가중,중국 이노반트의 자회사 알트루이스트가 중국 국가약품감독관리국(NMPA)로부터 의약품 제조 라이선스를 획득하여 국내 CDMO 경쟁 압박을 가중시켰다.,호재,2026-04-11 10:00,21.6,사실형,49.1
https://n.news.naver.com/mnews/article/028/0002800238?sid=103,제약/바이오,"[치유와 동행] 입센코리아, 희귀질환 환아 가족과 나들이 행사",입센코리아는 희귀질환 환아 가족과 나들이 행사를 진행하여 가족 모두에게 의미 있는 휴식의 시간을 제공했다.,호재,2026-04-10 19:04,12.6,예측형,32.9
https://n.news.naver.com/mnews/article/032/0003439170?sid=101,제약/바이오,“천당에서 지옥으로”…잘 나가던 코스닥 발목 잡은 ‘삼천당 쇼크’...,삼천당제약 사태는 국내 제약·바이오 주식의 고질적인 문제를 드러내고 있다.,악재,2026-04-11 07:00,25.4,사실형,76.5
https://n.news.naver.com/mnews/article/015/0005273576?sid=103,제약/바이오,[주목! 이 책] 신약의 전쟁,윤태진 지음이 글로벌 제약 산업의 경쟁을 분석한 책이 출간되었다.,중립,2026-04-10 18:19,17.2,사실형,52.7
https://n.news.naver.com/mnews/article/119/0003079473?sid=100,제약/바이오,투자유치 30조·경제자유구역·국가무역항 신설…정명근 화성시장 예비...,"화성시장 예비후보 정명근이 투자유치 30조 달성, 경제자유구역 지정, 국가무역항 신설 등 미래첨단 산업도시 건설 공약을 발표했다.",호재,2026-04-11 11:14,30.9,사실형,92.2
https://n.news.naver.com/mnews/article/003/0013881686?sid=102,제약/바이오,"""K바이오 산업 자체가 미성숙"" vs ""일부 기업 문제일 뿐""[삼천당제약 거...",삼천당제약 논란이 바이오 산업 전반에 대한 부정적 시선으로 번지지 않도록 경계하고 있다.,호재,2026-04-11 14:01,39.3,사실형,87.5
https://n.news.naver.com/mnews/article/015/0005273562?sid=101,제약/바이오,"초반 부진한 코스닥액티브, 종목 대대적 교체","코스닥액티브 ETF가 초반 부진을 이유로 포트폴리오를 대대적으로 교체하고, 반도체 소부장 종목을 확대, 바이오를 줄이고 광통신·K뷰티를 포함한 수출 테마에 집중했다.",호재,2026-04-10 18:10,13.8,사실형,87.5
https://n.news.naver.com/mnews/article/018/0006254968?sid=101,제약/바이오,"[임상 업데이트] 젬백스, 진행성핵상마비 2상 CSR 수령…GV1001 안전성 재...",젤백스는 진행성핵상마비 2상 CSR를 수령하여 GV1001의 안전성을 재확인했다.,호재,2026-04-11 06:47,36.4,사실형,50.4
https://n.news.naver.com/mnews/article/277/0005748010?sid=101,제약/바이오,[주末머니] “중동발 진통에도 코스피 아직 싸다”,코스피는 중동 리스크에도 비중 확대 전략이 유효하다는 전망,호재,2026-04-11 08:26,27.8,사실형,68.4
https://n.news.naver.com/mnews/article/015/0005273560?sid=101,제약/바이오,코스닥서 발 뺀 연기금…4월에만 2334억 순매도,"코스닥에서 2334억 원의 순매도가 발생했으며, 바이오 기업에 대한 투자심리가 축소된 것으로 보인다.",악재,2026-04-10 18:05,32.0,사실형,45.7
https://n.news.naver.com/mnews/article/031/0001021439?sid=102,제약/바이오,"“화성, 국가무역항 들어선다”…정명근 예비후보, 화성시 투자유치 30...","화성시의 미래첨단 산업도시 건설을 위한 공약을 발표한 정명근 예비후보가 투자유치 30조원 달성, 화성경제자유구역 지정, 화성 국가무역항 신설 등을 약속했다.",호재,2026-04-11 13:47,38.6,사실형,78.3
https://n.news.naver.com/mnews/article/277/0005748011?sid=102,제약/바이오,"정명근 ""이번엔 투자유치 30조 시대…화성, 동북아 허브로 만들 것""",정명근 화성시장 예비후보가 화성의 미래 100년을 책임질 파격적인 경제 행보를 선언했다.,호재,2026-04-11 08:25,27.8,사실형,73.8
https://n.news.naver.com/mnews/article/018/0006254962?sid=101,제약/바이오,"美FDA, 임상시험·바이오시밀러 승인 간소화 추진[제약·바이오 해외토...",미국 식품의약국(FDA)이 임상시험과 바이오시밀러 승인 간소화를 추진한다.,호재,2026-04-11 06:02,44.6,사실형,46.5
https://n.news.naver.com/mnews/article/001/0016015418?sid=101,제약/바이오,"[바이오사이언스] 간암 1차 치료, 생존 2년 벽 넘본다","간암 1차 치료에서 새로운 이정표가 세워졌으며, 옵디보-여보이 병용요법이 전체 생존 기간 23.7개월을 기록했다.",호재,2026-04-11 08:00,55.8,사실형,53.1
https://n.news.naver.com/mnews/article/003/0013881665?sid=102,제약/바이오,"""한방 터진다"" 기대감에 바이오 몰빵…한순간 '아수라장'[삼천당제약 거...",삼천당제약의 계약 논란으로 바이오 업계가 신뢰를 잃고 버블 현상이 반복되는 상황이다.,악재,2026-04-11 13:01,22.6,사실형,71.4
https://n.news.naver.com/mnews/article/031/0001021301?sid=105,IT/반도체,"TSMC, 1분기 매출 53조원…전년比 35% 증가",TSMC는 올해 1분기에 매출 52조 8604억원에 달하며 전년比 35% 증가했다.,호재,2026-04-10 15:11,42.8,사실형,87.2
https://n.news.naver.com/mnews/article/014/0005505840?sid=101,IT/반도체,"""AI 등 첨단산업 투자에 세제 혜택까지""...국민참여형펀드 5월 출시",금융위원회는 국민참여형 국민성장펀드의 자펀드 운용사 선정 기준을 마련하고 오는 5월 상품 출시에 나선다.,호재,2026-04-10 15:56,39.9,사실형,89.7
https://n.news.naver.com/mnews/article/421/0008882865?sid=162,IT/반도체,"양향자, 경기지사 출마 선언…""추미애는 싸움꾼, 난 첨단 일꾼""","양향자 국민의힘 최고위원이 경기도지사 출마를 선언하며 추미애 후보를 향해 비판하고, 반도체 산업을 중심으로 한 경기도 발전을 약속했다.",호재,2026-04-10 15:51,35.8,사실형,89.3
https://n.news.naver.com/mnews/article/366/0001155928?sid=105,IT/반도체,"유리기판 선점 경쟁 본격화… 인텔은 ‘기술 표준’, 삼성전기는 ‘고객...","인텔은 유리기판을 차세대 패키징 핵심 기술로 제시하며 시장 선점에 나섰고, 삼성전기는 애플에 유리기판 샘플을 공급하며 경쟁을 가중하고 있다.",호재,2026-04-10 15:58,34.9,사실형,58.6
https://n.news.naver.com/mnews/article/629/0000490319?sid=101,IT/반도체,"SK하이닉스, 호실적 기대감 '솔솔'…'200만닉스' 현실 될까","증권사들이 잇달아 SK하이닉스의 목표주가를 높이며, 향후 재평가 가능성을 시사한다.",호재,2026-04-10 14:45,24.7,사실형,87.4
https://n.news.naver.com/mnews/article/469/0000924721?sid=102,IT/반도체,"경남도, 8000억 투입 '제조AI 밸류체인 구축'… 산업 구조 퀀텀 점프","경남도는 8000억 원을 투입해 조선·방산 등 주력산업에 AI 접목하고, 2033년까지 독자적인 AI 산업 생태계를 구축한다.",호재,2026-04-10 14:51,20.7,사실형,37.3
https://n.news.naver.com/mnews/article/374/0000503700?sid=101,IT/반도체,'국민성장펀드' 내달 출시…첨단산업에 60% 투자하는 자펀드 10개 선정,금융위원회가 국민참여형 국민성장펀드의 자펀드 운용사 선정을 마련해 오는 5월 출시를 목표로 준비하고 있다.,호재,2026-04-10 15:30,33.1,추론형,20
https://n.news.naver.com/mnews/article/421/0008882801?sid=101,IT/반도체,"국민참여형 국민성장펀드, 5월 출시…자펀드 규모 최대 1200억","금융위원회는 국민참여형 국민성장펀드를 오는 5월 중 출시할 계획으로, 자펀드 규모는 최대 1200억 원으로 확정했다.",호재,2026-04-10 15:26,41.7,사실형,81.4
https://n.news.naver.com/mnews/article/629/0000490313?sid=162,IT/반도체,"울먹인 양향자 ""반도체·첨단산업 지킬 것""…경기지사 출마 공식 선언",양향자 국민의힘 최고위원이 경기도지사 후보 출마를 공식 선언하며 경기도 첨단 산업을 지키겠다고 밝혔다.,호재,2026-04-10 14:40,43.7,사실형,68.2
https://n.news.naver.com/mnews/article/081/0003634274?sid=101,IT/반도체,국민참여형 국민성장펀드 5월 출시… 서민 우선배정 검토,"금융위원회는 국민참여형 국민성장펀드의 자펀드 운용사 선정 기준을 확정했으며, 5월에 펀드를 출시할 계획이다.",호재,2026-04-10 15:57,21.5,사실형,85.0
https://n.news.naver.com/mnews/article/023/0003970082?sid=105,IT/반도체,"美, 구형 반도체 장비 中 수출도 막는다... 첨단 기술 이어 생산 능력까...","미국 의회가 첨단 반도체 제조에 필요한 장비에 이어, 범용 반도체 생산용 장비의 대중 수출을 원천 차단하는 법안을 추진한다.",악재,2026-04-10 15:23,20.6,사실형,69.3
https://n.news.naver.com/mnews/article/138/0002224073?sid=105,IT/반도체,삼성전자 테일러 2㎚·평택 1c D램 '쌍끌이' 가동…2027년 승부수,"삼성전자, 테일러 2㎚ 라인 시범 가동과 평택 1c D램 장비 발주 동시 진행하여 2027년 반도체 왕좌 탈환을 목표로 한다.",호재,2026-04-10 15:50,28.1,사실형,71.2
https://n.news.naver.com/mnews/article/032/0003439102?sid=101,IT/반도체,테슬라 이어 구글과도 손잡은 인텔…미 반도체 공급망 부활하나,인텔과 구글이 차세대 인공지능(AI) 인프라 관련 협력을 발표했다.,호재,2026-04-10 15:12,20.0,사실형,59.5
https://n.news.naver.com/mnews/article/003/0013880484?sid=102,IT/반도체,"용인교육지원청, 대학과 '반도체·AI 학점인정형 공유학교' 추진","용인교육지원청은 지역 대학과 협력, 학생 맞춤형 교육을 강화하는 '학점인정형 경기공유학교'를 추진한다.",호재,2026-04-10 14:29,39.4,예측형,41.4
https://n.news.naver.com/mnews/article/009/0005664133?sid=102,IT/반도체,"GIST, 美 NI와 협약…AI반도체 ‘검증 인력’ 키운다",광주과학기술원(GIST)이 내쇼날인스트루먼트(NI)와 반도체 테스트 분야 인력 양성과 산학 협력 강화를 위한 업무협약을 체결했다.,호재,2026-04-10 14:29,16.0,대화형,48.8
https://n.news.naver.com/mnews/article/001/0016014599?sid=104,IT/반도체,"대만 상장사, 10년만에 최대 매출·순익…""AI·반도체 호조""","대만 상장사들이 10년 만에 최대 매출과 세전순이익을 기록했으며, AI 수요 증가로 전자부품업계가 이에 힘입었다.",호재,2026-04-10 14:58,12.4,사실형,99.6
https://n.news.naver.com/mnews/article/119/0003079279?sid=105,IT/반도체,"SKT-Arm-리벨리온, ‘저전력·고효율’ AI 데이터센터 구축 맞손","SK텔레콤은 Arm과 리벨리온과 함께 저전력고효율 AI 데이터센터를 구축하고, 추론 전용 CPU와 NPU를 결합한 차세대 AI 인프라 솔루션을 개발한다.",호재,2026-04-10 14:36,25.1,사실형,75.6
https://n.news.naver.com/mnews/article/005/0001842479?sid=101,IT/반도체,"아마존, 자체 AI 반도체 외부 판매 검토… “수요 매우 높다”","아마존이 자체 개발한 AI 반도체를 외부 기업에 판매하는 방안을 검토하고 있으며, 향후 연간 매출액이 약 5조4000억원에 달할 것으로 예상하고 있다.",호재,2026-04-10 15:08,25.0,사실형,75.9
https://n.news.naver.com/mnews/article/422/0000853684?sid=101,IT/반도체,[CEO풍향계] '뉴삼성 가속' 이재용…'새만금 맞손' 장재훈,이재용 삼성전자 회장은 글로벌 광폭 행보로 사상 최대의 1분기 영업이익을 달성하며 '뉴삼성' 체제에 가속 페달을 밟았습니다.,호재,2026-04-10 15:00,39.0,추론형,20
https://n.news.naver.com/mnews/article/030/0003416238?sid=102,제약/바이오,"아주대 콰트로 정밀의약연구원-LG AI연구원, 신약개발 플랫폼 '맞손'",아주대 콰트로 정밀의약연구원과 LG AI연구원은 AI 기반 정밀의약 개발을 위한 공동연구실을 개소하고 신약 개발 플랫폼을 구축한다.,호재,2026-04-09 09:24,28.4,대화형,11.5
https://n.news.naver.com/mnews/article/417/0001138182?sid=101,제약/바이오,"코스피, 중동 불안에 5840선 하락 출발…외인 1600억원 '팔자'",코스피가 중동 정세 불확실성에 하락 출발했다.,호재,2026-04-09 10:09,67.6,사실형,85.5
https://n.news.naver.com/mnews/article/003/0013876814?sid=102,제약/바이오,"아델, 490억원 규모 투자유치…""연내 코스닥 상장 목표""",아델이 490억원 규모의 투자유치를 통해 연내 코스닥 상장을 목표로 준비하고 있다.,호재,2026-04-09 09:37,19.3,사실형,78.7
https://n.news.naver.com/mnews/article/015/0005272799?sid=101,제약/바이오,"불안한 휴전…코스피, 호르무즈 재봉쇄 경계감 장 초반 1%대↓",코스피지수는 호르무즈 해협 재봉쇄 소식에 경계감을 드러내며 장 초반 1%대 하락하고 있다.,호재,2026-04-09 09:13,36.8,사실형,87.1
https://n.news.naver.com/mnews/article/003/0013876850?sid=101,제약/바이오,코스피 장 초반 숨고르기…중동 불확실성에 0.78% 하락,"코스피가 장 초반 소폭 하락세를 보이며, 중동 불확실성에 영향이 있는 것으로 풀이된다.",악재,2026-04-09 09:41,38.5,사실형,90.2
https://n.news.naver.com/mnews/article/421/0008879150?sid=103,제약/바이오,"""면접 꿀팁 풀었다""…'연봉 1억' 삼성바이오로직스, 유튜브로 Z세대 공략",삼성바이오로직스는 유튜브를 통해 Z세대 취업 준비생들과 접점을 확대하고 취업에 도움이 되는 정보를 제공하는 콘텐츠를 공개했다.,호재,2026-04-09 09:10,20.8,사실형,93.0
https://n.news.naver.com/mnews/article/008/0005341852?sid=101,제약/바이오,잔존한 전쟁 불확실성+차익실현 매물 출현…코스피·코스닥 약세 출발,코스피·코스닥이 전일의 7% 가까이 급등한 후 차익실현 매물로 약세로 출발했다.,악재,2026-04-09 09:20,26.2,사실형,80.9
https://n.news.naver.com/mnews/article/023/0003969778?sid=101,제약/바이오,개미 1조 태운 코스닥 액티브 ETF… 한 달 성적표는 코스닥보다 더 나빴...,"개미들이 몰린 코스닥 액티브 ETF는 상장 직후부터 개인 자금이 집중되지만, 성적표는 코스닥보다 더 나빴다.",악재,2026-04-09 09:02,8.4,사실형,83.2
https://n.news.naver.com/mnews/article/003/0013876637?sid=102,제약/바이오,"바이오협회 ""바이오기업 맞춤 후속 투자유치 지원사격""",한국바이오협회는 2026년 상반기 후속 투자유치 IR 프로그램을 개최하여 바이오기업 투자유치를 위한 지원 사격을 나섰다.,호재,2026-04-09 08:42,21.9,사실형,86.3
https://n.news.naver.com/mnews/article/011/0004605213?sid=101,금융/밸류업,삼성전자 1분기 D램 영업이익만 33조…메모리 40조 시대 열린다,"금융주 주주 환원 확대, 단순 실적 경쟁 넘어 기업가치 제고 경쟁 본격화",호재,2026-03-31 07:17,30.3,사실형,99.3
https://n.news.naver.com/mnews/article/018/0006253321?sid=105,제약/바이오,"삼천당 S-PASS 특허 발명자는 내부자 거래, 시밀러 계약엔 석상제 대표 ...","삼천당제약의 S-PASS 특허 발명자 허장산 대표가 내부자 거래 혐의로 유죄 판결을 받았고, 석상제 디오스파마 대표가 아일리아 바이오시밀러 계약에 관여한 정황이 포착되었습니다.",악재,2026-04-09 09:02,31.6,사실형,57.8
https://n.news.naver.com/mnews/article/014/0005494318?sid=101,금융/밸류업,"""삼성전자도 10조 쏜다는데""...주총 시즌 수혜주는",저 PBR 테마가 주목받을 것으로 예상된다.,호재,2026-03-19 16:22,13.4,사실형,93.1
https://n.news.naver.com/mnews/article/277/0005746994?sid=101,제약/바이오,“트럼프가 틀렸다”...美 전략 대전환 시기 올 것[경제정책 줌인],트럼프 행정부의 이란 전쟁 결정이 잘못된 결정이라는 평가가 많아 미국의 전략 대전환 시기가 올 것으로 보인다.,호재,2026-04-09 09:24,63.4,예측형,44.3
https://n.news.naver.com/mnews/article/023/0003969774?sid=101,제약/바이오,"“리포트 쓰기 겁난다”… 뜬소문에 휘청이는 K바이오株, ETF도 ‘마이너...",코스닥 대장주들은 증권사의 분석 한마디에 크게 휘청이고 있다.,악재,2026-04-09 08:47,43.8,사실형,74.7
https://n.news.naver.com/mnews/article/011/0004608790?sid=101,제약/바이오,"온코닉테라퓨틱스, 자큐보로 벌고 네수파립 키운다 “이중 구조 기대감...","온코닉테라퓨틱스, 자큐보의 판매 확대와 네수파립의 임상 데이터 공개로 실적 성장과 기업 가치 상승을 기대한다.",호재,2026-04-09 09:02,24.1,예측형,10.3
https://n.news.naver.com/mnews/article/119/0003078669?sid=103,제약/바이오,AI 기반 정밀의약 개발 '맞손'…아주대·LG 공동연구 착수,아주대와 LG가 AI 기반 정밀의약 개발을 위한 공동연구에 착수했다.,호재,2026-04-09 08:58,31.2,사실형,39.3
https://n.news.naver.com/mnews/article/014/0005494395?sid=101,금융/밸류업,3차 상법개정안 통과 후 첫 주총 시즌… ‘수혜주 찾기’ 분주,3차 상법개정안 통과로 저PBR 테마가 수혜를 받을 것으로 예상된다.,호재,2026-03-19 18:27,19.6,사실형,93.1
https://n.news.naver.com/mnews/article/277/0005739524?sid=101,금융/밸류업,"양종희 KB회장, 해외 IR 직접 챙긴다…5월 '뉴욕행'","양종희 KB회장, 5월 뉴욕행해 글로벌 투자자와 직접 소통할 예정이다.",호재,2026-03-25 06:05,19.5,사실형,74.1
https://n.news.naver.com/mnews/article/648/0000046100?sid=101,제약/바이오,"JW중외제약, 中서 비만신약 도입…위고비 대체 경쟁 '가세'",JW중외제약이 중국 간앤리 파마슈티컬스와 비만 및 당뇨병 치료제 후보물질 '보팡글루타이드'의 국내 상용화 독점적 권리를 확보하는 라이선스 계약을 체결했다.,호재,2026-04-09 08:33,43.7,사실형,28.6
https://n.news.naver.com/mnews/article/014/0005503535?sid=102,IT/반도체,"원주시, 대만 신주시와 AI 디지털헬스 협력 체계 구축",원주시가 대만 신주시와 AI 디지털헬스 협력 체계를 구축하고 글로벌 진출 기반을 다졌다.,호재,2026-04-07 09:45,13.6,예측형,42.2
https://n.news.naver.com/mnews/article/003/0013871944?sid=101,IT/반도체,"삼성전자, 올 1Q '어닝서프라이즈' 57조 영업익 비결은…""고부가 메모리...",삼성전자가 고부가 메모리 판매 확대에 힘입어 올해 1분기 영업이익이 사상 최대 '어닝서프라이즈'를 기록했다.,호재,2026-04-07 10:46,27.5,사실형,73.6
https://n.news.naver.com/mnews/article/016/0002625631?sid=101,IT/반도체,"AI 디지털헬스, 한국 원주-대만 신주, 협력한다",원주시가 대만의 AI EXPO Taiwan 2026에 참가하여 디지털헬스케어 인공지능(AI) 분야 글로벌 협력 기반을 확보했다.,호재,2026-04-07 07:50,18.7,사실형,69.3
https://n.news.naver.com/mnews/article/277/0005745282?sid=102,IT/반도체,"서울 직업교육, '로봇·AI' 중심으로 전환…""AI시대 이끌 기술 인재 육성...",서울시교육청이 로봇·AI 중심의 직업 교육을 강화해 AI·디지털 기술 인재를 육성하기로 했다.,호재,2026-04-06 08:36,17.3,사실형,45.0
https://n.news.naver.com/mnews/article/003/0013871286?sid=102,제약/바이오,"""자칫하면 실명""…황반변성 치료제 개발 불붙은 제약사",국내 제약바이오 기업들이 황반변성의 차세대 치료제를 개발하기 위해 노력하고 있다.,호재,2026-04-07 06:01,63.2,사실형,81.1
https://n.news.naver.com/mnews/article/001/0016006623?sid=105,제약/바이오,"[바이오스냅] SD바이오센서, 잠복결핵 진단 제품 글로벌펀드 조달 리스...",SD바이오센서는 글로벌 펀드 조달 리스트에 등재돼 잠복결핵 진단 제품으로서 세계 시장에서 실질적 판매 권한을 확보했다.,호재,2026-04-07 11:07,39.0,사실형,44.9
https://n.news.naver.com/mnews/article/003/0013868912?sid=102,제약/바이오,"롯데바이오로직스 ""日제약사서 항암신약 CDMO 수주""",롯데바이오로직스는 일본 제약사와 항암 신약을 위탁개발 및 생산 계약을 체결했다.,호재,2026-04-06 09:19,17.6,사실형,89.8
https://n.news.naver.com/mnews/article/015/0005271194?sid=110,IT/반도체,[사설] 미적분 몰라도 이공계 진학…AI 강국 가능한가,"미적분과 기하는 인공지능 등 첨단 과학기술의 기초이지만, 일부 학생들이 기초수학에 취약하다는 문제가 있다.",악재,2026-04-06 00:20,20.3,추론형,49.5
https://n.news.naver.com/mnews/article/421/0008874425?sid=103,제약/바이오,"삼진제약, 정부 지원 프로젝트 첨단 바이오 대표 기업 선정",삼진제약이 정부 지원 프로젝트 '월드클래스 플러스 프로젝트'에 최종 선정돼 첨단 바이오 대표 기업으로 이름을 올렸다.,호재,2026-04-07 10:21,34.9,사실형,36.3
https://n.news.naver.com/mnews/article/014/0005503042?sid=103,제약/바이오,"제약바이오협회, 중소제약·AI벤처 연결 파트너링 데이 개최",한국제약바이오협회가 중소제약사와 AI 바이오벤처를 연결하는 오픈이노베이션 협력의 장을 마련한다.,호재,2026-04-06 13:44,23.0,대화형,11.6
https://n.news.naver.com/mnews/article/366/0001154430?sid=101,제약/바이오,"전인석 대표, 삼천당제약 주식 2500억 매각 계획 철회",삼천당제약 전인석 대표가 약 2500억원 규모의 주식 매도 계획을 철회했다.,호재,2026-04-06 08:29,46.7,사실형,62.1
https://n.news.naver.com/mnews/article/011/0004607378?sid=102,IT/반도체,"“AI로 직업교육 판 바꾼다”…서울시교육청, ‘AX 특성화고’ 20개교로...",서울시교육청이 AI를 접목한 'AX 특성화고'를 20개교로 확대하여 직업교육의 표준 모델로 정착시키기로 함,호재,2026-04-06 08:43,25.3,사실형,95.1
https://n.news.naver.com/mnews/article/003/0013871663?sid=102,제약/바이오,"삼진제약, 월드클래스플러스프로젝트 선정…""R&amp;D 지원""","삼진제약이 월드클래스 플러스 프로젝트에 선정되어 연구개발(R&D)과 수출, 금융, 컨설팅 등을 지원받게 된다.",호재,2026-04-07 09:39,41.6,사실형,42.2
https://n.news.naver.com/mnews/article/277/0005744917?sid=105,IT/반도체,"국가AI전략위원회, 미스트랄 AI CEO 만나 협력 논의","국가AI전략위원회와 미스트랄 AI가 협력 논의를 진행하며, 한국의 AI 반도체 기술과 미스트랄 AI의 모델이 결합할 가능성이 높아졌다.",호재,2026-04-03 20:41,14.4,추론형,20
https://n.news.naver.com/mnews/article/417/0001137568?sid=101,IT/반도체,"[아침밥] 하나증권 ""리노공업 목표가 17만, 반도체 개발 수요 확대 수혜...",하나증권은 리노공업의 목표가를 17만 원으로 상향 조정하고 반도체 개발 수요 확대의 수혜를 예상했다.,호재,2026-04-06 08:09,22.7,사실형,80.1
https://n.news.naver.com/mnews/article/015/0005269377?sid=101,2차전지,"""15만원에 샀는데 상폐라니""…울분 토해낸 금양 주주들",금양 주식이 상폐되자 불만을 토해내는 주주들이 있다.,악재,2026-03-31 21:01,10.5,사실형,97.5
https://n.news.naver.com/mnews/article/008/0005340112?sid=101,제약/바이오,"롯데바이오로직스, 日 제약사와 항암 신약 CDMO 계약 체결",롯데바이오로직스는 일본 소재 글로벌 제약사와 항암 신약 위탁개발생산(CDMO) 수주 계약을 체결했다.,호재,2026-04-06 09:23,11.5,대화형,47.1
https://n.news.naver.com/mnews/article/011/0004607421?sid=101,제약/바이오,"롯데바이오로직스, 日 제약사와 항암 신약 CDMO 계약",롯데바이오로직스는 일본 글로벌 제약사와 항암 신약 위탁개발생산 계약을 체결했다.,호재,2026-04-06 09:45,15.8,사실형,65.4
https://n.news.naver.com/mnews/article/003/0013868862?sid=102,제약/바이오,"SK바이오 ""R&amp;D·해외경쟁력 강화""…인재영입·조직정비",SK바이오사이언스는 연구개발(R&D) 및 글로벌 경쟁력을 강화하기 위해 인재를 영입하고 연구지원 조직을 정비했다.,호재,2026-04-06 09:02,25.0,예측형,27.3
https://n.news.naver.com/mnews/article/029/0003020116?sid=105,제약/바이오,"롯데바이오로직스, 日 글로벌 제약사와 항암 신약 위탁개발 수주",롯데바이오로직스는 일본 제약사와 항암 신약 위탁개발 및 생산 계약을 체결했다.,호재,2026-04-06 10:45,9.9,사실형,59.0
https://n.news.naver.com/mnews/article/015/0005271537?sid=101,IT/반도체,"""SK하이닉스, 2029년 HBM5 출시""",SK하이닉스는 2029년 8세대 고대역폭메모리(HBM5)를 만들기 위해 하이브리드 본딩 공정 도입을 추진한다.,호재,2026-04-06 17:25,15.3,사실형,45.2
https://n.news.naver.com/mnews/article/277/0005747608?sid=105,IT/반도체,"SKT, Arm·리벨리온과 AIDC 협력…CPU·NPU 결합 AI 서버 만든다",SK텔레콤은 영국 반도체 설계기업 '암'과 국내 인공지능(AI) 반도체 스타트업 리벨리온과 함께 AI 데이터센터(AIDC) 사업 협력에 나섰다.,호재,2026-04-10 09:35,31.6,사실형,56.9
https://n.news.naver.com/mnews/article/081/0003634105?sid=101,IT/반도체,[서울데이터랩]개장 직후 인기 검색 종목 20選,"삼성전자, 개장 직후 18.29%의 검색 비율을 기록하며 많은 투자자의 관심을 받고 있다.",호재,2026-04-10 09:40,59.3,사실형,75.9
https://n.news.naver.com/mnews/article/081/0003634100?sid=101,IT/반도체,"SKT·Arm·리벨리온, ‘AI 동맹’ 결성…“추론 최적화 데이터센터 잡는...","SKT, Arm, 리벨리온이 AI 동맹을 결성하여 AI 추론 서버 설루션 개발을 위해 협력하고 있다.",호재,2026-04-10 09:35,33.9,사실형,49.1
https://n.news.naver.com/mnews/article/018/0006254436?sid=101,IT/반도체,"시지트로닉스, '우주반도체' 수혜 기대감에 상한가[특징주]","시지트로닉스는 삼성전자 우주반도체 개발 소식에 따라 상한가에 오르며, 우주 관련 기술 개발에 대한 기대감이 반영된 것으로 풀이된다.",호재,2026-04-10 09:38,43.5,사실형,94.4
https://n.news.naver.com/mnews/article/586/0000126533?sid=101,IT/반도체,"'중동 갈등 조기 안정화' 시나리오면?…""韓 경제 성장률 1.9% 전망""",아시아개발은행(ADB)이 중동 갈등 조기 안정화 시나리오에서 한국 경제 성장률을 1.9%로 전망했다.,호재,2026-04-10 09:45,23.5,사실형,56.8
https://n.news.naver.com/mnews/article/081/0003634109?sid=102,IT/반도체,"심미경 서울시의원, 한국외대 강기훈 총장과 지역 교육 혁신을 위한 ‘...",심미경 서울시의원과 한국외대 강기훈 총장이 지역 교육 혁신을 위한 협력 방안을 논의했다.,호재,2026-04-10 09:47,53.4,예측형,47.3
https://n.news.naver.com/mnews/article/215/0001248552?sid=105,IT/반도체,"SKT-Arm-리벨리온, 차세대 AI 인프라 혁신 MOU","SK텔레콤, Arm, 리벨리온이 차세대 AI 인프라 혁신을 위한 전략적 파트너십을 체결했다.",호재,2026-04-10 09:27,16.5,사실형,48.2
https://n.news.naver.com/mnews/article/014/0005505600?sid=105,IT/반도체,"SKT, 암·리벨리온과 손잡고 'CPU+NPU' AI 서버 솔루션 개발","SK텔레콤은 암과 리벨리온과 함께 AI 데이터센터 사업을 협력하고, AI 추론 성능을 높일 수 있는 솔루션을 공동 개발한다.",호재,2026-04-10 09:32,21.1,사실형,92.4
https://n.news.naver.com/mnews/article/119/0003079099?sid=101,IT/반도체,"ADB, 올해 한국 경제성장률 1.9% 전망…물가상승률 2.3%",ADB가 올해 한국 경제성장률 전망치를 1.7%에서 1.9%로 상향 조정했다.,호재,2026-04-10 09:25,18.4,사실형,56.9
https://n.news.naver.com/mnews/article/008/0005342435?sid=101,IT/반도체,"아마존, AI 칩 사업 키운다…""연매출 500억달러 가능, 유력한 리더 될 것...","앤디 재시 아마존 CEO가 AI 투자가 둔화될 것이라고 말하는 것을 반박하며, 아마존의 AI 투자가 성공적으로 진행될 것이라고 밝혔다.",호재,2026-04-10 09:34,32.7,사실형,88.0
https://n.news.naver.com/mnews/article/119/0003079096?sid=101,IT/반도체,"한투운용, '세금 줄이는 투자법' 내놨다…ISA→연금 로드맵 공개",한투운용이 ISA부터 연금계좌까지 연계한 절세 투자 가이드북을 공개했다.,호재,2026-04-10 09:24,25.3,사실형,78.6
https://n.news.naver.com/mnews/article/374/0000503567?sid=104,IT/반도체,"""앤트로픽, 자체 AI 칩 개발 검토중…아직 초기단계""","앤트로픽이 자체 AI 칩 개발을 검토하고 있지만, 아직 초기 단계로 구체적인 설계에 착수하지 않았습니다.",중립,2026-04-10 09:22,55.8,추론형,20
https://n.news.naver.com/mnews/article/001/0016008559?sid=105,제약/바이오,[바이오스냅] 스킨부스터 전용 '프리미엄 9핀 니들' 중국 등록,"휴온스메디텍의 스킨부스터 전용 주사침 '프리미엄 9핀 니들'이 중국 국가약품감독관리국(NMPA) 등록을 마쳤으며, 셀트리온은 미국 CMS 개정안에 따라 바이오시밀러 처방 확대에 유리한 내용이 포함되었다.",호재,2026-04-08 09:36,17.7,대화형,19.7
https://n.news.naver.com/mnews/article/003/0013873748?sid=102,제약/바이오,"삼천당제약, 이번엔 '핵심특허' 논란…""우리 소유"" 반박",삼천당제약이 '에스패스' 특허권 소유권 논란을 반박했다.,호재,2026-04-07 21:36,37.1,사실형,64.4
https://n.news.naver.com/mnews/article/023/0003969397?sid=105,제약/바이오,"삼천당제약, 이번엔 핵심 특허 논란... 대만기업 보유설에 “100% 자사 소...",삼천당제약이 대만 기업 서밋바이오테크가 출원한 S-PASS 특허 논란에 대해 자사 소유권을 주장했다.,호재,2026-04-07 22:15,40.1,사실형,60.1
https://n.news.naver.com/mnews/article/029/0003020518?sid=105,제약/바이오,"삼성바이오에피스, 임직원 AI 역량 강화 나선다",삼성바이오에피스는 전 임직원을 대상으로 AI 역량 강화 교육을 실시하여 바이오 제약 업종에 특화한 AI 전문가 양성을 위해 노력하고 있다.,호재,2026-04-08 10:15,20.0,사실형,85.1
https://n.news.naver.com/mnews/article/421/0008876715?sid=103,제약/바이오,"삼천당제약, 에스패스 특허권 논란 해명…""100% 자사 소유""","삼천당제약은 에스패스 특허권 논란을 해명하며, 모든 권리는 자사에 있다고 밝혔다.",호재,2026-04-08 09:39,28.2,사실형,52.6
https://n.news.naver.com/mnews/article/015/0005272228?sid=105,제약/바이오,"FDA 미팅 잡혔으니 합격?…삼천당제약, 남은 의문 [이우상의 딥바이오]","삼천당제약이 최근 불거진 각종 의혹을 해명했지만, 시장의 의구심을 해소하기에는 부족했다는 평가가 나온다.",호재,2026-04-08 07:31,52.4,사실형,43.3
https://n.news.naver.com/mnews/article/001/0016007955?sid=101,제약/바이오,"삼천당제약, '핵심 특허 대만기업 보유설'에 ""100% 자사 소유""",삼천당제약은 대만 기업인 서밋바이오테크가 보유한 에스패스 특허의 소유권을 주장했다.,호재,2026-04-07 19:49,48.8,예측형,40.9
https://n.news.naver.com/mnews/article/011/0004608325?sid=101,제약/바이오,"삼성바이오에피스, 임직원 대상 AI 교육 실시",삼성바이오에피스는 전 임직원을 대상으로 인공지능(AI) 역량 강화 교육을 실시한다.,호재,2026-04-08 08:49,17.9,사실형,69.5
https://n.news.naver.com/mnews/article/277/0005746212?sid=101,제약/바이오,"삼천당제약 ""S-PASS 특허 전적 자사 소유""…대만 기업 출원 논란 반박",삼천당제약은 대만 기업 서밋바이오테크가 명의로 출원한 S-PASS 특허에 대해 자사 소유권을 주장했다.,호재,2026-04-07 21:19,29.4,사실형,51.8
https://n.news.naver.com/mnews/article/215/0001248276?sid=101,제약/바이오,"삼성바이오에피스, 전 임직원 대상 AI 교육 실시",삼성바이오에피스가 전 임직원 대상으로 AI 역량 강화 교육을 실시해 글로벌 경쟁력 제고에 나선다.,호재,2026-04-08 09:57,17.7,사실형,76.3
https://n.news.naver.com/mnews/article/011/0004608125?sid=101,제약/바이오,[단독] 서밋바이오테크 주식 1주도 없는데…삼천당제약 “특허 100% 우리...,삼천당제약의 핵심 기술인 에스패스(S-PASS) 특허가 지분 관계도 없는 해외 기업인 서밋바이오테크에 의해 출원된 것으로 알려졌습니다.,호재,2026-04-07 17:41,40.7,예측형,35.6
https://n.news.naver.com/mnews/article/003/0013873932?sid=102,제약/바이오,"""시늉만 내는 ESG 아냐""…성과로 증명하는 제약바이오",국내 제약바이오 기업들은 국제적인 흐름에 따라 ESG 중심 활동을 펼치고있다.,호재,2026-04-08 07:01,9.3,사실형,64.3
https://n.news.naver.com/mnews/article/030/0003415680?sid=102,제약/바이오,"삼성바이오에피스, 전 임직원 AI 역량 끌어올린다",삼성바이오에피스는 전 임직원 대상으로 AI 역량 강화 교육을 실시하고 있다.,호재,2026-04-08 09:24,19.1,사실형,99.6
https://n.news.naver.com/mnews/article/119/0003078086?sid=101,제약/바이오,"삼천당제약, '핵심 특허 대만기업 보유설'에 ""사실 아냐"" 반박",삼천당제약이 대만 기업 서밋바이오테크가 보유한 에스패스 특허에 대해 사실이 아냐고 반박했다.,호재,2026-04-07 20:28,29.1,예측형,10.4
https://n.news.naver.com/mnews/article/374/0000502927?sid=101,제약/바이오,"삼천당제약, '에스패스' 특허 대만기업 보유설에 ""100% 자사 소유""",삼천당제약은 에스패스 특허 소유권은 전적으로 자사에 있다고 반박했다.,호재,2026-04-07 20:39,42.0,추론형,20
https://n.news.naver.com/mnews/article/003/0013874289?sid=101,제약/바이오,"'핵심특허' 논란까지…삼천당제약, 주가 6% 급락",삼천당제약의 주가가 대주주의 블록딜 의혹과 특허권 소유 논란으로 6% 급락했다.,호재,2026-04-08 09:50,30.5,사실형,59.9
https://n.news.naver.com/mnews/article/421/0008876472?sid=103,제약/바이오,"삼성바이오에피스, 임직원 AI 역량 강화 나선다",삼성바이오에피스는 전 임직원을 대상으로 AI 역량 강화 교육을 실시하여 글로벌 경쟁력을 높이고자 한다.,호재,2026-04-08 08:41,16.7,사실형,97.6
https://n.news.naver.com/mnews/article/008/0005341239?sid=101,제약/바이오,"삼성바이오에피스, 전사 AI 교육 실시…""바이오 특화 AI 전문가 양성""","삼성바이오에피스는 전사 차원의 AI 교육을 실시하여 임직원들의 AI 역량을 강화하고, 바이오 제약 업종에 특화한 AI 전문가 양성을 목표로 하고 있습니다.",호재,2026-04-08 08:51,19.7,사실형,93.2
https://n.news.naver.com/mnews/article/014/0005504171?sid=103,제약/바이오,"삼성바이오에피스, 전 임직원 대상 AI 교육…“글로벌 경쟁력 강화 나선...",삼성바이오에피스가 전 임직원 대상 AI 역량 강화 교육을 실시하여 글로벌 경쟁력 강화에 나선다.,호재,2026-04-08 08:23,20.4,사실형,84.5
https://n.news.naver.com/mnews/article/016/0002626249?sid=101,제약/바이오,"삼성바이오에피스, 전 임직원 AI 교육…‘바이오 AI 전문가’ 키운다","삼성바이오에피스는 전 임직원 1000여명을 대상으로 AI 교육을 실시하고, 실무형 인재 양성을 위해 AI 에이전트 개발을 추진한다.",호재,2026-04-08 08:14,19.0,사실형,75.0
https://n.news.naver.com/mnews/article/009/0005663766?sid=101,자동차/모빌리티,"친환경차 27종 대거 출시 … 기아 ""2030년 413만대 판매 목표""","기아가 2030년까지 413만대의 차량을 판매하고, 전기차 14종과 하이브리드차 13종을 출시하여 친환경차 중심의 판매 구조로 전환할 계획이다.",호재,2026-04-09 17:57,26.8,사실형,83.9
https://n.news.naver.com/mnews/article/020/0003711219?sid=101,자동차/모빌리티,"기아, 2029년 ‘도심 자율주행’ 구현… 美공장엔 ‘아틀라스’ 투입","기아는 2029년 도심 자율주행 기술을 구현하고, 아틀라스 로봇을 미국 공장에 투입할 계획이다.",호재,2026-04-10 00:31,18.5,사실형,67.8
https://n.news.naver.com/mnews/article/023/0003969935?sid=101,자동차/모빌리티,美공장에 아틀라스 투입… 기아도 로봇 기업 변신 채비,기아가 아틀라스를 투입하고 PBV와 로봇을 결합한 새로운 서비스를 선보일 예정이다.,호재,2026-04-10 00:32,23.8,사실형,92.9
https://n.news.naver.com/mnews/article/018/0006253805?sid=101,자동차/모빌리티,전장 풀라인업 꺼내든 삼성 하만…현대차·기아에 '협력 러브콜'[르포],삼성 하만이 현대차와 기아에 전기차 사운드 기술 협력을 제안했다.,호재,2026-04-09 17:02,23.5,사실형,99.7
https://n.news.naver.com/mnews/article/092/0002418167?sid=103,자동차/모빌리티,"""테슬라 잘나가니 철퇴""…전기차 보조금 개편에 수입차 불만 ↑",정부가 발표한 전기차 보조금 평가 기준이 수입차 업계에 반발하는 이유는 해당 기준이 사실상 현대차·기아에 유리하도록 설계된 것 같아 보인다.,호재,2026-04-09 18:46,36.7,사실형,70.4
https://n.news.naver.com/mnews/article/018/0006253741?sid=103,자동차/모빌리티,국산 전기차 보조금 우대가 타당한 이유[기자수첩],국산 전기차 보조금 우대는 우리나라 전기차 산업의 위기를 극복하기 위한 정책으로 보아야 한다.,호재,2026-04-09 16:15,47.0,사실형,47.7
https://n.news.naver.com/mnews/article/020/0003711155?sid=103,자동차/모빌리티,자율주행-로보틱스 양축 내건 기아 “내년 레벨2+ SDV 개발 완료”,"기아가 2029년까지 자율주행 기술을 개발하고, 미국 공장에 로봇 '아틀라스'를 투입할 계획이다.",호재,2026-04-09 16:45,18.4,사실형,63.5
https://n.news.naver.com/mnews/article/293/0000082468?sid=101,자동차/모빌리티,"기아, 생산은 '로봇' 차량은 '소프트웨어' 재편","기아가 로봇과 소프트웨어 중심 모빌리티 기업으로의 전환을 공식화하였고, 2030년까지 자율주행, 소프트웨어 정의 차량, 로보틱스 등 미래 사업에 21조원을 투자할 계획이다.",호재,2026-04-09 15:23,25.1,사실형,69.2
https://n.news.naver.com/mnews/article/079/0004134950?sid=101,자동차/모빌리티,"기아, 하이브리드로 캐즘 뚫고 로봇·자율주행으로 내일 연다","기아가 하이브리드 라인업을 13종으로 확대하고, 자율주행과 로보틱스 등 미래 먹거리에 5년간 49조 원을 투자하여 초격차 전략을 발표했다.",호재,2026-04-09 15:44,23.4,사실형,68.4
https://n.news.naver.com/mnews/article/031/0001020968?sid=101,자동차/모빌리티,"현대차그룹, 멕시코 '전동화 허브' 구축 가속⋯기아 6억 달러 투자","현대차그룹이 멕시코 '전동화 허브' 구축을 가속화하고 기아가 6억 달러를 투자하여 신규 EV 라인, 태양광 단지, 수처리 시설을 구축한다.",호재,2026-04-09 14:36,20.6,사실형,71.4
https://n.news.naver.com/mnews/article/009/0005663764?sid=103,자동차/모빌리티,"무뇨스 ""세계화는 끝났다 … 현지서 부품 조달""",현대차는 중동 전쟁으로 인한 공급망 리스크를 대응하기 위해 유럽 현지에서 자동차 부품을 생산하는 방안을 검토 중이다.,호재,2026-04-09 17:57,11.8,사실형,60.5
https://n.news.naver.com/mnews/article/023/0003969834?sid=101,자동차/모빌리티,"車 넘어 로봇 기업으로…기아, 美공장에도 아틀라스 투입한다",기아가 2029년부터 미국 조지아주 공장에 휴머노이드 로봇 '아틀라스'를 투입할 예정이다.,호재,2026-04-09 14:29,23.1,사실형,82.6
https://n.news.naver.com/mnews/article/011/0004608939?sid=101,자동차/모빌리티,"기아, 3년 후 ‘아틀라스’ 美 조지아공장 투입…5년간 49조 쏟는다","기아는 2029년 현대차그룹의 휴머노이드 로봇 '아틀라스'를 미국 조지아 공장에 투입하고, 5년간 49조 원을 투자하여 2030년 매출 170조 달성을 목표로 내년 PV7에 내연 9종 순차 출시한다.",호재,2026-04-09 14:13,18.3,사실형,89.2
https://n.news.naver.com/mnews/article/021/0002783486?sid=101,자동차/모빌리티,"현대차그룹, 작년 R&amp;D 9조원 투입… 차세대 AI·자율주행 기술개발 ‘가...",현대차그룹은 작년 R&amp;D 비용 9조원을 투입하며 차세대 AI·자율주행 기술 개발에 재원을 적극 투입하고 있다.,호재,2026-04-09 11:50,25.2,사실형,91.1
https://n.news.naver.com/mnews/article/016/0002627162?sid=101,자동차/모빌리티,"무뇨스 현대차 CEO, 유럽 현지 생산 늘린다","현대차 CEO 무뇨스는 유럽 현지 생산을 늘리기로 결정했으며, 공급망 재편의 불가피성을 강조했다.",호재,2026-04-09 11:27,18.2,사실형,61.6
https://n.news.naver.com/mnews/article/293/0000082448?sid=101,자동차/모빌리티,"김성환 기후부 장관, '전기차 보급평가' 사과...항목 수정 불가피","김성환 기후부 장관이 전기차 보급평가 사과, 평가 항목 수정해야 함",호재,2026-04-09 10:54,33.1,사실형,84.0
https://n.news.naver.com/mnews/article/016/0002627633?sid=104,IT/반도체,"앤트로픽, 자체 AI 칩 개발 검토 중","앤트로픽이 자체 AI 칩 개발을 검토중인 것으로 보도되며, 이는 반도체 품귀 현상에 대응하고 더 발전된 AI 시스템을 구축하려는 조치로 해석된다.",호재,2026-04-10 09:54,33.3,사실형,94.0
https://n.news.naver.com/mnews/article/015/0005273682?sid=105,IT/반도체,"""한바퀴 돌렸는데 이게 돼?""…SNS 터진 '갤S26 대박 기능' [테크로그]",갤럭시S26 시리즈 카메라의 '수평 고정 슈퍼 스테디' 기능이 출시 후 사회관계망서비스(SNS)에서 화제를 이어가고 있다.,호재,2026-04-11 12:35,16.3,사실형,65.7
https://n.news.naver.com/mnews/article/015/0005272746?sid=103,자동차/모빌리티,"""줄 너무 길어 깜짝 놀랐다""…테슬라 신차 '대박 조짐'","테슬라가 국내에 본격 출시한 '모델Y L'은 기존 모델Y보다 길고 높아져, 패밀리카 시장에 큰 영향을 미칠 것으로 예상된다.",호재,2026-04-09 06:31,22.9,사실형,66.6
https://m.entertain.naver.com/article/437/0000483455,엔터/미디어,"베이비돈크라이, 2026년 첫 컴백이 기대되는 이유","아이유, 성시경, 박효신 등 국가 대표 보컬리스트와 아이브, 에스파, 있지 등 K팝 아이콘 아이돌이 함께하는 '베이비돈크라이'가 2026년 첫 컴백을 기대되고 있습니다.",호재,2026-03-18 14:59,92.2,사실형,99.0
https://n.news.naver.com/mnews/article/366/0001155184?sid=101,자동차/모빌리티,[당신의 생각은] 수입 전기차는 보조금 받기 어려운 규정 도입에 소비자...,정부가 전기차 구매 보조금 지급 기준을 개정해 수입차 보조금이 끊길 가능성이 높아졌다.,악재,2026-04-08 14:00,30.5,사실형,69.9
https://n.news.naver.com/mnews/article/028/0002799583?sid=101,자동차/모빌리티,유가 고공행진에 전기차 살까…시장조사기관 “글로벌 시장 회복기”,"전기차 판매량이 2.3배 증가한 것으로 나타났으며, 보조금 제도 개편이 주요 이유로 꼽혔다.",호재,2026-04-07 16:24,32.8,사실형,85.6
https://n.news.naver.com/mnews/article/018/0006252847?sid=101,자동차/모빌리티,로보택시 시장 뜬다…SK온 NCM 배터리 수혜 기대감,SK온이 현대차그룹의 로보택시 사업에 힘입어 수혜를 볼 것으로 기대되고 있다.,호재,2026-04-08 14:00,19.5,사실형,55.9
https://n.news.naver.com/mnews/article/293/0000082367?sid=101,자동차/모빌리티,"[EV대세]① '보조금 170만원' 테슬라 모델Y, 1분기 시장 선두",테슬라 모델Y RWD가 1분기 국내 전기차 판매 시장 1위를 차지했다.,호재,2026-04-08 09:48,31.9,사실형,63.1
https://n.news.naver.com/mnews/article/119/0003078220?sid=101,자동차/모빌리티,[중동 퍼펙트스톰-산업] 고환율의 두 얼굴…불안감 커지는 '수출 기둥' ...,고환율로 인한 불안감이 자동차 업계에 짙어지면서 원가 상승과 수요 감소의 위험이 우려된다.,악재,2026-04-08 10:01,20.1,사실형,66.9
https://n.news.naver.com/mnews/article/417/0001137945?sid=101,자동차/모빌리티,"중동 리스크에 전기차 판매 반등, 금호석화 합성고무 경쟁력 주목",중동 리스크로 전기차 판매가 반등하고 금호석화의 합성고무 경쟁력이 주목받고 있다.,호재,2026-04-08 06:10,31.7,사실형,81.3
https://n.news.naver.com/mnews/article/018/0006252414?sid=101,자동차/모빌리티,내연·하이브리드·전기차 ‘전천후’…트럼프 변수에도 홀로 웃은 현대...,"현대차는 내연기관·하이브리드·전기차를 아우르는 포트폴리오를 기반으로 대응을 이어가고 있으며, 환경 급변에도 실적이 안정적이다.",호재,2026-04-08 06:09,40.1,사실형,80.3
https://n.news.naver.com/mnews/article/009/0005662609?sid=103,자동차/모빌리티,중국산? 뭐 어때…‘한국 1위’ 테슬라에 굴욕? 진짜 돈 되는 車는 BMW 몫...,"테슬라가 올 1분기 국내 수입차 시장에서 1위를 차지했으며, BMW와 벤츠에 굴욕을 안겨주었다.",호재,2026-04-08 07:11,23.6,사실형,82.3
https://n.news.naver.com/mnews/article/018/0006252513?sid=105,자동차/모빌리티,"티맵 오토, 탑재 차량 100만 대 돌파…통합 인포테인먼트 전략 성과","티맵 오토가 탑재 차량 100만 대를 돌파하며, 통합 인포테인먼트 전략의 성공을 거두었다.",호재,2026-04-08 08:36,11.8,사실형,93.3
https://n.news.naver.com/mnews/article/008/0005341190?sid=101,자동차/모빌리티,"""차박하려면 큰 차 필요"" 판매량 3배 뛰었다...픽업트럭 경쟁 치열","픽업트럭 시장은 무쏘와 타스만의 출시로 경쟁 구도가 형성되었고, 레저 활동 증가와 차박 수요 증가로 성장세가 이어질 것으로 예상됩니다.",호재,2026-04-08 05:30,28.4,사실형,65.0
https://n.news.naver.com/mnews/article/293/0000082289?sid=101,자동차/모빌리티,기후부 '전기차 보급사업 수행자 평가' 테슬라 불리하나,기후부가 제시한 전기차 보급사업 수행자 평가 기준이 국내 완성차 업체들에게 유리한 보조금을 부여할 가능성이 높아 논란이 되고 있다.,호재,2026-04-07 09:58,44.3,사실형,63.4
https://n.news.naver.com/mnews/article/008/0005340602?sid=101,자동차/모빌리티,유럽 질주하는 '車이나'… 韓 '소형전기차'로 제친다,유럽 자동차 시장에서 중국산 차량의 점유율이 가파르게 상승하며 한국산 차량을 압박하고 있다.,호재,2026-04-07 04:15,22.7,사실형,69.1
https://n.news.naver.com/mnews/article/008/0005340593?sid=101,자동차/모빌리티,車보다 社 본다,전기차 보조금 기준 개편은 질적 성장 방향으로 정책을 재설계했다는 평가를 받고 있다.,호재,2026-04-07 04:07,15.9,사실형,66.0
https://n.news.naver.com/mnews/article/015/0005271748?sid=101,자동차/모빌리티,"Today's Pick : ""삼성전자, 세계 1위 영업이익 가시권"" [마켓PRO]","삼성전자, 세계 1위 영업이익 가시권으로 전망, 목표주가 36만원으로 상향조정",호재,2026-04-07 08:30,6.6,대화형,35.3
https://n.news.naver.com/mnews/article/018/0006251575?sid=103,자동차/모빌리티,"다목적차량 시장 커진다…""전기·프리미엄 등 경쟁 본격화""","다목적차량 시장은 전기차 전환과 함께 빠르게 확대되고 있으며, 기아와 현대차가 새로운 경쟁을 시작한다.",호재,2026-04-07 06:01,34.0,사실형,57.2
https://n.news.naver.com/mnews/article/003/0013879416?sid=105,IT/반도체,"SKT·Arm·리벨리온, AIDC 맞손…CPU·NPU 합친 AI 서버 만든다","SK텔레콤과 Arm, 리벨리온이 차세대 AI 인프라 혁신을 위한 전략적 파트너십을 체결했다.",호재,2026-04-10 09:09,28.7,추론형,39.2
https://n.news.naver.com/mnews/article/001/0016013483?sid=105,IT/반도체,[AI픽] SKT·Arm·리벨리온 AIDC 협력…추론 최적화 인프라 구축,"SKT, Arm, 리벨리온이 AI 데이터센터 협력에 나서며 추론 최적화 인프라를 구축한다.",호재,2026-04-10 09:08,30.5,추론형,46.3
https://n.news.naver.com/mnews/article/092/0002418193?sid=105,IT/반도체,국제정세 요동에도 채용 훈풍...반도체·조선·뷰티 큰 폭 성장,"국제정세 요동에도 채용 훈풍이 이어지며 반도체, 조선, 뷰티 업종이 큰 폭으로 성장하고 있다.",호재,2026-04-10 09:07,14.8,사실형,45.5
https://n.news.naver.com/mnews/article/003/0013882259?sid=101,자동차/모빌리티,"국내 전기차 등록 100만대 눈앞…현대차, 35% 점유로 '1위'",현대차가 국내 전기차 등록 100만대 근처를 달성할 것으로 기대되고 있다.,호재,2026-04-12 13:00,21.3,사실형,73.6
https://n.news.naver.com/mnews/article/009/0005664562?sid=103,자동차/모빌리티,"중국 전기차, ‘이 나라’에선 턱도 없네…20위권에도 못들었다는데","중국 전기차 브랜드들은 독일 시장에서 부진한 성과를 내고 있으며, 브랜드 인지도도 낮은 수준에 머물렀다.",악재,2026-04-12 10:27,30.7,사실형,88.1
https://n.news.naver.com/mnews/article/005/0001842752?sid=101,자동차/모빌리티,최대 판매량 신기록 찍자마자 가격 ‘기습’ 인상한 테슬라,테슬라가 국내 전기차 시장에서 최대 판매량 신기록을 찍은 후 가격을 기습 인상했다.,호재,2026-04-13 00:16,17.6,사실형,81.5
https://n.news.naver.com/mnews/article/015/0005273751?sid=103,자동차/모빌리티,중국차 유럽 휩쓴다더니…'최대 시장' 독일선 20위권 밖 굴욕,중국 완성차 브랜드들은 독일에서 판매량 20위 권 밖으로 밀려 반면 현대차는 9위로 약진했다.,호재,2026-04-12 10:24,49.5,사실형,80.2
https://n.news.naver.com/mnews/article/001/0016016190?sid=101,자동차/모빌리티,'車원조국' 독일서 맥 못 추는 중국…1분기 판매 모두 20위권밖,중국 완성차 브랜드들은 독일에서 판매량이 모두 20위권 밖으로 밀리며 인지도도 낮았다.,악재,2026-04-12 09:07,52.9,사실형,89.5
https://n.news.naver.com/mnews/article/008/0005342205?sid=101,자동차/모빌리티,"기아, 49조 투자 중 43%가 '미래사업'..""美공장에 '아틀라스' 투입""",기아는 2026~2030년까지 총 49조원을 투자하여 글로벌 완성차 점유율 4.5% 달성과 기술력 제고를 위해 전동화·자율주행·로보틱스 등 미래사업 경쟁력을 끌어올리기 위한 21조원을 배정한다.,호재,2026-04-09 16:50,24.6,알 수 없음,0.0
https://n.news.naver.com/mnews/article/009/0005664635?sid=103,자동차/모빌리티,"""충전비까지 두둑하게""… 완성차 가격 '고유가 세일'",전기차 전환을 유도하기 위해 현대차가 4월에도 다양한 프로모션을 진행한다.,호재,2026-04-12 16:06,10.1,사실형,78.0
https://n.news.naver.com/mnews/article/023/0003970331?sid=101,제약/바이오,"삼천당제약 논란에...금감원, 난해한 제약·바이오 공시 손 본다","금감원, 제약·바이오 공시 내용이 복잡하여 이해하기 어려움을 이유로 난해한 공시를 조사한다.",호재,2026-04-12 12:33,15.0,사실형,41.8
https://n.news.naver.com/mnews/article/022/0004120133?sid=101,제약/바이오,"호재 뻥튀기 막는다…당국, 제약·바이오 ‘쉬운 공시’ 가이드라인 낸...",금융감독원이 제약·바이오 기업의 공시를 투자자 눈높이에 맞춰 개편한다.,호재,2026-04-12 12:04,8.2,사실형,58.0
https://n.news.naver.com/mnews/article/018/0006255479?sid=101,제약/바이오,'제2의 삼천당제약' 막을까…'깜깜이' 바이오 공시 전면 손질,'제2의 삼천당제약' 막을까…'깜깜이' 바이오 공시 전면 손질한다.,호재,2026-04-12 12:03,21.9,사실형,49.9
https://n.news.naver.com/mnews/article/008/0005342989?sid=101,제약/바이오,"""신약개발 했다더니"" 주가 반토막…금감원, 공시 뜯어고친다",금감원은 제약·바이오 업종의 공시를 일반투자자가 쉽게 이해할 수 있도록 개선하기 위해 태스크포스를 구성했다.,호재,2026-04-12 12:00,19.9,사실형,65.5
https://n.news.naver.com/mnews/article/025/0003515550?sid=101,제약/바이오,"알약 하나면 살 쭉쭉…먹는 비만약 시대, K제약 차별화 전략은","비만약 시장이 경쟁적으로 진화하고 있는 가운데, 노보노디스크와 일라이릴리가 출시한 경구용 비만약 제품들이 차별화된 전략으로 국내 시장에 진출할 예정이다.",호재,2026-04-12 10:14,39.8,예측형,27.8
https://n.news.naver.com/mnews/article/032/0003439276?sid=101,제약/바이오,제 2의 삼천당제약 막나…제약·바이오 공시 개선 “합리적 판단 저해요...,금융감독원은 제약·바이오 업종의 정보 비대칭 문제를 해결하기 위해 공시 제도를 개선할 계획이다.,호재,2026-04-12 12:00,32.1,사실형,69.3
https://n.news.naver.com/mnews/article/293/0000082598?sid=101,제약/바이오,"[어바웃 C] SK바사, 백신통 영입…'개발 실행력' 병목 해소 카드","SK바사, 백신통 영입하여 연구개발 프로젝트 관리 능력을 강화하고 개발 진행 속도와 완성도를 높일 계획입니다.",호재,2026-04-12 12:00,16.5,사실형,50.2
https://n.news.naver.com/mnews/article/366/0001156146?sid=101,제약/바이오,"[단독] 동원산업, 바이오사업 진출 모색…‘참치’서 고기능 바이오 원...",동원산업은 참치 부산물에서 기능성 원료를 추출해 건강기능식품과 의약품으로 개발하는 사업을 추진 중이다.,호재,2026-04-12 06:01,63.9,사실형,90.9
https://n.news.naver.com/mnews/article/003/0013881995?sid=102,제약/바이오,"""알고보면 돈 된다""…희귀의약품 도전하는 토종기업들","희귀의약품 시장이 성장하고 있는 가운데, 한미약품, GC녹십자, 지씨셀 등 기업들이 희약품 개발에 뛰어들고 있으며 정부도 지원에 나서고 있다.",호재,2026-04-12 08:01,64.6,사실형,68.7
https://n.news.naver.com/mnews/article/011/0004609707?sid=105,제약/바이오,"“의약품 사재기 막아라”…제약사들, 중동사태에 과잉주문 제한",제약사들이 중동 전쟁의 여파로 의약품 사재기를 막기 위해 과잉주문을 제한하는 조치를 취한다.,호재,2026-04-12 10:03,35.0,사실형,59.3
https://n.news.naver.com/mnews/article/469/0000924894?sid=103,제약/바이오,"BTS 키운 K팝처럼… K바이오, 스타 신약 만들 시스템 갖춰라",K바이오는 신약 시장의 최신 동향을 전하고 국내 업계가 변화에 대처하고 기회를 창출할 수 있는 생존 전략을 제시하는 책이다.,호재,2026-04-12 10:00,39.1,예측형,41.9
https://n.news.naver.com/mnews/article/119/0003079617?sid=101,제약/바이오,"반토막 삼천당제약에 개미 '피눈물'…금감원, 제약·바이오 공시 개선 ...","금감원은 제약·바이오 공시를 개선하기 위해 태스크포스를 구성하고, 향후 3개월 동안 시장 및 전문가 의견을 수렴할 예정입니다.",중립,2026-04-12 12:01,14.3,사실형,83.9
https://n.news.naver.com/mnews/article/009/0005661345?sid=101,IT/반도체,"“젠슨 황도 거액 투자했다던데”…서학개미들, 반도체 줄이고 담는 업...",AI 관련 투자자들은 광통신을 반도체 다음으로 주도 업종으로 꼽았다.,호재,2026-04-06 06:19,20.2,사실형,87.1
https://n.news.naver.com/mnews/article/123/0002380780?sid=101,IT/반도체,"삼성, '12조 상속세' 이달 완납...반도체·AI 중심 ‘뉴삼성’ 본격화",삼성은 상속세를 완납하고 미래사업 투자와 사업재편에 속도를 붙일 전망이다.,호재,2026-04-05 08:41,31.2,대화형,49.1
https://n.news.naver.com/mnews/article/022/0004118314?sid=101,IT/반도체,삼성가 '12조 상속세' 이달 마침표…반도체·AI 투자 속도 낼까,삼성은 상속세 부담과 지배구조 정비를 해결하고 미래 사업 투자에 속도를 낼 수 있을 것으로 전망된다.,호재,2026-04-05 11:19,28.7,대화형,19.8
https://n.news.naver.com/mnews/article/003/0013866598?sid=101,IT/반도체,"정부, 프랑스와 핵심광물·반도체 협력하기로…의향서 체결",정부와 프랑스가 핵심광물 및 반도체 협력에 대한 의향서를 체결했다.,호재,2026-04-03 18:09,10.4,사실형,49.5
https://n.news.naver.com/mnews/article/001/0016000901?sid=100,IT/반도체,"韓佛, 핵심광물·원전·AI 협력 강화…해상풍력사업도 함께 추진","韓佛와의 협력 강화, 핵심광물·원전·AI 분야에서 공동 연구와 산업 협력 추진",호재,2026-04-03 12:54,17.9,사실형,64.9
https://n.news.naver.com/mnews/article/028/0002799327?sid=102,IT/반도체,"AI발 구조조정, ‘숙련 사다리’ 끊긴다…“신입 뽑아도 시킬 일 없어”",AI가 구조조정을 촉진해 청년층뿐만 아니라 주요 기업의 하도급 직원까지 영향을 받는 사태가 벌어지고 있다.,악재,2026-04-06 05:02,36.8,사실형,94.6
https://n.news.naver.com/mnews/article/030/0003414641?sid=105,IT/반도체,"국가AI전략위, 佛 미스트랄AI 만나 'AI 풀스택' 협력 모색",국가AI전략위는 미스트랄AI와 'AI 풀스택' 협력에 대해 협의하고 있다.,호재,2026-04-05 10:57,23.6,대화형,14.2
https://n.news.naver.com/mnews/article/001/0016004163?sid=105,IT/반도체,"부경대 연구팀, 생성형 AI로 차세대 반도체 물질 후보 발굴",국내 연구진이 생성형 AI를 활용해 차세대 반도체 메모리 신소재 후보인 인화칼슘(Ca3P2)과 리튬카드뮴인화물(LiCdP)을 발굴했다.,호재,2026-04-06 10:04,58.7,사실형,36.8
https://n.news.naver.com/mnews/article/011/0004607840?sid=101,IT/반도체,"분기 50조 벽 깬 韓 최초 기업…삼성전자, AI 반도체로 새 역사","삼성전자, 분기 영업이익 50조 원을 돌파하며 사상 최초의 기록을 세웠다.",호재,2026-04-07 08:14,45.1,사실형,74.9
https://n.news.naver.com/mnews/article/009/0005662107?sid=102,IT/반도체,"법무법인 세종, ‘AI·디지털 경쟁법팀’ 출범",법무법인 세종이 AI·디지털 경쟁법팀을 출범하여 경쟁법 이슈에 대응한다.,호재,2026-04-07 10:53,7.7,대화형,36.1
https://n.news.naver.com/mnews/article/030/0003415272?sid=105,IT/반도체,"롯데이노베이트, 모빌린트와 피지컬 AI에 NPU 적용 협력",롯데이노베이트와 모빌린트는 피지컬 AI 분야에 NPU를 적용하기 위한 업무협약을 체결했다.,호재,2026-04-07 09:17,23.7,사실형,44.6
https://n.news.naver.com/mnews/article/014/0005503278?sid=101,IT/반도체,"건설연, 반도체·AI·SMR 인프라 기술 혁신 본격화",건설연은 국가전략산업을 뒷받침할 인프라 기술 혁신 방향을 제시했다.,호재,2026-04-06 17:18,28.7,사실형,77.1
https://n.news.naver.com/mnews/article/018/0006251729?sid=105,IT/반도체,모빌린트-롯데이노베이트 ‘NPU 동맹’…스마트 인프라·피지컬 AI 가속,"모빌린트와 롯데이노베이트가 NPU 기반 스마트 인프라 고도화를 위해 손잡고, 엣지 AI 기술을 휴머노이드 등 차세대 디바이스에 적용할 예정이다.",호재,2026-04-07 09:20,18.4,사실형,57.3
https://n.news.naver.com/mnews/article/001/0016005826?sid=105,IT/반도체,"[AI픽] 국가AI전략위, 대구·울산서 'AI 행동계획' 현장 소통",국가AI전략위원회가 'AI 행동계획'의 핵심 과제인 권역별 AI 전환(AX) 혁신거점 조성을 위한 현장 행보를 본격화했다.,호재,2026-04-06 18:15,42.5,사실형,31.7
https://n.news.naver.com/mnews/article/052/0002339821?sid=104,방산/우주항공,"""사우디, 한국 천궁Ⅱ 조기인도 타진...UAE도 추가 요격미사일 요청""","사우디아라비아와 UAE가 한국의 중거리 지대공 유도무기 체계인 천궁Ⅱ를 조기 인도에 타진하고, 대체 무기 확보를 위해 다양한 수단을 검토하고 있습니다.",호재,2026-04-13 04:58,31.5,추론형,0.0
https://n.news.naver.com/mnews/article/023/0003970475?sid=104,방산/우주항공,"“천궁Ⅱ 좀 빨리”...사우디·UAE, 韓에 방공무기 요청","사우디와 UAE가 한국에 방공무기 요청, 미국 중심의 무기 조달 구조에서 벗어나 한국과 우크라이나, 영국 등으로 공급선을 넓히고 있다.",호재,2026-04-13 09:07,15.5,사실형,92.3
https://n.news.naver.com/mnews/article/243/0000092623?sid=101,금융/밸류업,역대급 증시 랠리…4대 금융지주 주가도 ‘훨훨’,"코스피가 5000선을 돌파한 가운데, 국내 4대 금융의 주가도 역대 최고가를 쓰고 있다.",호재,2026-02-06 07:02,70.3,사실형,93.8
https://n.news.naver.com/mnews/article/215/0001240928?sid=101,금융/밸류업,"'검은 금요일' 와중에 치솟은 7% '불기둥'…""겹호재에 날았다""",KB금융이 '겹호재'에 힘입어 7% 급등해 52주 신고가를 경신했다.,호재,2026-02-07 01:07,55.0,사실형,74.1
https://n.news.naver.com/mnews/article/009/0005636071?sid=101,금융/밸류업,"""지금은 수익 방어 필요 … 韓금융주 투자할때""","토포 회장은 현재 시장은 포모에 의해 지배되고 있으며, 일부 자산은 너무 비싸다고 지적하며 방어적인 투자 기조를 권고했다.",악재,2026-02-11 17:15,37.3,사실형,98.0
https://n.news.naver.com/mnews/article/138/0002216849?sid=101,금융/밸류업,"‘18조 순익’ 4대금융, 주주환원 박차… 주가도 훨훨",4대금융지주가 역대급 주주환원에 나선다.,호재,2026-02-02 15:45,37.8,사실형,74.2
https://n.news.naver.com/mnews/article/374/0000503882?sid=104,방산/우주항공,"중동의 다급한 구애…""사우디, 천궁-II 조기 인도 타진""",사우디아라비아가 한국의 중거리 지대공 유도무기 체계 천궁Ⅱ의 인도 일정을 앞당길 수 있는지 타진했다.,호재,2026-04-13 04:40,34.1,추론형,0.0
https://n.news.naver.com/mnews/article/469/0000925015?sid=110,방산/우주항공,1차 오일쇼크로 바라본 이란의 회색지대 전술 [남성욱의 동북아 포커스...,이란의 핵무기 개발이 원유 수출에 미치는 영향과 파급 효과를 분석한다.,호재,2026-04-13 04:30,29.3,사실형,79.1
https://n.news.naver.com/mnews/article/001/0016017014?sid=104,방산/우주항공,"""사우디, 韓천궁Ⅱ 조기인도 타진…UAE도 추가 요격미사일 요청""",사우디아라비아와 UAE가 한국의 중거리 지대공 유도무기 체계인 '천궁-Ⅱ'를 조기 인도 타진하고 추가 요격미사일을 요청했다.,호재,2026-04-13 02:29,17.4,사실형,92.5
https://n.news.naver.com/mnews/article/293/0000082594?sid=101,방산/우주항공,"풍산, '방산수출 확대' 신용등급 AA- 상향",풍산의 신용등급이 AA-로 상향 조정됐다. 방위산업 수출 확대와 우수한 재무적 안정성으로 인한 것이다.,호재,2026-04-12 09:00,33.7,사실형,72.4
https://n.news.naver.com/mnews/article/374/0000503886?sid=104,방산/우주항공,[글로벌 비즈 브리핑] '중동 쇼크' 원유 확보 비상…현물시장선 '물량 쟁...,'중동 쇼크'로 글로벌 원유 시장에서 즉시 인도 가능한 물량을 둘러싼 각국의 '쟁탈전'이 벌어지고 있습니다.,호재,2026-04-13 04:55,54.2,추론형,2.4
https://n.news.naver.com/mnews/article/658/0000140793?sid=101,방산/우주항공,핀란드에 9400억원 규모 K9 자주포 추가 도입,핀란드는 K9 자주포를 추가로 도입하여 NATO 내에서 세 번째로 200문 이상 K9 자주포를 운용하는 국가가 될 예정이다.,호재,2026-04-12 14:21,24.1,사실형,79.9
https://n.news.naver.com/mnews/article/056/0012160721?sid=104,방산/우주항공,"“사우디, 한국에 천궁Ⅱ 조기 인도 타진…걸프국들, 공급선 다변화”","중동 국가들이 미국에 의존한 무기 조달구조에서 벗어나 한국, 영국, 우크라이나 등으로 눈을 돌리고 있다.",호재,2026-04-13 03:15,34.8,추론형,0.0
https://n.news.naver.com/mnews/article/001/0016017191?sid=101,자동차/모빌리티,"정의선 ""로보틱스·AI는 성장 핵심축…美에 260억달러 투자""","정의선 회장은 로보틱스와 인공지능(AI)을 그룹 미래 성장의 핵심축으로 강조하며, 미국에 260억달러를 투자할 계획을 밝혔다.",호재,2026-04-13 08:51,21.3,사실형,96.5
https://n.news.naver.com/mnews/article/011/0004609896?sid=101,자동차/모빌리티,"“4명 손쓸 일, 1명이서 해결”… 제조혁신 이끄는 ‘이 기술’",기아가 디지털 트윈 기술을 도입한 후 설비 유지 보수에 드는 노동량을 연간 3750시간 절감했다.,호재,2026-04-13 05:31,14.0,사실형,76.6
https://n.news.naver.com/mnews/article/374/0000474467?sid=101,엔터/미디어,[투자 노하우] 하이브 3분기 매출 7272억원…'역대 분기 중 최고',하이브가 3분기 매출 7272억원으로 역대 최고 분기 매출을 기록했지만 영업 손실을 냈다.,호재,2025-11-12 16:55,28.0,추론형,0.0
https://n.news.naver.com/mnews/article/629/0000210308?sid=101,엔터/미디어,[엔터Biz] 中한한령 해제 기대감에 꿈틀대는 'K팝 관련주',K팝 가수들이 8년만에 중국에서 공연할 수 있는 기대감에 가요기획사 주가가 상승하고 있다.,호재,2023-04-07 00:01,64.0,사실형,64.5
https://n.news.naver.com/mnews/article/008/0002899643?sid=101,엔터/미디어,JYP 쓴돈 116억? 싸이는 뮤비 하나로…,싸이의 '강남스타일' 뮤직비디오가 유튜브에서 4300만 조회수를 돌파하여 해외에서의 뜨거운 관심을 끌고 있다.,호재,2012-08-24 09:53,76.3,사실형,43.5
https://n.news.naver.com/mnews/article/008/0005028886?sid=101,엔터/미디어,하이브 '멀티레이블'이 독 됐나…하루만에 시총 7500억 증발한 이유,"하이브 주가는 민희진 어도어 대표와의 갈등으로 급락, 하루만에 시총 7500억원 증발했다.",악재,2024-04-22 21:01,58.6,사실형,50.7
https://n.news.naver.com/mnews/article/001/0015063420?sid=101,엔터/미디어,[살까팔까] 트럼프도 못 막는 K팝…엔터株 이달 들어 시총 2조 '쑥',K팝의 인기로 엔터테인먼트株 시총이 2조원 이상 증가했다.,호재,2024-11-24 08:20,23.9,사실형,93.5
https://n.news.naver.com/mnews/article/374/0000502227?sid=101,IT/반도체,"美 AI전력 인프라 액티브 등 ETF 4종, 7일 신규상장",한국거래소는 7일 신규상장하는 ETF 4종에 대한 정보를 발표했습니다.,호재,2026-04-03 17:09,59.0,추론형,49.8
https://n.news.naver.com/mnews/article/011/0004606852?sid=101,2차전지,"유니드, 2차전지 스타트업 리베스트에 100억원 추가 투자",유니드는 2차전지 스타트업 리베스트에 100억원 추가 투자하여 사업 포트폴리오 확장과 미래 성장 동력 확보를 위한 전략적 결정이다.,호재,2026-04-03 14:55,32.8,사실형,73.1
https://n.news.naver.com/mnews/article/014/0005501929?sid=101,2차전지,“전쟁 덕분에...”봄바람 난 이차전지ETF,전쟁 덕분에 이차전지 ETF가 평균 20% 이상 상승했다.,호재,2026-04-02 22:28,27.3,사실형,91.6
https://n.news.naver.com/mnews/article/015/0005269819?sid=101,2차전지,"현대차·기아, 고성능 배터리 개발…中과 격차 더 벌린다",현대차그룹은 프리미엄 전기차 시장에서 우위를 점하기 위해 고성능 배터리 '울트라 하이니켈'을 개발 중이다.,호재,2026-04-01 17:42,23.0,사실형,73.0
https://n.news.naver.com/mnews/article/015/0005269784?sid=101,2차전지,"2차전지 소재社 코스모화학, 리튬인산철 배터리 특허",코스모화학은 리튬인산철 배터리의 원료로 사용되는 인산철 제조 방법에 대한 특허를 등록했다.,호재,2026-04-01 17:31,13.1,사실형,57.7
https://n.news.naver.com/mnews/article/015/0005269564?sid=101,2차전지,"코스모화학, 리튬인산철 배터리 원료 제조방법 특허 획득","코스모화학은 리튬인산철(LFP) 배터리의 원료인 인산철 제조방법에 대한 특허를 등록하였으며, 이를 통해 자원 효율성을 높이고 원가 경쟁력을 확보할 계획이다.",호재,2026-04-01 11:06,13.0,사실형,51.7
https://n.news.naver.com/mnews/article/015/0005270097?sid=101,2차전지,"한솔로지스틱스, 배터리 공급망 재편 대응…북미 물류사업 확대",한솔로지스틱스가 글로벌 공급망 재편 흐름에 대응해 북미 물류사업 확대에 나서는 중이다.,호재,2026-04-02 10:56,7.8,사실형,71.6
https://n.news.naver.com/mnews/article/018/0006246604?sid=101,2차전지,중동전쟁으로 화석연료 공급우려에 ESS 훈풍까지...K-배터리 '역주행',중동 전쟁으로 화석연료 공급 우려가 높아지면서 에너지 저장 장치(Ess) 시장이 폭발적으로 성장하고 K-배터리의 수혜 기대감이 높아지고 있다.,호재,2026-03-31 16:46,13.3,사실형,91.7
https://n.news.naver.com/mnews/article/421/0008857973?sid=101,2차전지,"""석유 불안, 배터리 재평가""…2차전지株, '나홀로 질주' [핫종목]",2차전지 관련주들은 에너지 안보의 핵심축으로 떠오르며 강세를 보이고 있다.,호재,2026-03-30 15:21,20.0,사실형,84.2
https://n.news.naver.com/mnews/article/016/0002621913?sid=101,2차전지,전쟁에도 뛴 이차전지 ETF…“테슬라 등 ESS 수요 확대” [투자360],중동 전쟁에도 이차전지 ETF가 상승세를 구가하고 있다. LG엔솔과 삼성SDI의 ESS 수요 확대가 주因이다.,호재,2026-03-31 07:50,14.6,사실형,94.4
https://n.news.naver.com/mnews/article/015/0005270036?sid=101,2차전지,테슬라 유럽 판매량 반등에…2차전지주 동반강세,"테슬라 유럽 판매량 반등에 따라 2차전지 관련 종목들이 강세를 보이며, 국내 2차전지주들의 투자심리가 개선되고 있다.",호재,2026-04-02 09:30,29.4,사실형,72.5
https://n.news.naver.com/mnews/article/021/0002779805?sid=101,2차전지,"포스코퓨처엠·금호석화·BEI, 무음극 리튬메탈 배터리 개발협력","포스코퓨처엠, 금호석유화학, BEI와 함께 무음극 리튬메탈 배터리 기술을 공동 개발한다.",호재,2026-03-25 16:09,15.4,사실형,70.3
https://n.news.naver.com/mnews/article/016/0002620114?sid=102,2차전지,“2차전지 특화단지 광양만권 전기차 공장 유치돼야”,광양만권이 이차전지 특화단지로 지정되면 전기자동차 공장을 유치할 수 있는 기회가 열릴 것이라고 전문가들은 주장했다.,호재,2026-03-26 16:04,39.1,사실형,80.1
https://n.news.naver.com/mnews/article/018/0006246057?sid=101,2차전지,유가급등에 ESS까지 호재 2차전지 소재주 급등세…대형주는 차익실현[특...,2차전지 소재주가 급등세를 보이며 ESS 수요 확대 기대감에 따라 리튬·수산화리튬 관련 소재주는 상승폭이 두드러지며 대형 배터리주는 약세를 보인다.,호재,2026-03-31 09:25,53.7,사실형,94.7
https://n.news.naver.com/mnews/article/011/0004602789?sid=101,2차전지,ESS 성장세에 탈중국 기대감까지…2차전지株 ‘활짝’ [이런국장 저런주...,ESS 시장 확대와 탈중국 정책이 2차전지 관련주에 강세를 불러일으키고 있다.,호재,2026-03-24 14:02,18.5,사실형,90.8
https://n.news.naver.com/mnews/article/032/0003435736?sid=101,2차전지,19만원 → 9900원 ‘배터리’ 금양 추락,금양은 2년 연속 감사의견 거절을 받으면서 사실상 상폐 수순을 밟을 것으로 보인다.,악재,2026-03-25 20:41,10.4,사실형,72.0
https://n.news.naver.com/mnews/article/015/0005265874?sid=102,2차전지,"대전, 2차전지 실무·이론 집중 교육",대전시가 2차전지 전문인력 양성을 위한 아카데미를 다음 달 16~17일까지 운영한다.,호재,2026-03-23 18:24,39.3,사실형,88.3
https://n.news.naver.com/mnews/article/003/0013812347?sid=102,2차전지,"고려아연, '자원안보 전초기지' 인터배터리 참가","고려아연은 국내 최대 배터리 전문 전시회 '인터배터리 2026'에 참가하며, 전략광물 및 첨단산업 필수 소재를 생산하는 52년 기술력을 선보일 예정이다.",호재,2026-03-10 11:28,26.9,사실형,49.9
https://n.news.naver.com/mnews/article/008/0005334877?sid=101,2차전지,"'배터리 관리 반도체' 아나배틱세미, 150억 시리즈B 투자유치",배터리 관리 반도체 스타트업 아나배틱세미가 150억원 규모의 시리즈B 투자를 유치했다.,호재,2026-03-25 12:30,28.3,사실형,74.8
https://n.news.naver.com/mnews/article/138/0002220087?sid=004,2차전지,"고려아연, 인터배터리 2026 출격…이차전지 소재부터 전략광물까지 총망...",고려아연은 인터배터리 2026에서 이차전지 소재부터 전략광물까지 생산 기술력을 선보일 계획이다.,호재,2026-03-10 11:15,19.4,사실형,38.2
https://n.news.naver.com/mnews/article/422/0000851645?sid=101,IT/반도체,삼성가 '12조 상속세' 이달 마침표…반도체·AI 투자 속도 낼까,삼성 오너 일가가 고 이건희 선대회장으로부터 물려받은 26조원 유산에 대한 약 12조원 규모의 상속세 납부를 이달 마무리합니다.,호재,2026-04-05 09:28,54.6,추론형,19.2
https://n.news.naver.com/mnews/article/001/0016002812?sid=105,IT/반도체,[AI위클리] 도구 넘어 '주체'로…생성형 이어 '에이전틱 AI' 시대,"과학기술정보통신부, 에이전틱 AI 생태계 조성 민·관 협력체를 결성하고 에이전틱 AI 기반 인프라 운영 서비스를 출시했다.",호재,2026-04-05 09:30,24.1,사실형,71.17069313923517
https://n.news.naver.com/mnews/article/014/0005502444?sid=101,IT/반도체,"""AI 다음은 네트워크""…광통신株, ‘마지막 퍼즐’로 급부상",광통신 기술이 AI 성능 구현의 마지막 퍼즐로 평가받는 영역으로 인식되어 주식 시장에 큰 관심을 끌고 있다.,호재,2026-04-05 06:01,28.6,사실형,79.05122843881448
https://n.news.naver.com/mnews/article/001/0016002691?sid=102,IT/반도체,[대학 AI부트캠프] ①기업과 손잡고 'AI 인재' 양성 속도전,"교육부는 40개 대학을 선정하여 'AI 부트캠프' 사업을 진행할 예정이다. 이 사업은 5년간 14억2천500만원의 재정 지원을 받고, 연간 100명 이상의 인재를 양성할 예정이다.",호재,2026-04-05 07:00,39.6,사실형,76.05544403195381
https://n.news.naver.com/mnews/article/018/0006250480?sid=101,IT/반도체,"삼성·LG전자, 1분기 성적표 공개...반도체 역대급 실적 낸다","삼성전자와 LG전자가 1분기 잠정실적을 발표하며, 삼성전자는 반도체 슈퍼사이클에 힘입어 사상 최대 실적을 달성했다.",호재,2026-04-05 14:25,30.2,사실형,83.39373680452505
https://n.news.naver.com/mnews/article/001/0016002737?sid=105,IT/반도체,소버린 AI 한계론 확산…한국 'AI 바우처' 재조명,"소버린 AI 한계론이 확산되고 있으며, 한국형 AI 바우처는 투자와 도입을 동시에 견인하는 효과가 있다고 평가되고 있습니다.",호재,2026-04-05 07:55,30.5,사실형,55.73609210550785
https://n.news.naver.com/mnews/article/014/0005502549?sid=105,IT/반도체,1천조 AI인프라 경쟁 점화...AI '경쟁의 축' 인프라로 전환[스페셜리포트...,"빅테크 기업들이 최대 1000조원 규모의 AI 투자 계획을 내놨고, 인프라 구축에 집중하고 있다.",호재,2026-04-05 14:09,30.9,사실형,68.21482552137846
https://n.news.naver.com/mnews/article/014/0005502627?sid=105,IT/반도체,AI 주도권 좌우할 ‘인프라’… 빅테크 1000조 투자경쟁 점화 [이구순의...,글로벌 빅테크 기업들이 사상 최대 규모의 인공지능(AI) 투자 계획을 내놓고 있다.,호재,2026-04-05 18:19,29.3,사실형,68.37434708787542
https://n.news.naver.com/mnews/article/008/0005339975?sid=101,IT/반도체,RFHIC 신고가 울린 이 리포트…게임 체험·반도체 탐방도 눈길,"RFHIC의 주가가 2028년까지 가파른 상승세를 보일 것으로 전망되며, 방산·통신 부문에서 대형 수주 가능성이 높아진다.",호재,2026-04-05 17:43,17.2,예측형,10.5
https://n.news.naver.com/mnews/article/008/0005339973?sid=101,IT/반도체,'기본 단위가 수백억'…반도체 스타트업들 벤처투자 시장 훈풍 주도,반도체 스타트업들의 대규모 투자유치 소식이 눈길을 끌었다.,호재,2026-04-05 17:30,23.8,사실형,96.25011899254538
https://n.news.naver.com/mnews/article/029/0003020025?sid=105,IT/반도체,"NPU 활용 나선 IT서비스업계…""AI인프라 효율화""","삼성SDS는 7월에 클라우드 NPU 서비스(NPUaaS)를 출시할 예정이며, 이는 국내 클라우드 서비스 제공사 중 최초로 상품화된다.",호재,2026-04-05 17:22,26.0,사실형,73.38061610857646
https://n.news.naver.com/mnews/article/015/0005271070?sid=101,IT/반도체,"불안한 장에도…퇴직연금, 반도체ETF 담았다",미국과 이란 전쟁 등 대외 불확실성에도 불구하고 반도체와 코스피지수 관련 ETF가 퇴직연금 계좌에서 가장 많이 매수된 것으로 나타났다.,호재,2026-04-05 17:35,38.4,사실형,85.4219794846498
https://n.news.naver.com/mnews/article/008/0005339814?sid=101,IT/반도체,"중국 반도체 자립의 핵심 열쇠, SMIC[차이나는 중국]","중국 반도체 기업 SMIC는 2030년까지 반도체 자급률 80%를 목표로 하며, 중국 정부가 반도체를 전략적 우선순위로 채택하고 있다.",호재,2026-04-05 04:00,32.0,예측형,10.6
https://n.news.naver.com/mnews/article/018/0006250392?sid=105,IT/반도체,레노버 휴대용 게이밍 PC 650달러 인상…AI發 메모리 수급 재편 영향,레노버가 휴대용 게이밍 PC 가격을 650달러 인상한데 이어 메모리 수급 구조가 재편되면서 PC 가격이 급등하고 있다.,호재,2026-04-05 10:22,22.3,사실형,69.35367348293462
https://n.news.naver.com/mnews/article/030/0003414595?sid=105,IT/반도체,"성남산업진흥원, ICT 융합 협의회 가동…반도체·AI 경쟁력 강화",성남산업진흥원은 반도체와 인공지능(AI) 분야 전문가 협의체를 가동하여 성남시 전략산업 경쟁력 강화에 나섰다.,호재,2026-04-05 01:01,25.5,사실형,71.44604662263934
https://n.news.naver.com/mnews/article/421/0008865054?sid=101,2차전지,"""AI시대 ESS 필수"" 2차전지株 일제히 강세 [핫종목]",AI시대에 에너지저장장치(Ess) 기술이 주목받으면서 2차전지주가 강세다.,호재,2026-04-02 09:42,22.4,사실형,80.68378281313926
https://n.news.naver.com/mnews/article/032/0003433577?sid=101,2차전지,"‘인터배터리 2026 성료’에 탄력받았나…K배터리, 잇단 수주 소식",삼성SDI가 미국 에너지 전문업체와 1조5000억원 규모의 ESS용 배터리 공급 계약을 체결했다.,호재,2026-03-16 16:03,25.1,사실형,81.1701987596119
https://n.news.naver.com/mnews/article/003/0013867566?sid=102,제약/바이오,"""대표이사님 새로 오신다""…제약사의 봄은 '변화의 계절'",제약바이오 기업의 대표이사가 대거 교체되며 전문경영인 체제 강화 및 글로벌 사업 가속화가 새 인물 선임의 주요 배경으로 작용했다.,호재,2026-04-05 06:01,40.9,사실형,79.89015355706215
https://n.news.naver.com/mnews/article/015/0005271119?sid=105,제약/바이오,'41조' 역대급 잭팟 터졌다…K바이오 '대반전' 쓴 비결,K바이오의 꾸준한 연구 개발 투자가 이익 증가로 이어지는 단계로 접어들었다는 분석이 나왔다.,호재,2026-04-05 18:08,25.4,사실형,79.91193352561248
https://n.news.naver.com/mnews/article/079/0004131763?sid=105,IT/플랫폼,"네이버 치지직, LCK 공식 중계서 실시간 전략 우위 정보 제공",네이버 치지직이 LCK 공식 중계에서 실시간 전략 우위 정보를 제공하는 기능을 선보였다.,호재,2026-04-01 17:06,21.1,예측형,38.3
https://n.news.naver.com/mnews/article/025/0003512835?sid=102,IT/플랫폼,"[로펌] 법무법인 지평, 카카오 과징금 취소 이끌어낸 공정거래 소송 강...",법무법인 지평 공정거래그룹은 최근 대형 소송에서 연이어 승소하며 공정거래 법무 시장의 강자로 위상을 확고히 하고 있다.,호재,2026-03-31 05:31,27.6,사실형,79.7
https://n.news.naver.com/mnews/article/092/0002416500?sid=105,IT/플랫폼,"네이버·카카오의 요즘 인재상…""AI 활용 넘어 소통·사고력""",네이버와 카카오는 AI를 활용하는 능력보다 문제를 정의하고 조직 내에서 협업하여 결과를 만들어내는 역량을 중요하게 본다고 밝혔다.,호재,2026-03-27 17:27,38.2,사실형,70.8
https://n.news.naver.com/mnews/article/018/0006245631?sid=105,IT/플랫폼,네이버·라인야후 6년의 동맹 ‘마침표’ 찍은 이유,"네이버와 라인야후의 6년간의 기술 동맹이 사실상 끝났으며, 양사 간의 검색 서비스 계약이 공식적으로 종료되었다.",호재,2026-03-30 15:47,57.8,사실형,74.8
https://n.news.naver.com/mnews/article/032/0003435642?sid=105,IT/플랫폼,"‘오딘’ ‘우마무스메’ 카카오게임즈, 일본 라인야후에 인수된다","카카오게임즈의 최대 주주는 라인야후가 될 예정이며, 카카오게임즈는 지분 약 14%를 가진 2대 주주가 될 예정입니다.",호재,2026-03-25 16:01,39.2,사실형,73.0
https://n.news.naver.com/mnews/article/030/0003413221?sid=105,IT/플랫폼,"업스테이지, 네이버 출신 임원 영입…'다음' AI검색 사업 대비",업스테이지가 네이버 출신 임원 이건수를 영입하여 다음 인수를 대비하고 있다.,호재,2026-03-31 17:01,13.2,사실형,78.8
https://n.news.naver.com/mnews/article/079/0004130649?sid=102,IT/플랫폼,네이버시리즈 '최강신작' 3번째…1_394 '빚을 져서라도' 낙점,네이버웹툰이 '최강신작' 프로젝트로 1_394 작가의 웹소설 '빚을 져서라도 세상은 구해야 할 거 아니야'를 선정했다.,호재,2026-03-30 16:04,53.1,사실형,42.7
https://n.news.naver.com/mnews/article/366/0001151525?sid=105,IT/플랫폼,日 라인야후로 주인 바뀐 카카오게임즈… 글로벌 확장 기대 속 시너지 ...,카카오가 게임 사업 계열사 카카오게임즈의 지분을 일본 라인야후에 매각하면서 최대주주 자리에서 물러났다.,호재,2026-03-25 15:57,35.9,사실형,46.5
https://n.news.naver.com/mnews/article/092/0002417028?sid=105,IT/플랫폼,"업스테이지, 다음 인수 앞두고 네이버 출신 플랫폼 전문가 영입 추진",업스테이지가 네이버 출신 플랫폼 전문가 이건수 전 커넥트웨이브 대표를 영입하여 다음 인수를 앞두고 B2C 사업 확장을 위한 준비를 하고 있다.,호재,2026-04-01 09:34,17.3,사실형,50.0
https://n.news.naver.com/mnews/article/009/0005656079?sid=104,IT/플랫폼,손정의 무한야망 … 쿠팡·야놀자 대박 이어 카겜까지 접수,소프트뱅크그룹이 카카오게임즈에 1.3조원 투자해 게임 사업을 확장한다.,호재,2026-03-25 17:44,56.0,사실형,60.9
https://n.news.naver.com/mnews/article/417/0001136403?sid=105,IT/플랫폼,카카오 살린 네이버...'카겜 인수'는 라인야후의 독립 선언,네이버가 카카오와 손잡은 라인야후가 카카오게임즈를 인수함에 따라 네이버와 카카오의 긴장관계가 주목된다.,호재,2026-03-29 06:30,30.5,사실형,58.1
https://n.news.naver.com/mnews/article/293/0000081817?sid=101,IT/플랫폼,[사장님 대출 환승시대]② 플랫폼 vs 은행…시장 우위 선점할 요인,개인사업자 신용대출 갈아타기 서비스가 출시되면서 대출비교 플랫폼과 은행권 간 경쟁이 치열해졌다.,호재,2026-03-30 09:56,30.1,사실형,76.9
https://n.news.naver.com/mnews/article/003/0013846350?sid=105,IT/플랫폼,"""개발은 AI가, 인간은 설계만""…네카오·오픈AI도 주목한 '랄프톤' 뭐길...","네이버, 카카오, 오픈AI가 AI 에이전트 해커톤 '랄프톤'에 후원사로 참여하여 차세대 개발 문화에 주목하고 있다.",호재,2026-03-26 06:00,25.6,사실형,75.5
https://n.news.naver.com/mnews/article/648/0000045655?sid=105,IT/플랫폼,"10년의 동행, 40분만에 이별…주인 바뀐 카카오게임즈 운명은","카카오게임즈의 주인이 라인야후로 넘어갔으며, 카카오와 라인야후의 거래가 마무리되면 카카오게임즈에 대대적인 변화가 예상된다.",악재,2026-03-25 16:51,60.7,사실형,66.5
https://n.news.naver.com/mnews/article/293/0000081391?sid=105,IT/플랫폼,자사주 소각 뒤 반복된 임원 매도…네이버·카카오 '엇갈린 신호',네이버와 카카오에서 자사주 소각 이후 임원들이 반복적으로 매도를 하고 있는 것으로 나타났다.,악재,2026-03-23 15:31,22.0,사실형,85.7
https://n.news.naver.com/mnews/article/079/0004128828?sid=105,IT/플랫폼,"네이버, AI 기능 강화한 신규 광고 플랫폼 도입",네이버가 광고주의 운영 효율성과 편의성을 강화한 신규 광고 플랫폼을 도입한다.,호재,2026-03-25 11:54,38.2,사실형,33.1
https://n.news.naver.com/mnews/article/396/0000739617?sid=105,IT/플랫폼,카카오게임즈 주인 바뀐다…라인야후 품으로 ‘반등 승부수’,카카오게임즈의 최대주주가 라인야후로 바뀌며 경영권과 사업 전략에 변화가 예상된다.,악재,2026-03-25 14:31,27.7,사실형,66.9
https://n.news.naver.com/mnews/article/001/0015962559?sid=105,IT/플랫폼,BTS 공연 앞두고 플랫폼 경쟁…OTT·지도·통신 총출동,"BTS의 컴백 공연을 앞두고 OTT, 지도, 통신 서비스들이 경쟁적으로 서비스를 내놓고 있다.",호재,2026-03-17 06:13,51.1,사실형,76.2
https://n.news.naver.com/mnews/article/293/0000081418?sid=105,IT/플랫폼,"[현장+]""역대급 실적에 주가 왜 이래""…네이버 주총서 나온 주주 우려",네이버는 역대급 실적에도 불구하고 주가가 부진해 주주들의 불만을 사로잡고 있다.,악재,2026-03-23 19:12,59.7,사실형,90.3
https://n.news.naver.com/mnews/article/008/0005327910?sid=105,IT/플랫폼,카카오톡vs네이버앱…AI 국민비서 놓고 플랫폼 경쟁,카카오와 네이버가 AI 국민비서 서비스를 선보이며 플랫폼 경쟁을 격화시켰다.,호재,2026-03-10 15:13,36.9,사실형,48.9
https://n.news.naver.com/mnews/article/030/0003414791?sid=102,제약/바이오,"롯데바이오, 日 제약사와 항암 신약 CDMO 사업 계약",롯데바이오로직스는 일본 소재 글로벌 제약사와 항암 신약 위탁개발생산 계약을 맺어 글로벌 고객사 확대에 속도를 내고 있다.,호재,2026-04-06 09:42,31.5,사실형,63.2
https://n.news.naver.com/mnews/article/417/0001137680?sid=101,제약/바이오,"SK바이오사이언스, 녹십자·중외제약 출신 '마상호 부사장' 영입",SK바이오사이언스는 연구지원실장으로 마상호 부사장을 영입하여 연구 기획 및 프로젝트 관리를 강화하기 위해 노력한다.,호재,2026-04-06 14:51,25.4,사실형,39.5
https://n.news.naver.com/mnews/article/421/0008871735?sid=103,제약/바이오,"SK바이오사이언스, 마상호 연구지원실장 영입…R&amp;D 조직 정비",SK바이오사이언스는 바이오연구본부 내 연구지원실장으로 마상호 부사장을 신규 영입하여 R&D 프로젝트 관리와 오픈 이노베이션을 강화하고 연구기획부터 규제 대응까지 전 주기를 아우르는 지원 체계를 구축한다.,호재,2026-04-06 09:59,10.5,대화형,32.8
https://n.news.naver.com/mnews/article/082/0001374603?sid=101,제약/바이오,"제약바이오협회, 중소제약·바이오·AI 벤처 한 자리에 모은다",제약바이오벤처 협업기반 기술개발사업 파트너링 데이를 통해 중소제약사와 AI바이오벤처가 협력하고 기술사업화를 위해 모인다.,호재,2026-04-06 15:15,15.5,사실형,34.9
https://n.news.naver.com/mnews/article/015/0005271389?sid=101,제약/바이오,'1000억 세금 어쩌나'…2500억 지분 매각 접은 삼천당제약,"삼천당제약 대주주의 대규모 지분 매각 계획이 철회되면서, 1000억원대 세금 부담 여파로 시장의 관심이 집중되고 있다.",호재,2026-04-06 13:17,28.0,사실형,78.3
https://n.news.naver.com/mnews/article/003/0013868678?sid=101,제약/바이오,주가 '반토막' 삼천당제약에…관련 ETF도 낭패,삼천당제약 주가가 급락하면서 관련 상장지수펀드(ETF)도 영향을 받고 있다.,악재,2026-04-06 06:00,23.5,사실형,74.9
https://n.news.naver.com/mnews/article/009/0005661889?sid=105,제약/바이오,"SK바이오팜, AACR서 방사성의약품 성과 첫 공개",SK바이오팜이 차세대 성장동력으로 키우는 방사성의약품 연구 성과를 글로벌 무대에서 처음 공개한다.,호재,2026-04-06 17:48,26.1,대화형,27.1
https://n.news.naver.com/mnews/article/015/0005271553?sid=101,제약/바이오,"美·日 화장품 유통망 확대…동국제약, 수출 실적 '날개'",동국제약의 더마코스메틱 브랜드 '센텔리안24'가 일본 1000여개 오프라인 매장에 입점하는 등 수출 규모를 키우고 있다.,호재,2026-04-06 17:34,28.2,사실형,53.1
https://n.news.naver.com/mnews/article/346/0000107611?sid=103,제약/바이오,"삼진제약, 산업부 지원 사업 선정… “신약 사업화 가능성 인정”",삼진제약이 산업부 지원 사업에 선정되어 신약 사업화 가능성을 인정받았다.,호재,2026-04-07 11:43,42.3,사실형,36.5
https://n.news.naver.com/mnews/article/020/0003710175?sid=101,제약/바이오,"사흘만에 주가 반토막 삼천당제약, 2500억 블록딜 철회","삼천당제약이 블록딜을 철회했지만, 공시 논란과 실적 우려로 주가가 반토막 났다.",악재,2026-04-06 17:21,17.5,사실형,73.7
https://n.news.naver.com/mnews/article/011/0004607462?sid=101,제약/바이오,"SK바이오사이언스, 마상호 연구지원실장 선임…“R&amp;D 실행력 강화”",SK바이오사이언스는 연구개발(R&D) 프로젝트의 실행력을 높이고 글로벌 경쟁력을 강화하기 위해 핵심 인재를 영입하는 등 연구지원 조직을 정비했다.,호재,2026-04-06 10:48,33.4,대화형,36.9
https://n.news.naver.com/mnews/article/008/0005340080?sid=101,제약/바이오,"삼천당제약 전인석 대표, 2500억 블록딜 철회…""시장 불확실성 해소 우...",삼천당제약 전인석 대표가 2500억 블록딜 계획을 철회했다.,호재,2026-04-06 08:47,33.6,사실형,80.4
https://n.news.naver.com/mnews/article/421/0008867886?sid=103,제약/바이오,"한올바이오파마, 바토클리맙 갑상선안병증 임상 3상 유효성 실패",한올바이오파마의 바토클리맙은 임상 3상 연구에서 통계적 유효성을 확보하지 못했다.,악재,2026-04-03 09:01,43.4,사실형,34.7
https://n.news.naver.com/mnews/article/421/0008868038?sid=101,제약/바이오,"한올바이오파마, 임상 3상 실패에 14%대 급락[핫종목]",한올바이오파마가 임상 3상 실패로 14%대 급락했다.,악재,2026-04-03 09:42,38.1,사실형,74.0
https://n.news.naver.com/mnews/article/014/0005501717?sid=103,제약/바이오,"약가 개편 대응 ‘총력전’ 돌입…제약업계, 충격 최소화·체질 개선 병...","한국제약바이오협회가 약가 개편 대응 전략을 논의하고, 충격 최소화와 체질 개선을 동시에 추진하기로 했다.",호재,2026-04-02 15:50,24.6,대화형,44.7
https://n.news.naver.com/mnews/article/374/0000501999?sid=101,제약/바이오,"제약바이오협, 긴급 이사장단 회의…약가 개편안 대응 논의","한국제약바이오협회는 약가제도 개편안에 대한 대응을 논의하고, 향후 보건복지부와 산업계가 참여하는 '민관협의체'에서 논의될 주요 의제를 체계적으로 발굴하고 전달하는 역할을 맡을 협의체를 전환하는 방안을 검토합니다.",호재,2026-04-02 17:23,51.8,추론형,20
https://n.news.naver.com/mnews/article/277/0005744542?sid=102,제약/바이오,"파주시, ‘경제자유구역 바이오 컨퍼런스’ 성료…글로벌 거점 도약 시...",파주시가 바이오산업을 핵심 전략으로 내세운 경제자유구역 조성을 위해 글로벌 네트워크 구축에 나섰다.,호재,2026-04-03 09:25,34.2,대화형,32.7
https://n.news.naver.com/mnews/article/011/0004606693?sid=101,제약/바이오,신약·수출 ‘쌍끌이’…K제약·바이오 매출 30조 넘었다,국내 제약·바이오 산업의 성장을 주도하는 상위 22개 기업의 지난해 합산 매출액이 30조 원을 넘어섰다.,호재,2026-04-03 07:20,70.2,사실형,56.9
https://n.news.naver.com/mnews/article/018/0006248080?sid=101,제약/바이오,"계약 부풀린 삼천당, 검증 건너뛴 시장[삼천당제약 대해부②]",삼천당제약의 주가 급등은 단순한 계약 논란이나 단기 수급 이슈가 아니라 핵심 기술에 대한 신뢰가 흔들린 결과로 분석된다.,악재,2026-04-02 09:02,13.0,사실형,79.1
https://n.news.naver.com/mnews/article/018/0006250021?sid=101,제약/바이오,"[임상 업데이트] 아이엠바이오로직스, IMB-101 이중항체 글로벌 2상 환자...",아이엠바이오로직스는 자가면역질환 치료용 이중항체 IMB-101의 글로벌 임상시험 진행 중이다.,호재,2026-04-04 08:05,36.7,사실형,33.8
https://n.news.naver.com/mnews/article/015/0005269996?sid=105,제약/바이오,"아리바이오, 성수현 공동대표이사 선임…AR1001 임상 마무리 총력","아리바이오는 성수현 부회장을 신임 공동대표이사로 선임하여 새로운 도약에 나섰고, 경영 전반과 사업 전략, 투자 유치 등을 담당할 예정이다.",호재,2026-04-02 08:28,36.5,사실형,39.2
https://n.news.naver.com/mnews/article/011/0004606738?sid=102,제약/바이오,"스탠퍼드·브로드연구소 이어 글로벌 기업까지…파주시, 바이오 ‘판’...",파주시는 경제자유구역 바이오산업 육성을 위해 글로벌 연구기관과 기업과 협력하고 있다.,호재,2026-04-03 09:32,35.6,예측형,30.2
https://n.news.naver.com/mnews/article/081/0003544631?sid=101,금융/밸류업,현대車 넘은 KB… 밸류업·환율 효과에 금융주 훨훨,국내 4대 금융지주는 환율 하락과 함께 가파르게 오르며 역대 최고가를 경신하고 있다.,호재,2025-05-28 05:03,62.1,사실형,87.9
https://n.news.naver.com/mnews/article/119/0003023881?sid=101,금융/밸류업,비과세 배당 카드 꺼낸 금융권…은행주 밸류업 '청신호',금융권이 비과세 배당 카드를 꺼내 우리금융 타 지주보다 수익률 3~4%p 높아 주주환원 확대 카드로 투자 열기가 기대된다.,호재,2025-11-12 07:12,60.1,사실형,90.4
https://n.news.naver.com/mnews/article/015/0005142800?sid=101,금융/밸류업,밸류업 1년…금융주 25% 오르고 자사주 매입은 두 배 늘어,금융당국의 밸류업 프로그램이 1년을 맞아 금융 업종의 주가가 25% 이상 상승하고 자사주 매입과 소각액이 두 배 이상 늘었다.,호재,2025-06-10 16:09,29.9,사실형,90.6
https://n.news.naver.com/mnews/article/421/0008077721?sid=101,금융/밸류업,"삼성생명, 화재 편입에 7% 껑충…'밸류업' 타고 금융주 들썩[핫종목]","삼성생명과 삼성화재가 자회사 편입으로 인해 주가가 상승하며, 금융업종 전반적으로 매수세가 강조되고 있다.",호재,2025-02-14 16:48,39.7,사실형,92.5
https://n.news.naver.com/mnews/article/005/0001747526?sid=101,금융/밸류업,"‘밸류업 수혜’ 금융주, 고환율 여파에 수익률 우수수",금융주가 약세를 보이며 외국인 투자자의 매도에 따른 수익률 하락이 뚜렷하다.,악재,2024-12-23 17:05,38.6,사실형,85.9
https://n.news.naver.com/mnews/article/117/0003897041?sid=103,금융/밸류업,"KB·하나금융, 밸류업 편입에도 금융주 ‘지지부진’","KB금융과 하나금융이 코리아 밸류업 지수에 편입되지만, 비상계엄 여파로 금융주 주가에는 크게 영향을 미치지 않을 것으로 분석된다.",호재,2024-12-17 17:09,50.4,사실형,91.1
https://n.news.naver.com/mnews/article/014/0005289415?sid=101,금융/밸류업,"함영주 회장, 하나금융 5000주 매입 ""금융주 밸류업 모범사례될 것""",하나금융그룹 함영주 회장이 하나금융지주 주식 5000주를 매입하며 책임경영 실천에 나섰다.,호재,2024-12-31 14:11,40.8,사실형,87.2
https://n.news.naver.com/mnews/article/629/0000340248?sid=101,금융/밸류업,밸류업 기대감에 볕드는 금융주…KB금융 시총 7위 등극,"금융주들이 KB금융이 코스피 시총 7위로 등극하는 등 강세를 보이며, 코리아 밸류업 지수 편입 기대감에 힘입은 것으로 풀이된다.",호재,2024-11-20 17:53,68.7,사실형,74.6
https://n.news.naver.com/mnews/article/001/0015999015?sid=100,방산/우주항공,"한화에어로, 민군협력 간담회 참가…군수지원체계 수출 추진",한화에어로스페이스는 육군 방산업체 소통 간담회에 참가하여 한국형 MRO 수출 계획을 발표했다.,호재,2026-04-02 15:36,36.8,사실형,96.7
https://n.news.naver.com/mnews/article/421/0008866811?sid=101,방산/우주항공,"한화에어로, 육군과 'K-MRO' 수출 추진…민군 협력 강화",한화에어로스페이스는 육군과 협력해 'K-MRO' 사업의 수출 확대에 나선다.,호재,2026-04-02 15:53,28.5,사실형,86.7
https://n.news.naver.com/mnews/article/092/0002414538?sid=105,2차전지,"고려아연, 인터배터리서 이차전지 소재·전략광물 역량 소개",고려아연이 국내 최대 배터리 전시회에서 이차전지 소재 및 전략광물 생산 역량을 소개했다.,호재,2026-03-16 14:12,8.6,사실형,97.4
https://n.news.naver.com/mnews/article/119/0003077298?sid=103,제약/바이오,"SK바이오팜, 美 암연구학회서 차세대 항암 RPT 성과 공개",SK바이오팜이 차세대 항암 치료제 'SKL35501'의 개발 성과를 미국 암연구학회에서 발표한다.,호재,2026-04-06 09:28,35.6,대화형,24.7
https://n.news.naver.com/mnews/article/008/0005340224?sid=101,제약/바이오,"SK바이오사이언스, 마상호 연구지원실장 영입…R&amp;D 역량 강화","SK바이오사이언스, 연구지원실장 마상호를 영입하여 R&amp;D 역량을 강화한다.",호재,2026-04-06 11:03,20.4,예측형,17.3
https://n.news.naver.com/mnews/article/092/0002417694?sid=105,IT/반도체,"노타, AI 경량화 수요로 '급성장'…수주 111% 늘어","노타의 AI 경량화 사업이 급성장한데, 이는 반도체 기업을 고객사로 연이어 확보하고 AI 모델 최적화 플랫폼과 비전언어모델 기반 솔루션을 통해 성과를 거두었기 때문이다.",호재,2026-04-07 10:07,24.3,사실형,47.7
https://n.news.naver.com/mnews/article/008/0005340742?sid=102,IT/반도체,"법무법인 세종, 'AI·디지털 경쟁법팀' 출범…팀장에 이창훈 변호사",법무법인 세종이 AI·디지털 경쟁법팀을 출범시키고 이창훈 변호사를 팀장으로 임명했다.,호재,2026-04-07 10:11,8.8,사실형,42.6
https://n.news.naver.com/mnews/article/003/0013870921?sid=105,IT/반도체,"국가AI전략위, 대구·울산 찾아 'AX 혁신거점' 이행 상황 점검",국가AI전략위원회가 대구와 울산을 방문해 'AX 혁신거점' 이행 상황을 점검했다.,호재,2026-04-06 17:52,27.1,사실형,43.9
https://n.news.naver.com/mnews/article/011/0004607899?sid=102,IT/반도체,"법무법인 세종, AI·디지털 경쟁법팀 출범…대형로펌 최초",법무법인 세종이 국내 대형로펌 최초로 인공지능(AI)·디지털 경쟁법팀을 출범시킨다.,호재,2026-04-07 10:17,11.7,사실형,80.4
https://n.news.naver.com/mnews/article/003/0013869319?sid=101,IT/반도체,'유럽판 챗GPT' 미스트랄 AI CEO까지…삼성전자 찾는 글로벌 빅테크 거물...,미스트랄 AI CEO가 삼성전자 화성 캠퍼스를 방문하여 차세대 AI 칩 생산을 위한 기술 협의를 진행했다.,호재,2026-04-06 10:46,30.6,사실형,66.9
https://n.news.naver.com/mnews/article/003/0013863596?sid=102,방산/우주항공,이순신방위산업전 2일차 '수출·협력 논의 활발',"이순신방위산업전 2일차, 수출상담과 기술교류가 활발히 진행 중이다.",호재,2026-04-02 15:19,24.7,사실형,86.2
https://n.news.naver.com/mnews/article/003/0013861142?sid=102,방산/우주항공,"2026 이순신방위산업전 개막, 육·해군 무기체계 공개",이순신방위산업전이 개막하여 K-방산의 현주소와 미래 발전 방향이 선보인다.,호재,2026-04-01 17:35,14.2,사실형,83.5
https://n.news.naver.com/mnews/article/014/0005501185?sid=100,방산/우주항공,"韓·인니, 방산·에너지·광물·AI 협력 확대","한국과 인도가 방산, 에너지, 광물, AI 분야 협력을 확대하기로 결정했다.",호재,2026-04-01 18:32,16.9,사실형,99.8
https://n.news.naver.com/mnews/article/001/0015996515?sid=101,방산/우주항공,"[현장] ""이게 그 잠수함이군요""…K-방산 총출동 이순신방위산업전 성황",K-방산 전진기지 창원 입지와 한화오션의 수출 모델이 눈길을 끌었다.,호재,2026-04-01 16:50,26.0,추론형,20
https://n.news.naver.com/mnews/article/079/0004132223?sid=102,방산/우주항공,"YIDEX, K-방산 수출과 협력의 장으로…내실 다진 행사 운영 돋보여","이순신방위산업전은 기업 수출상담과 기술교류, 협력 네트워킹이 활발히 이어지며 K-방산 비즈니스의 장이 되고 있다.",호재,2026-04-02 15:53,33.6,사실형,96.7
https://n.news.naver.com/mnews/article/020/0003709164?sid=100,방산/우주항공,"李 “인니, 소중한 K방산 파트너” 중동전쟁속 안보-자원 협력 강화",인도와 한국이 방위산업 협력을 강화할 것이라고 청와대가 발표했다.,호재,2026-04-02 04:38,24.4,사실형,99.8
https://n.news.naver.com/mnews/article/421/0008867665?sid=101,방산/우주항공,미·이란 전쟁 지켜본 중동…가성비+신뢰성 검증 끝 K-방산 '러브콜',미·이란 전쟁에서 K-방산이 우호적 요인으로 작용하고 있다.,호재,2026-04-03 07:07,22.9,사실형,94.8
https://n.news.naver.com/mnews/article/277/0005743352?sid=101,IT/플랫폼,"美, K무역장벽으로 플랫폼법 등 지적…염전노동 사례도 첫 언급","미국 무역대표부가 한국 정부의 디지털 플랫폼 규제 법안을 지적하며, 플랫폼 서비스 제한에 대한 논란이 조장된다.",호재,2026-04-01 11:12,17.8,사실형,98.6
https://n.news.naver.com/mnews/article/366/0001152432?sid=105,IT/플랫폼,네이버도 못 살린 우버택시… 카카오T에 막혀 ‘반짝 반등’ 시들,우버택시가 카카오T에 밀려 국내 택시 호출 시장에서 반등이 시들해지고 있다.,악재,2026-03-29 06:01,42.3,사실형,55.2
https://n.news.naver.com/mnews/article/030/0003414751?sid=101,제약/바이오,"정부, 美 의약품 232조 '관세 폭탄'에 K-바이오 긴급 점검",정부가 미국 의약품 232조의 관세 폭탄에 대응하기 위해 K-바이오 기업과 협의 중이다.,호재,2026-04-06 06:01,15.5,사실형,95.6
https://n.news.naver.com/mnews/article/030/0003414964?sid=101,IT/반도체,지난해 나라살림 104조 적자…세입 확대에도 민생·AI 지출 증가 영향,정부는 지난해 총지출을 억제하는 대신 AI·반도체 등 전략 산업 투자와 민생 지원을 병행했다고 밝혔다.,호재,2026-04-06 13:19,29.6,사실형,82.6
https://n.news.naver.com/mnews/article/088/0001004259?sid=101,IT/반도체,"AMRO ""한국 올해 1.9% 성장""…추경·반도체가 반등 견인","AMRO는 한국의 올해 경제성장률을 1.9%로 전망했지만, 미국 관세 정책과 에너지 가격 상승 등 하방 위험이 우세하다는 경고도 함께 나왔다.",호재,2026-04-06 11:42,21.6,사실형,86.7
https://n.news.naver.com/mnews/article/277/0005745571?sid=101,IT/반도체,"""SK하이닉스, 2029년 HBM5 출시…하이브리드 본딩 본격화""",SK하이닉스가 2029년 HBM5를 출시하며 하이브리드 본딩 본격화를 앞두고 있다.,호재,2026-04-06 13:19,12.2,사실형,93.8
https://n.news.naver.com/mnews/article/003/0013881714?sid=101,제약/바이오,'깜깜이 투자' 반복…정보 비대칭 해소가 관건[삼천당제약 거품 논란③...,삼천당제약 논란이 바이오 산업의 구조적 취약성을 드러내고 정보 비대칭 구조가 여전히 개선되지 않았다는 평가다.,호재,2026-04-11 15:00,21.7,사실형,66.8
https://n.news.naver.com/mnews/article/016/0002628176?sid=104,2차전지,"호르무즈 위기에 ‘탈석유’ 선언한 佛…국내 전기차株, 기회 생기나",전기차 판매량 회복으로 국내 2차전지 기업 실적 개선 기대,호재,2026-04-11 17:50,18.2,사실형,53.7
https://n.news.naver.com/mnews/article/006/0000135198?sid=101,IT/반도체,'최태원 노트' 끌어낸 이 책…'다른' 기업 보도는 가능할까,SK하이닉스가 글로벌 빅테크와의 AI 반도체 협력 네트워크를 통해 위상을 부각했다.,호재,2026-04-11 17:30,37.1,사실형,57.9
https://n.news.naver.com/mnews/article/011/0004609247?sid=101,제약/바이오,중동 전쟁에 국내 주식 70% ‘하락’…낙폭 1위는[이런국장 저런주식],코스피·코스닥 시장에서 1920개 종목이 하락해 69%에 달하며 중동 전쟁 여파로 국내 주식 70%가 하락했다.,악재,2026-04-10 08:21,40.8,사실형,90.5
https://n.news.naver.com/mnews/article/417/0001138336?sid=101,제약/바이오,[시대데스크]삼천당제약은 왜 내가 사면 떨어지고 팔면 오를까,삼천당제약의 급등과 급락은 파이프라인과 마일스톤 등 미래가치에 대한 기대감이 가격에 과도하게 선반영된 탓이다.,호재,2026-04-10 05:35,47.2,사실형,41.5
https://n.news.naver.com/mnews/article/009/0005663864?sid=101,제약/바이오,“이럴거면 개별종목 투자했죠”…코스닥액티브 ETF 수익률 왜이래,코스닥액티브 ETF가 출시 한달만에 두자릿수 손실을 기록했다.,악재,2026-04-10 05:55,23.3,사실형,81.2
https://n.news.naver.com/mnews/article/023/0003969952?sid=101,제약/바이오,"1조 몰린 ‘코스닥 액티브 ETF’, 수익률은 지수보다 나빴다",코스닥 액티브 ETF가 수익률 부진을 나타내고 있다.,악재,2026-04-10 00:36,10.8,사실형,79.5
https://n.news.naver.com/mnews/article/018/0006254392?sid=101,제약/바이오,"삼천당 대만 특허, ISR·핵심 선행기술 미반영…‘미국식 표준’ 논란도","삼천당제약이 대만에서 약물 전달 플랫폼 S-PASS 기술 특허 등록을 성공했지만, 핵심 선행기술이 심사 과정에서 인용되지 않은 것으로 확인되어 실질적 경쟁력에 대한 불확실성이 제기되고 있다.",악재,2026-04-10 09:02,46.5,예측형,37.9
https://n.news.naver.com/mnews/article/366/0001155719?sid=101,제약/바이오,"규제 속 성과 ‘속속’…韓 줄기세포치료제, 해외 인허가·임상으로 시...",국내 줄기세포치료제가 해외 허가 및 임상 성과를 거두어 규제 완화 추진에 힘입어 시장 진입을 본격화하고 있다.,호재,2026-04-10 06:01,46.6,사실형,36.4
https://n.news.naver.com/mnews/article/469/0000924639?sid=105,제약/바이오,AI 시대 경제의 새 흐름 '토크노믹스'... 토큰이 곧 돈이고 능력,"AI가 처리하는 데이터 단위 '토큰'이 경제적 가치를 지니며, AI 업계에서 '토크노믹스'라는 새로운 흐름이 등장하고 있다.",호재,2026-04-10 04:30,26.4,사실형,74.9
https://n.news.naver.com/mnews/article/024/0000104686?sid=102,제약/바이오,53년 순혈주의 깬 금융·제약 전문가…황상연 한미약품 대표 [CEO 라운지...,"한미약품이 창립 후 처음으로 외부 출신 최고경영자(CEO)를 선임했으며, 이는 회사의 본격적인 체질 개선 신호탄으로 해석된다.",호재,2026-04-09 21:01,22.0,사실형,44.6
https://n.news.naver.com/mnews/article/144/0001108908?sid=105,제약/바이오,"제이앤피메디파트너스, ‘스케일업 팁스’ 및 ‘전문 투자 기관 연계형...",제이앤피메디파트너스가 '스케일업 팁스'와 '전문 투자기관 연계형 투자유치 지원사업'의 전문기관으로 선정되었습니다.,호재,2026-04-09 21:39,26.5,사실형,44.2
https://n.news.naver.com/mnews/article/023/0003969950?sid=101,제약/바이오,속 불투명한 바이오주… 애널리스트 한마디에 급등락,삼천당제약 등 바이오 대장주들이 증권사의 분석 한마디에 급등락을 보이고 있다.,호재,2026-04-10 00:36,38.6,사실형,76.6
https://n.news.naver.com/mnews/article/025/0003515272?sid=100,제약/바이오,"박찬대 “유정복 성과 부족, 난 인천 미래설계자 될 것”","박찬대 의원은 유정복 현 인천시장을 성과 부족으로 평가하고, 자신은 인천의 미래 설계자가 될 것이라고 말했다.",호재,2026-04-10 00:21,48.8,예측형,10.4
https://n.news.naver.com/mnews/article/658/0000140661?sid=110,제약/바이오,[시사난장] 암 사망률 낮출 ‘부산의 반격’,부산대병원은 첨단 의료 기술을 지역사회와 결합하여 고령층에 치명적인 폐암을 극복하기 위한 프로젝트를 진행하고 있다.,호재,2026-04-09 19:43,48.6,예측형,40.2
https://n.news.naver.com/mnews/article/025/0003515267?sid=110,제약/바이오,[박수련의 시시각각] 비만치료제가 뒤흔든 시장,"비만치료제는 인간에게 자기 몸에 대한 통제권을 부여하며, 체중을 약물로 최적화할 수 있는 길을 열어주고 있다.",호재,2026-04-10 00:16,18.1,사실형,57.6
https://n.news.naver.com/mnews/article/417/0001138353?sid=101,제약/바이오,"[아침밥]유안타 ""셀트리온, 3년 저성장 늪 탈출…성장 사이클 재진입""",셀트리온이 3년 저성장 늪에서 탈출하여 성장 사이클로 재진입하는 것으로 보인다.,호재,2026-04-10 08:22,17.8,사실형,49.9
https://n.news.naver.com/mnews/article/421/0008881428?sid=104,제약/바이오,개정 中의약품관리법 내달 시행…韓기업 규제대응 역량 점검해야,"개정 중의약품관리법이 내달 시행되며, 한국 기업은 규제 대응 역량을 점검해야 한다.",호재,2026-04-10 08:00,18.5,사실형,78.4
https://n.news.naver.com/mnews/article/029/0003020909?sid=101,제약/바이오,“중동전쟁에 신저가 속출”…코스피 수익률 하락 종목만 ‘73%’,"코스피 수익률 하락 종목은 73%로 신저가 속출하는 가운데, 분석가들은 수출주와 성장주 비중을 확대하는 매수 기회라고 밝혔다.",호재,2026-04-10 07:53,23.9,사실형,99.8
https://n.news.naver.com/mnews/article/277/0005747525?sid=101,방산/우주항공,한화에어로 'K9 자주포' 핀란드에 재공급…K방산 위력 입증,한화에어로스페이스는 핀란드에 K9 자주포 112문을 추가로 수출하는 계약을 체결했다.,호재,2026-04-10 08:28,15.7,사실형,90.3
https://n.news.naver.com/mnews/article/374/0000503538?sid=101,방산/우주항공,"한화에어로, 핀란드에 K9 자주포 9400억원 규모 추가 수출","한화에어로, 핀란드에 K9 자주포 9400억원 규모 추가 수출",호재,2026-04-10 06:27,51.1,추론형,0.0
https://n.news.naver.com/mnews/article/417/0001138335?sid=100,방산/우주항공,"'국산' KF-21, 미국 허락없인 수출 못해…""6세대 전투기 엔진 개발해야""","국산 KF-21은 미국 허가를 받지 않으면 수출할 수 없으며, 5-6세대 전투기용 첨단 엔진 개발이 필수적이다.",호재,2026-04-10 05:30,67.6,사실형,68.7
https://n.news.naver.com/mnews/article/081/0003634003?sid=100,방산/우주항공,K9 자주포 9400억원 핀란드 2차 수출… K방산 위력 입증,코트라와 핀란드 국방부가 K9 자주포 9400억원 규모의 2차 수출 계약을 체결했다.,호재,2026-04-10 05:02,22.6,사실형,79.8
https://m.entertain.naver.com/article/609/0001112900,IT/플랫폼,"1:1 메시지부터 글로벌 생태계까지, K-컬처 심장이 된 ‘팬 플랫폼’ 빛...",K-컬처가 글로벌 생태계로 확장되며 팬 플랫폼이 새로운 지평을 열고 있다.,호재,2026-04-11 06:27,9.6,사실형,93.7
https://m.entertain.naver.com/article/312/0000755300,IT/플랫폼,'사냥개들2' 30초에 홀려서 7시간 정주행…숏폼이 역유입 부른다 [TEN스타...,유튜브 등 영상 서비스 플랫폼에서 '사냥개들2'의 액션신 숏폼이 조회수 상위권에 다수 포진돼 있다,호재,2026-04-11 07:01,30.4,사실형,79.7
https://n.news.naver.com/mnews/article/117/0004052933?sid=105,IT/플랫폼,"[OK AI ③] AI는 누구의 작품으로 돈을 버나…저작권 전쟁, ‘학습’에서...",인공지능(AI) 저작권 논쟁이 법적 충돌을 넘어 '돈의 문제'로 옮겨가고 있다.,악재,2026-04-11 10:00,28.3,사실형,68.4
https://n.news.naver.com/mnews/article/014/0005506005?sid=100,IT/플랫폼,외국인·해외 체류 국민도 받을 수 있나…고유가 피해지원금 Q&amp;A,"고유가 피해지원금은 일반 국민은 10만원부터 25만원까지, 취약계층은 최대 60만원까지 받을 수 있다.",중립,2026-04-11 12:37,34.7,사실형,71.8
https://n.news.naver.com/mnews/article/008/0005342785?sid=101,엔터/미디어,K팝 '아이돌·스탭' 양성소 서울 사당에 둥지…데뷔·취업까지 연결,케이랩컴퍼니가 서울 사당역 인근에 사옥을 확장 이전하고 아카데미 공간을 확대했다.,호재,2026-04-11 07:00,29.1,사실형,82.1
https://n.news.naver.com/mnews/article/050/0000104836?sid=101,자동차/모빌리티,현대차가 포르쉐를 이겼다고?…외신도 깜짝 놀랐다,현대차그룹이 세계 올해의 고성능 자동차 부문에서 2년 연속 수상하는 쾌거를 기록했다.,호재,2026-04-11 13:59,29.3,사실형,97.6
https://n.news.naver.com/mnews/article/016/0002628049?sid=101,자동차/모빌리티,"“현대차 내비가 ‘찐’ 벚꽃 명소?”…현대오토에버, 플랫폼 전환 속도",현대차그룹은 내비게이션을 플랫폼으로 확장하여 사용자 경험을 향상하고 수익 모델을 확대하는 전략을 추진하고 있다.,호재,2026-04-11 07:01,17.9,사실형,60.7
https://n.news.naver.com/mnews/article/003/0013881441?sid=101,자동차/모빌리티,"""유가 뛰니 전기차가 달라 보여""…韓 자동차 수출 호재되나",중동 정세 불안으로 국제유가가 급등하면서 전기차 시장이 회복기를 맞을 수 있다는 전망이 제기된다.,호재,2026-04-11 08:00,24.4,사실형,66.9
https://n.news.naver.com/mnews/article/123/0002381149?sid=101,자동차/모빌리티,부진 딛고 일어선 현대차…아이오닉 앞세워 中시장 재공략,현대차가 중국 시장에 다시 공략하기 위해 아이오닉 브랜드를 앞세우고 중국 고객 생활방식에 맞춰 브랜드 전략을 공개했다.,호재,2026-04-10 17:34,24.4,사실형,67.1
https://n.news.naver.com/mnews/article/243/0000096161?sid=103,자동차/모빌리티,"정의선의 ‘고성능 승부수’ 통했다…현대차, 아이오닉6 N으로 세계 정상",현대차의 고성능 브랜드 N이 세계 올해의 고성능 자동차 부문에서 아이오닉6 N으로 또 다시 수상하였다.,호재,2026-04-11 10:01,50.2,사실형,80.1
https://n.news.naver.com/mnews/article/011/0004609427?sid=101,자동차/모빌리티,"현대차, 아이오닉 투입해 中 공략…콘셉트카 2종 최초 공개",현대차가 중국에서 아이오닉 브랜드를 선보이며 세계 최대 자동차 시장에 재공략에 나선다.,호재,2026-04-10 16:49,11.6,사실형,66.2
https://n.news.naver.com/mnews/article/117/0004052808?sid=103,자동차/모빌리티,"현대차, 중국 EV 시장 재도전…아이오닉 브랜드 전면에","현대차가 중국 EV 시장에 재도전하기 위해 전용 전기차 브랜드 '아이오닉'을 앞세우고, 콘셉트카 2종을 세계 최초로 공개했다.",호재,2026-04-10 16:34,17.3,사실형,61.1
https://n.news.naver.com/mnews/article/448/0000603207?sid=101,IT/반도체,[돈이 보이는 경제] '중동 악재' 떨쳐낸 반도체…'40만 전자'·'200만 닉스...,"반도체가 중동 전쟁에도 호황을 누리고 있으며, 40만 전자와 200만 닉스라는 파격적인 전망치가 등장했습니다.",호재,2026-04-11 19:35,37.0,추론형,7.1
https://n.news.naver.com/mnews/article/021/0002783956?sid=101,IT/반도체,"삼전·하닉, 高실적·高인센티브덕에…‘삼성·SK고시’ 교재 불티","삼성전자, SK하이닉스 등 주요 반도체 기업에 대한 취업 준비생들의 관심이 증가하고, 관련 채용시험 교재 시장도 활황을 보이고 있다.",호재,2026-04-11 23:20,11.7,사실형,62.1
https://n.news.naver.com/mnews/article/008/0005342861?sid=101,IT/반도체,"에이아이비즈, 비정상 공정설비 'AI 탐지 기술' 3건 특허 획득",에이아이비즈가 공정 설비의 비정상 동작을 탐지하는 AI 기술 3건을 특허 등록했다.,호재,2026-04-11 18:34,15.6,사실형,61.9
https://n.news.naver.com/mnews/article/030/0003416842?sid=100,IT/반도체,"김병욱 성남시장 예비후보, 양자·AI 클러스터로 성남 미래산업 재편 시...","김병욱 성남시장 예비후보는 양자·AI 클러스터를 통해 성남의 미래산업을 재편하고, 교통망 확충 및 재건축 속도전을 약속했다.",호재,2026-04-11 22:51,13.8,예측형,35.6
https://n.news.naver.com/mnews/article/002/0002436839?sid=102,IT/반도체,"민형배 ""당선 1년 내 10조 반도체 공장 유치…전남광주의 판 바꾸겠다""","민형배 후보가 전남광주통합특별시장 경선에서 100일 플랜을 발표하여 10조원 규모의 글로벌 반도체 공장을 유치하고, AI 반도체 수도를 도약할 계획이다.",호재,2026-04-11 18:44,20.7,사실형,81.5
https://n.news.naver.com/mnews/article/629/0000490514?sid=101,제약/바이오,[비즈토크&lt;하&gt;] 삼천당제약 간담회에 나타난 외부인…삼천당과 무슨 관...,"삼천당제약의 기자간담회에서 외부인이 등장하여 논란이 일었으며, 과거 계약 개입 정황과 함께 '실세 역할' 의혹이 확산되었다.",악재,2026-04-12 00:03,63.5,추론형,12.2
https://n.news.naver.com/mnews/article/056/0012160467?sid=101,IT/플랫폼,“내수 소비에 활기를”…‘동행축제’ 발길 이어져,동행축제가 전주에서 열려 시민들의 발걸음이 이어지며 소상공인 매출 증대와 소비 활성화를 위해 마련된 행사입니다.,호재,2026-04-11 21:45,48.1,추론형,0.0
https://n.news.naver.com/mnews/article/014/0005501822?sid=101,자동차/모빌리티,"현대차·기아, 美서 나란히 역대 최대 실적",현대차그룹과 기아가 미국에서 1분기 판매량이 2.6% 늘어 43만720대를 기록하며 역대 최대 실적을 달성했다.,호재,2026-04-02 18:16,7.4,사실형,81.5
https://n.news.naver.com/mnews/article/092/0002417067?sid=103,자동차/모빌리티,"현대차그룹, 전기차 신규 고객에 혜택 쏜다…kWh당 199원",현대차그룹은 전기차 신규 고객을 대상으로 E-핏 초고속 충전 요금을 kWh당 199원에 제공하는 '웰컴 199원' 프로모션을 시행한다.,호재,2026-04-01 10:57,24.2,사실형,55.8
https://n.news.naver.com/mnews/article/079/0004131576?sid=101,자동차/모빌리티,"현대차그룹, 전기차 사면 충전비 지원",현대차그룹은 신규 전기차 출고 고객을 대상으로 이핏 초고속 충전 요금을 kWh당 199원에 제공하는 '웰컴 199원' 프로모션을 시행한다.,호재,2026-04-01 14:10,30.8,사실형,73.0
https://n.news.naver.com/mnews/article/421/0008865687?sid=103,자동차/모빌리티,"현대차·기아, 1Q 美판매 43만대 '역대 최고'…일등공신 HEV 53.2%↑",현대차와 기아가 1분기 미국 판매량에서 역대 최고 실적을 기록했다.,호재,2026-04-02 11:48,27.0,사실형,95.0
https://n.news.naver.com/mnews/article/001/0015997059?sid=104,자동차/모빌리티,"현대차·기아, 3월 美판매 감소에도 나란히 '역대 최고 1분기'",현대차와 기아가 3월 미국 시장에서 판매고가 주춤했지만 친환경 차량과 SUV의 수요로 사상 최고 1분기 실적을 기록했다.,호재,2026-04-02 06:09,20.5,사실형,94.7
https://n.news.naver.com/mnews/article/015/0005269296?sid=101,자동차/모빌리티,"[단독] 현대차그룹, 中전기차에 대반격…'중저가 배터리'로 정면승부",현대차그룹은 중저가 배터리를 도입해 중국 전기차와 경쟁하기 위해 내년께 주요 전기차종에 탑재할 예정이다.,호재,2026-03-31 17:41,30.4,사실형,76.9
https://n.news.naver.com/mnews/article/030/0003414207?sid=103,자동차/모빌리티,"현대차·기아, 美 1분기 역대 최대…전년비 2.6%↑","현대차그룹은 1분기 판매량이 역대 최대 실적을 기록하며, 작년 동기보다 2.6% 증가했다.",호재,2026-04-02 16:04,8.3,사실형,81.5
https://n.news.naver.com/mnews/article/277/0005741599?sid=103,자동차/모빌리티,"""못버티겠다, 전기차로 바꾸자"" 기름값 '2000원 공포'에 2월 신규등록 역...",2월 신규 전기차 등록 대수가 역대 최다인 3만5693대를 기록했다.,호재,2026-03-29 13:26,42.7,사실형,84.9
https://n.news.naver.com/mnews/article/052/0002335262?sid=104,자동차/모빌리티,"현대차·기아, 이란 전쟁 속에도 '역대 최고 1분기'",현대차와 기아가 이란 전쟁으로 인한 판매 감소에도 불구하고 사상 최고의 1분기 실적을 기록했다.,호재,2026-04-02 07:47,22.9,추론형,20
https://n.news.naver.com/mnews/article/018/0006251840?sid=102,IT/반도체,"법무법인 세종, 대형 로펌 최초 'AI·디지털 경쟁법팀' 출범",법무법인 세종이 경쟁법 이슈에 대응하기 위해 'AI·디지털 경쟁법팀'을 출범시켰다.,호재,2026-04-07 10:41,11.2,사실형,44.1
https://n.news.naver.com/mnews/article/001/0016001786?sid=100,IT/반도체,"한·프랑스, 핵심광물·반도체·원전 협력 강화",한·프랑스가 핵심광물·반도체·원전 협력 강화를 위해 3자 협력의향서를 체결했다.,호재,2026-04-03 18:23,27.6,추론형,49.6
https://n.news.naver.com/mnews/article/001/0016006166?sid=105,IT/반도체,"원주시, 대만 신주시와 AI 디지털헬스 협력 기반 확보","원주시는 대만 신주시와 AI 디지털헬스 협력 기반을 확보하기 위해 AI EXPO Taiwan 2026에 참가하고, 신주시와의 공식 협의를 통해 협력 의사를 확인했다.",호재,2026-04-07 08:55,31.5,사실형,46.4
https://n.news.naver.com/mnews/article/001/0016006164?sid=105,IT/반도체,"아산시, 'AI 광반도체 핵심부품 제조 기반 구축' 공모 선정","아산시는 'AI 광반도체 핵심부품 제조 기반 구축' 공모사업에 선정돼, 정부출연금 100억원 등 모두 143억원을 투입해 아산시를 광반도체 상용화 제품 개발의 전초기지로 육성할 계획이다.",호재,2026-04-07 08:51,46.4,대화형,15.6
https://n.news.naver.com/mnews/article/014/0005502140?sid=100,IT/반도체,"한-프, 정상회담 계기 14건 문건 체결…AI·반도체·핵연료·광물 등 [韓...","한-프 정상회담 계기로 AI, 반도체, 양자 분야 협력 의향서 체결",호재,2026-04-03 13:05,23.4,사실형,49.1
https://n.news.naver.com/mnews/article/008/0005338573?sid=101,2차전지,"""ESS 입찰 '국산'에 인센티브 더 줘야""…K배터리 생존 정부에 달렸다",LG화학의 양극재 사업 영업이익이 지난해 전년보다 1460억원 증가했다.,호재,2026-04-01 18:20,22.2,사실형,47.0
https://n.news.naver.com/mnews/article/001/0016001839?sid=105,IT/반도체,한·프 AI 공조 본격화…미스트랄 CEO와 협력 논의,한·프 AI 공조가 본격화되며 한국의 AI 기술과 미스트랄 AI의 유연한 모델이 결합하여 아시아와 유럽 시장의 최상의 경쟁력을 확보할 수 있을 것으로 기대된다.,호재,2026-04-03 19:20,20.5,대화형,48.5
https://n.news.naver.com/mnews/article/366/0001155755?sid=101,제약/바이오,美·이란 휴전 지속 기대에 코스피 2%대 상승…5900선 턱 밑,코스피가 2%대 상승을 기록하며 5900선에 근접했다.,호재,2026-04-10 09:14,54.8,사실형,95.0
https://n.news.naver.com/mnews/article/215/0001248469?sid=101,2차전지,"테슬라, 네덜란드 성적표가 주목되는 이유 [마켓딥다이브]",테슬라의 고도화된 자율주행 기술이 배터리 소모량을 5~10% 증가시킬 것으로 알려져 있습니다.,호재,2026-04-09 14:31,65.2,추론형,0.0
https://n.news.naver.com/mnews/article/003/0013878750?sid=101,2차전지,"신한은행, SK온과 'K-배터리' 해외 확장 지원…생산적금융 협약",신한은행과 SK온이 전기차용 2차전지·ESS 분야의 해외 사업 확대를 지원하기 위한 협약을 체결했다.,호재,2026-04-09 17:13,7.6,사실형,87.5
https://n.news.naver.com/mnews/article/025/0003515247?sid=101,2차전지,"[Biz &amp; Now] 포스코홀딩스, 아르헨 리튬 염호 광권 인수","포스코홀딩스가 아르헨 리튬 염호 광권 인수, 전기차 배터리 생산 규모 확보",호재,2026-04-10 00:02,12.3,사실형,99.3
https://n.news.naver.com/mnews/article/016/0002627581?sid=101,제약/바이오,나프타 쇼크에 원료·포장재 ‘비상’…중동발 공급망 ‘비상등’ 켠 제...,나프타 쇼크로 원료와 포장재 공급이 위협받고 있어 제약업계가 비상 상태에 빠졌다.,호재,2026-04-10 09:13,6.5,추론형,19.5
https://n.news.naver.com/mnews/article/015/0005273290?sid=101,제약/바이오,"이스라엘도 휴전 대열 합류 가능성…코스피, 강세 출발",코스피가 2% 넘게 상승하며 5900선 회복을 시도하고 있다.,호재,2026-04-10 09:01,30.4,사실형,80.4
https://n.news.naver.com/mnews/article/374/0000503547?sid=101,제약/바이오,이란전쟁에 국내 주식 10개 중 7개 녹았다,이란 전쟁 여파로 국내 증시에서 10개 중 7개 종목이 하락했다.,악재,2026-04-10 07:25,61.0,추론형,19.9
https://n.news.naver.com/mnews/article/009/0005663867?sid=105,제약/바이오,요즘 오너 3세들이 열공하는 분야는…대기업들 바이오 영토 확장 러시,"대기업들이 바이오 산업으로 영토를 확장하고 있으며, 오너 3세들이 이 분야에 관심을 두고 사업을 주도하고 있습니다.",호재,2026-04-10 06:21,34.9,사실형,66.9
https://n.news.naver.com/mnews/article/421/0008881340?sid=105,제약/바이오,"황제주서 고꾸라진 삼천당제약…""바이오주 옥석 가리기 중요성 남겨""",삼천당제약이 최근 50% 이상 급락하여 국내 바이오 업계의 신뢰 문제로 확산하는 논란의 중심에 섰다.,악재,2026-04-10 06:20,20.5,사실형,75.1
https://n.news.naver.com/mnews/article/001/0016013344?sid=101,제약/바이오,이란전쟁에 국내 주식 10개 중 7개 녹았다…하락률 1위는,이란 전쟁 여파로 국내 주식 10개 중 7개가 하락한 것으로 나타났습니다.,악재,2026-04-10 07:10,57.9,사실형,87.4
https://n.news.naver.com/mnews/article/215/0001248532?sid=101,제약/바이오,"잘 나가던 국장, 전쟁에 '휘청'...하락률 1위는",이란 전쟁 여파로 국내 증시 상장 종목 70%가 하락한 것으로 나타났다.,악재,2026-04-10 07:36,44.4,사실형,99.0
https://n.news.naver.com/mnews/article/018/0006254356?sid=101,제약/바이오,"바이오 코리아 2026 사전등록 D-8, 글로벌 협력과 투자 열기 고조","바이오 코리아 2026 사전등록 마감 임박, 글로벌 협력과 투자 기회 열리는 중",호재,2026-04-10 08:46,32.3,대화형,28.4
https://n.news.naver.com/mnews/article/417/0001138359?sid=101,제약/바이오,"""인류의 적 '암' 정복""…해외로 뻗는 루닛, 실적 정상화 속도 낸다","루닛은 해외 사업을 중심으로 실적 정상화 속도를 높이며, 암을 정복하는 데 효과적인 방법으로 인정을 받고 있다.",호재,2026-04-10 08:46,27.5,사실형,78.7
https://n.news.naver.com/mnews/article/022/0004119754?sid=101,제약/바이오,‘계약 부풀리기’ 그만… 제약·바이오 공시 뜯어 고친다,금융당국은 제약·바이오 공시 기준을 강화하고 호재성 정보를 부풀리는 행위를 막기 위해 작업에 들어간다.,호재,2026-04-10 06:02,15.6,사실형,54.8
https://n.news.naver.com/mnews/article/018/0006254334?sid=101,제약/바이오,"글로벌 최초 꿀벌 유전자치료제 앞세운 제놀루션, 그린바이오 사업으로...","제놀루션은 글로벌 최초로 꿀벌 낭충봉아부패병 유전자 치료제를 개발하고, 그린바이오 사업을 통해 실적 개선에 나선다.",호재,2026-04-10 08:22,54.5,사실형,44.2
https://n.news.naver.com/mnews/article/421/0008881311?sid=103,제약/바이오,"블록버스터 키우는 K-바이오, 글로벌 항암시장 위해 태평양 건넌다",K-바이오 기업들이 세계 최대 암 학회 AACR 2026에 대거 출전하며 최첨단 항암 기술을 선보일 예정이다.,호재,2026-04-10 06:00,60.4,사실형,45.4
https://n.news.naver.com/mnews/article/022/0004119763?sid=101,제약/바이오,"“다주택 양도세 중과유예, 5월 9일 신청까지 허용”…제약·바이오 공...","정부는 다주택자 양도소득세 중과 유예 기한을 5월 9일로 확정하고, 해당 일까지 토지거래허가 신청 시 중과 적용을 배제한다.",호재,2026-04-10 06:03,22.3,사실형,68.7
https://n.news.naver.com/mnews/article/417/0001138337?sid=101,제약/바이오,"[순혈주의 타파]야인에서 동지로…삼성맨 김태한, HLB 숙원 FDA승인 방점",삼성바이오로직스 전 대표 김태한이 HLB 바이오 부문 총괄 회장으로 선임되어 FDA 승인 결과 발표를 앞두고 중요한 역할을 할 것으로 예상된다.,호재,2026-04-10 05:53,26.6,사실형,65.0
https://n.news.naver.com/mnews/article/018/0006254313?sid=101,제약/바이오,"삼천당, 대만 특허 등록 역설…국제조사보고서·선행특허 ‘외면’ 논란...",삼천당제약은 대만 특허 등록 소식에 넥스트트레이드(NXT)에서 주가가 올라 정규장에서 하락했던 만큼을 회복하는 모습을 보였다.,호재,2026-04-10 08:02,38.0,사실형,60.3
https://n.news.naver.com/mnews/article/018/0006254322?sid=101,제약/바이오,"의약품 원료·포장'직격탄' vs CDMO '미소'...K바이오, 중동전쟁 장기화...","중동전쟁으로 국내 제약·바이오 업계가 본격적인 여파를 맞고 있으며, 원료의약품 업체는 고환율과 원유 공급 중단으로 이중고를 겪고 있지만, CDMO 업체는 고환율에 따른 수익 증가를 기대하고 있다.",호재,2026-04-10 08:12,68.0,사실형,56.9
https://n.news.naver.com/mnews/article/011/0004609934?sid=100,방산/우주항공,명품 K2 전차·K9 자주포 ‘하이브리드 심장’ 탑재한다[이현호의 방산...,"현대로템과 한화에어로스페이스는 K2 전차와 K9 자주포의 하이브리드 엔진을 개발 중이며, 2040년부터는 수소 엔진만 사용할 계획이다.",호재,2026-04-13 07:00,69.7,사실형,56.9
https://n.news.naver.com/mnews/article/469/0000925016?sid=100,방산/우주항공,"[단독] 軍과 협의 없이 ""육군 인원, 예산 지원""… 허위광고로 기업 모집...",민간단체인 육군협회가 KADEX 전시회에 허위 광고를 올려 참가기업을 모집한 논란이 발생했다.,악재,2026-04-13 04:31,57.2,사실형,90.0
https://n.news.naver.com/mnews/article/050/0000104867?sid=101,방산/우주항공,"""천궁-II 더 빨리 보내달라""…중동 'SOS'에 美 무기 패권 흔들","사우디아라비아와 UAE가 방공망 공백을 메우기 위해 한국산 천궁-II 무기 체계의 조기 인도를 요청하며, 미국의 무기 패권을 흔들고 있다.",호재,2026-04-13 04:19,34.8,사실형,75.3
https://n.news.naver.com/mnews/article/011/0004609773?sid=100,방산/우주항공,"민·관 방산협력 사절단, 중남미서 K-방산 홍보 활동",한국 방산협력 사절단이 중남미 지역에 K-방산 세일즈 활동을 벌여 양국 방산 분야 협력을 강화했다.,호재,2026-04-12 15:33,45.9,사실형,97.3
https://n.news.naver.com/mnews/article/003/0013882622?sid=100,방산/우주항공,"정부, 민관 방산협력 사절단 중남미 파견…""K-방산 홍보·협력 논의""","정부는 중남미에 민관 방산협력 사절단을 파견해 K-방산 포럼 개최, 주요 국방 관계자 면담 등 K-방산 세일즈 활동을 펼쳤다.",호재,2026-04-12 17:31,28.9,사실형,97.2
https://n.news.naver.com/mnews/article/029/0003021238?sid=104,방산/우주항공,"하늘 뚫린 중동의 다급한 구애… “한국, 천궁Ⅱ 더 빨리 줄 수 없나”","중동 국가들이 미국에 의존하는 무기 조달 체계에서 벗어나 한국, 영국, 우크라이나 등으로 눈을 돌리며 대체 무기 확보를 시급하게 추진하고 있다.",호재,2026-04-13 03:21,13.2,사실형,95.3
https://n.news.naver.com/mnews/article/001/0016016641?sid=100,방산/우주항공,"민·관 방산협력 사절단, 중남미서 K-방산 홍보 활동",정부는 중남미 지역에 민·관 방산협력 사절단을 파견해 'K-방산' 세일즈 활동을 벌였다.,호재,2026-04-12 15:06,49.7,사실형,93.3
https://n.news.naver.com/mnews/article/014/0005506430?sid=101,방산/우주항공,"풍산, 탄약 매각 백지화에 '총차입금 1兆' 경고등","풍산이 탄약사업 매각을 백지화하면서 총차입금 1조원이 넘는 부담이 가중되고, '차환 릴레이'가 계속될 전망이다.",악재,2026-04-13 07:59,28.4,사실형,97.1
https://n.news.naver.com/mnews/article/056/0012160584?sid=100,방산/우주항공,"민·관 방산협력 사절단, 중남미서 K-방산 홍보 활동",정부는 중남미 지역에 민·관 방산 협력 사절단을 파견해 'K-방산' 세일즈 활동을 벌였다.,호재,2026-04-12 15:32,72.1,추론형,100.0
https://n.news.naver.com/mnews/article/021/0002784056?sid=100,방산/우주항공,범정부·기업 民官방산협력 사절단 칠레·브라질서 K-방산 세일즈,정부와 기업이 함께한 K-방산의 중남미 시장 확대 본격화,호재,2026-04-12 16:27,46.3,사실형,89.2
https://n.news.naver.com/mnews/article/243/0000096218?sid=105,IT/플랫폼,고정밀 지도 ‘날개 단’ 구글 vs ‘단골집’ 꽉 잡은 네카오…지도 전...,국내 고정밀 지도의 국외 반출이 조건부로 승인되어 구글이 한국 지도에 접근할 수 있게 되었다.,호재,2026-04-13 07:00,21.6,사실형,75.8
https://n.news.naver.com/mnews/article/022/0004120315?sid=102,IT/플랫폼,"인제 지역화폐 앱, 간편결제 확대",인제군은 지역화폐 플랫폼을 대폭 강화하고 간편결제 서비스를 확대한다.,호재,2026-04-13 06:04,13.7,사실형,59.4
https://n.news.naver.com/mnews/article/029/0003021173?sid=103,IT/플랫폼,웹툰 완결 5년 지나도 여전한 인기…키움 입단한 춘배가 보여준 IP 롱런...,네이버웹툰 '냐한남자'의 캐릭터 '춘배'가 키움 히어로즈와 컬래버한 후 여전히 높은 인기를 가지고 있다.,호재,2026-04-12 16:12,51.3,사실형,59.9
https://n.news.naver.com/mnews/article/087/0001186370?sid=102,IT/플랫폼,인제군 ‘그리고 앱’ 리뉴얼… 지역화폐 편의 높인다,"인제군이 지역화폐 플랫폼 기능을 강화하고, 간편결제 서비스를 확대해 주민 편의성을 높인다.",호재,2026-04-13 00:05,21.4,사실형,52.6
https://n.news.naver.com/mnews/article/082/0001375567?sid=101,IT/플랫폼,‘동행축제’ 시작…93개 온라인쇼핑몰 K-뷰티·패션·식품 할인전,"동행축제가 4월 11일부터 5월 10일까지 전국 곳곳에서 열리며, 온라인 플랫폼 93개에서 K-뷰티·패션·식품 등 1만 8000여 소상공인의 제품에 대한 할인전이 진행된다.",호재,2026-04-12 14:44,20.2,사실형,61.5
https://n.news.naver.com/mnews/article/009/0005664818?sid=101,IT/플랫폼,“페이로 할게요” 한마디에 심장 철렁…회원수 쭉쭉 빠진다는 카드업...,신용카드 사가 간편결제 확산으로 고객 기반이 약화되고 있다.,악재,2026-04-12 23:28,30.2,사실형,73.2
https://n.news.naver.com/mnews/article/658/0000140847?sid=101,IT/플랫폼,닫힌 지갑 열어라…전국 소비 대축제,"정부는 4월 10일까지 전국에서 대규모 소비 촉진 행사를 개최하며, 연매출 30억 원 이상의 가맹점에서는 온누리상품권 사용을 제한한다.",호재,2026-04-12 19:52,42.0,사실형,65.6
https://n.news.naver.com/mnews/article/009/0005664705?sid=101,IT/플랫폼,"신규회원 정체, 해지는 급증 … 이중고 직면한 신용카드사",신용카드사 신규회원 정체와 해지는 급증으로 고객 기반 마저 뺏길 위기에 처했다.,악재,2026-04-12 17:10,20.2,사실형,68.4
https://n.news.naver.com/mnews/article/277/0005748277?sid=101,IT/플랫폼,'동행축제' 5월10일까지 운영…온·오프 200개 채널 할인행사,"동행축제가 5월 10일까지 30일간 운영되며, 200개 온·오프라인 유통채널에서 할인행사와 이벤트가 진행될 예정이다.",호재,2026-04-12 18:06,7.9,사실형,63.9
https://n.news.naver.com/mnews/article/014/0005506290?sid=101,IT/플랫폼,막 오른 동행축제… 한 달간 '할인혜택' 터진다,"정부가 중소벤처기업부가 준비한 '4월 동행축제'가 시작되며, 전국에서 소비 촉진 행사를 한 달간 진행된다.",호재,2026-04-12 18:14,15.2,사실형,62.6
https://m.entertain.naver.com/article/079/0004131860,엔터/미디어,"NCT, SM의 기획력 축적된 브랜드이자 플랫폼[파고들기]","NCT의 핵심은 '확장 가능한 아이돌 아키텍처'이며, SM이 아이돌 그룹을 플랫폼으로 설계하려 한다는 점을 강조했다.",호재,2026-04-02 05:01,14.4,예측형,11.0
https://n.news.naver.com/mnews/article/011/0004389776?sid=101,엔터/미디어,BTS 넘보는 K팝 장르로 떠오른 버추얼 아이돌…대형 엔터사도 사활 걸었...,버추얼 아이돌 시장은 2021년부터 연평균 35.6% 성장하여 2028년엔 28조 이상 시장으로 성장할 것으로 전망된다.,호재,2024-09-08 13:46,68.4,사실형,68.3
https://n.news.naver.com/mnews/article/016/0002605752?sid=103,엔터/미디어,위축된 K-팝 터전 日? 오리콘 결산 톱10 그룹은 단 한 팀,"오리콘 차트 톱10에서 단 한 팀인 스트레이 키즈가 K-팝 그룹으로 6위에 올랐으며, K-팝 수출 시장에서의 일본 점유율은 사상 처음으로 30% 아래로 떨어졌다.",호재,2026-02-26 15:22,35.9,사실형,68.2
https://m.entertain.naver.com/article/241/0003494128,엔터/미디어,"소속사와 아이돌, 생존을 건 슬픈 투쟁… 판례로 보는 엔터 산업 구조의...",소속사와 아이돌의 생존을 위한 투쟁은 엔터테인먼트 산업의 구조적 슬픔에由来한다.,호재,2026-02-13 06:03,21.7,예측형,49.5
https://m.sports.naver.com/esports/article/347/0000192108,엔터/미디어,"[프리뷰] 3매치와 SM엔터 아이돌의 만남, 카카오게임즈 '슴미니즈'",SM엔터테인먼트가 제공하는 IP를 기반으로 한 게임 'SMiniz'가 2026년 2월 25일 글로벌 시장에서 동시 출시를 준비중이다.,호재,2026-02-23 18:00,17.2,사실형,43.0
https://m.entertain.naver.com/article/112/0003786457,엔터/미디어,"[엔터, 지금?]진화한 K팝, 멈춘 힙합‥‘쇼미12’의 딜레마",K팝은 글로벌 문화 산업으로 확장되면서 버추얼 아이돌까지 등장했다.,호재,2026-01-21 16:50,17.7,사실형,80.4
https://m.entertain.naver.com/article/468/0001218063,엔터/미디어,"태민, K팝 최초 美 아마존 뮤직 ‘인 더 페인트’ 출격... 글로벌 행보 ...",태민이 아마존 뮤직 '인 더 페인트'에 K-팝 아티스트 최초로 출연한다.,호재,2026-02-18 16:11,37.0,사실형,80.2
https://m.entertain.naver.com/article/076/0004355015,엔터/미디어,GD소속사에서 만든다는 K팝 로봇아이돌…'진짜 나오겠네' 초융합 엔터테...,GD소속사에서 만든 K팝 로봇아이돌이 나올 예정으로 초융합 엔터테크 시대가 시작될 것이라고 예고했다.,호재,2025-12-11 09:41,18.1,대화형,44.2
https://m.entertain.naver.com/article/382/0001256104,엔터/미디어,"태민, 아마존 뮤직 ‘In the Paint’ 출연…K팝 최초 합류",태민이 아마존 뮤직 'In the Paint'에 K-팝 최초로 출연한다.,호재,2026-02-18 13:06,29.1,사실형,49.8
https://n.news.naver.com/mnews/article/366/0001153831?sid=103,자동차/모빌리티,"현대차·기아, 美 1분기 신기록… 하이브리드 판매량 53% 급증",현대차·기아가 1분기 미국 시장에서 역대 최대 판매량을 기록했다.,호재,2026-04-02 17:11,15.2,사실형,88.7
https://n.news.naver.com/mnews/article/003/0013864590?sid=101,자동차/모빌리티,"전기차 보조금 고갈 직전…車업계 ""정책적 지원 절실"" [다시 달리는 EV ...","전기차 판매량이 역대 최대치에 달하면서, 정부와 지방자치단체가 보조금을 확대해야 한다는 업계의 제언이 나온다.",호재,2026-04-03 06:30,14.9,사실형,89.2
https://n.news.naver.com/mnews/article/018/0006249001?sid=101,자동차/모빌리티,"이재용·정의선 '3세 동맹'…현대차·기아, 삼성 배터리 첫 탑재[only 이...","삼성SDI의 각형 배터리가 현대차와 기아의 신규 전략 모델에 탑재되며, 이재용 삼성전자 회장과 정의선 현대차그룹 회장의 '3세 동맹'이 배터리까지 본격화하고 있다.",호재,2026-04-03 05:02,9.1,사실형,90.7
https://n.news.naver.com/mnews/article/005/0001841013?sid=101,자동차/모빌리티,“벌써 동났다고?” 빠르게 고갈 중인 전기차 보조금,전국 지자체에서 전기차 보조금이 60% 이상 소진되면서 고갈 현상이 나타나고 있다.,악재,2026-04-03 09:59,20.1,사실형,80.0
https://n.news.naver.com/mnews/article/009/0005660383?sid=103,자동차/모빌리티,“미국냄새 진동하는데 한국차?”…우락부락 픽업트럭 내놓은 현대차,현대차는 뉴욕오토쇼에서 '볼더' 콘셉트 모델을 전 세계 최초로 공개하며 미국 시장에 맞춰 픽업트럭과 SUV 라인업을 확대했다.,호재,2026-04-03 06:08,25.8,사실형,84.7
https://n.news.naver.com/mnews/article/215/0001247767?sid=101,자동차/모빌리티,'기름값 겁나 전기차 봤더니'...40개 지자체 보조금 벌써 동났다,전기차 보조금이 60% 넘게 소진되어 일부 지역에서는 완전히 고갈된 것으로 나타났다.,호재,2026-04-03 11:12,29.0,사실형,83.9
https://n.news.naver.com/mnews/article/003/0013864575?sid=101,자동차/모빌리티,"""신차·중고 안가린다""…고유가·2부제에 전기차 수요 '폭증' [다시 달리...","고유가와 2부제로 인해 전기차 수요가 폭증하고 있으며, 현대차와 기아의 전기차 판매량도 사상 최대치를 기록했다.",호재,2026-04-03 06:00,11.4,사실형,90.4
https://n.news.naver.com/mnews/article/003/0013866218?sid=104,자동차/모빌리티,美 휘발유 4달러 돌파에…전기차 시장 다시 꿈틀,미국 휘발유 가격이 급등하자 전기차 수요가 다시 살아나고 있다.,호재,2026-04-03 15:30,33.8,사실형,93.9
https://n.news.naver.com/mnews/article/003/0013861278?sid=101,자동차/모빌리티,"기름값 뛰자 전기차로 이동…현대차·기아, 3월 판매 두 배 증가",현대차와 기아의 전기차 판매량이 3월에 두 배 이상 증가했다.,호재,2026-04-01 18:20,8.2,사실형,91.0
https://n.news.naver.com/mnews/article/022/0004117948?sid=101,자동차/모빌리티,"현대차, 차세대 중형 픽업 승부수… 북미시장 입지 넓힌다","현대차는 미국 시장에서 인기 있는 픽업트럭을 출시할 계획으로, 북미 시장의 입지를 넓히기 위해 다양한 라인업을 확대할 예정이다.",호재,2026-04-03 06:04,10.9,사실형,81.6
https://n.news.naver.com/mnews/article/025/0003513811?sid=101,자동차/모빌리티,"“고유가에 전기차 잘나가네”…테슬라 월 1만대 판매, 수입차 최초",테슬라가 국내 수입차 브랜드 최초로 월 판매량 1만대를 돌파했다.,호재,2026-04-03 15:43,11.1,사실형,90.7
https://n.news.naver.com/mnews/article/018/0006250016?sid=101,IT/반도체,"AI 병목, 반도체 다음은 ‘네트워크’…광통신 ETF 출격[ETF언박싱]","AI 관련 투자가 반도체와 전력에서 네트워크 인프라로 확장되면서, 광통신 관련 기업에 집중 투자하는 ETF가 새로 출범했다.",호재,2026-04-04 07:32,14.1,사실형,70.8
https://n.news.naver.com/mnews/article/022/0004117808?sid=102,IT/반도체,"인하공전, 교육부 ‘첨단산업 부트캠프’ AI 융합과정 선정",인하공업전문대학이 교육부와 함께 '반도체+AI 융합' 교육과정을 운영할 예정입니다.,호재,2026-04-02 16:52,19.6,사실형,44.1
https://n.news.naver.com/mnews/article/293/0000082165?sid=101,IT/반도체,"SK에코플랜트, 반도체 축 사업 재편 'PF 해소' 과제",SK에코플랜트가 반도체 중심의 사업 재편을 속도가 나면서도 프로젝트파이낸싱(PF) 부담은 여전히 남아 있다.,호재,2026-04-03 16:29,9.0,사실형,89.7
https://n.news.naver.com/mnews/article/020/0003709333?sid=101,IT/반도체,"포스코DX, 모빌린트와 MOU…“국산 NPU로 AI 인프라 비용 절감”",포스코DX는 모빌린트와 업무협약을 체결하여 국산 NPU를 활용해 AI 인프라 비용을 절감하고 '인텔리전트 팩토리'를 구현할 계획이다.,호재,2026-04-02 16:34,14.1,사실형,80.6
https://n.news.naver.com/mnews/article/050/0000104550?sid=101,IT/반도체,"“고맙다 AI”...삼성전자, '축포' 터뜨리나","삼성전자가 1분기 잠정 영업이익이 약 50조원에 달할 것으로 예상되며, 반도체 부문이 이익의 90%를 차지할 것으로 관측된다.",호재,2026-04-04 09:54,39.8,사실형,79.5
https://n.news.naver.com/mnews/article/020/0003709320?sid=101,IT/반도체,"롯데이노베이트, 국산 AI 반도체 활용 ‘그린스마트 인프라구축’ 협력...","롯데이노베이트와 딥엑스는 국산 AI 반도체를 활용해 '그린스마트 인프라구축' 협력을 시작하며, 지능형 CCTV 시스템의 효율성을 높이고 양산화에 나선다.",호재,2026-04-02 16:09,36.3,사실형,32.2
https://n.news.naver.com/mnews/article/277/0005744941?sid=105,IT/반도체,"""반도체 2나노급 생산시설서 치즈버거 먹을 것""…'더러운 팹' 꿈꾸는 머...",이물질이 들어가도 작동하는 반도체 팹을 꿈꾸는 일론 머스크의 야심이 반도체 산업을 뒤집을 수 있다.,호재,2026-04-04 07:13,21.5,추론형,19
https://n.news.naver.com/mnews/article/092/0002417260?sid=105,IT/반도체,"""TCO 낮추고 국산 반도체 얹는다""…롯데이노베이트, NPU로 공공시장 승부...",롯데이노베이트는 딥엑스와 손잡고 온디바이스 AI 시장 공략에 나선다.,호재,2026-04-02 10:45,36.9,예측형,47.2
https://n.news.naver.com/mnews/article/018/0006248205?sid=101,IT/반도체,"포스코DX, 국산 NPU로 제조 AI 혁신 가속화","포스코DX가 국산 NPU를 활용해 인텔리전트 팩토리를 구현하고, 현장에서 즉각적인 AI 분석과 제어가 가능한 시스템을 개발한다.",호재,2026-04-02 10:12,28.2,사실형,99.1
https://n.news.naver.com/mnews/article/005/0001841076?sid=101,IT/반도체,“파트너십으로 반도체 기술 혁신”…삼성 DS부문 상생협력 행사,"삼성전자 DS부문이 협력사와 상생협력 행사를 열어 기술 로드맵을 공유했고, 협력회사 경쟁력을 강화하기 위해 자금·기술·인력 분야 지원 프로그램을 운영하고 있다.",호재,2026-04-03 16:23,17.2,사실형,86.1
https://n.news.naver.com/mnews/article/011/0004606900?sid=101,IT/반도체,전영현 “협력사와 ‘원팀’ 이뤄 반도체 혁신 주도”,삼성전자 DS부문은 협력사와 '원팀'을 이뤄 반도체 혁신을 주도하고자 한다.,호재,2026-04-03 17:01,18.7,사실형,93.0
https://n.news.naver.com/mnews/article/003/0013863862?sid=102,IT/반도체,"인하공전, 반도체 분야 특화 'AI 융합 교육과정' 운영한다",인하공업전문대학은 교육부와 한국산업기술진흥원(KIAT)이 주관하는 '첨단산업 인재양성 부트캠프' 사업에서 인공지능(AI) 융합과정 운영대학으로 선정됐습니다.,호재,2026-04-02 16:12,23.8,사실형,51.7
https://n.news.naver.com/mnews/article/001/0015991136?sid=104,IT/반도체,"韓 AI반도체기업 리벨리온, 4억불 투자유치…美시장 진출 추진",한국의 AI반도체 스타트업 리벨리온이 4억달러의 투자를 유치하고 미국 시장 진출을 본격화한다.,호재,2026-03-31 03:26,31.2,사실형,61.4
https://n.news.naver.com/mnews/article/018/0006249584?sid=105,IT/반도체,"국가AI전략위, 프랑스 ‘미스트랄 AI’와 협력 논의… AI 전략 패키지 이...",정부가 프랑스의 대표 AI 기업인 '미스트랄 AI'와 협력하여 글로벌 AI 경쟁력 확보를 위한 실질적인 협력 방안을 도출한다.,호재,2026-04-03 18:12,24.4,사실형,36.8
https://n.news.naver.com/mnews/article/366/0001154078?sid=105,IT/반도체,"AI 반도체 기판 쏠림에 모바일용 기판 부족… LG이노텍, 공급 탄력",LG이노텍이 모바일용 고부가 반도체 기판 공급 부족에 대응하여 공급 확대 및 단가 인상 전망,호재,2026-04-03 15:01,18.7,사실형,52.6
https://n.news.naver.com/mnews/article/003/0013860456?sid=101,IT/반도체,"삼정KPMG ""국내 기업들, 버티컬 AI에 강점…역량 집중해야""",삼정KPMG는 한국 기업들이 기존 강점 산업에 AI를 접목한 '산업 특화 AI' 분야에서 경쟁력을 확보하고 글로벌 시장 확대를 추진해야 한다고 제언했다.,호재,2026-04-01 14:43,18.2,사실형,82.6
https://n.news.naver.com/mnews/article/366/0001154104?sid=105,IT/반도체,"삼성전자 반도체, 상생협력 데이 개최… 전영현 “파트너사와 기술 혁신...","삼성전자 대표이사 전영현은 상생협력 데이에서 파트너사와 기술 혁신을 강조하며, 협력사와 함께 성장하는 산업 생태계를 구축하기 위해 파트너십을 강화하겠다고 말했다.",호재,2026-04-03 16:01,14.5,사실형,88.4
https://n.news.naver.com/mnews/article/030/0003414543?sid=105,IT/반도체,"삼성전자 DS, 64개 반도체 협력사와 '상생 협력 DAY' 개최",삼성전자 DS부문이 64개 반도체 협력사와 '상생 협력 DAY'를 개최하여 협력회사와 소통 및 동반성장을 다지기 위해 진행했다.,호재,2026-04-03 20:17,35.7,사실형,76.5
https://n.news.naver.com/mnews/article/469/0000923248?sid=102,IT/반도체,"포스코DX, 외국 GPU 대신 국산 NPU로 제조 현장 AI 전환",포스코DX는 외국 GPU 대신 국산 NPU를 활용해 산업 현장의 AI 전환에 나선다.,호재,2026-04-02 15:49,14.6,사실형,58.1
https://n.news.naver.com/mnews/article/009/0005663946?sid=101,IT/반도체,"“이대로 끝나면 버틸만 해”…ADB, 한국 성장률 1.7→1.9% 상향","ADB가 한국 경제 성장률을 1.7%에서 1.9%로 상향 전망, 중동 갈등이 1개월 내 안정화 가정",호재,2026-04-10 09:52,14.8,사실형,76.4
https://n.news.naver.com/mnews/article/082/0001375381?sid=101,IT/반도체,"ADB, 한국 경제성장률 0.2%P 상향, 1.9% 전망",ADB가 한국 경제 성장률을 0.2%포인트 상향 조정하여 1.9%로 전망했다.,호재,2026-04-10 09:50,22.7,사실형,80.7
https://n.news.naver.com/mnews/article/003/0013879638?sid=101,IT/반도체,"""ISA에서 연금까지""…한투운용, 절세 투자 가이드북 발간","한투운용은 절세 투자에 대한 관심이 높아지는 가운데, ISA와 연금계좌를 연계한 자산관리 전략을 담은 가이드북을 발간했다.",호재,2026-04-10 10:07,21.5,사실형,76.2
https://n.news.naver.com/mnews/article/011/0004609296?sid=101,IT/반도체,“엔비디아 공급망 입지 강화”...삼성전기 10% 이상 강세[줍줍리포트],"삼성전기는 엔비디아 공급망 입지 강화로 인해 10% 이상 상승세를 기록하고 있으며, AI 반도체 시장 확대 국면에서 구조적 경쟁력이 부각되고 있다.",호재,2026-04-10 09:50,12.5,사실형,59.4
https://n.news.naver.com/mnews/article/008/0005342472?sid=105,IT/반도체,"SKT, CPU에 NPU 더한 AI 서버 설루션 개발…비용↓·효율 ↑","SK텔레콤은 Arm과 리벨리온과 함께 AI 데이터센터 사업을 협력하고, AI 서버 설루션을 개발하여 AI 추론 성능을 높이고 전력 효율을 개선한다.",호재,2026-04-10 10:10,26.4,사실형,52.6
https://n.news.naver.com/mnews/article/011/0004609294?sid=105,IT/반도체,"SKT, 英Arm·리벨리온과 차세대 AI 서버 솔루션 개발 맞손",SK텔레콤은 영국 암과 리벨리온과 함께 차세대 AI 서버 솔루션을 개발하기 위해 파트너십을 체결했다.,호재,2026-04-10 09:49,20.1,사실형,77.2
https://n.news.naver.com/mnews/article/366/0001154670?sid=105,제약/바이오,"[사이언스카페] 담뱃잎이 제약공장, 정신질환 치료물질 5종 동시 생산",이스라엘 연구진이 담뱃잎에서 정신질환 치료에 쓸 수 있는 환각 물질 5종을 동시에 생산하는 데 성공했다.,호재,2026-04-07 06:01,61.8,사실형,71.0
https://n.news.naver.com/mnews/article/018/0006250733?sid=105,제약/바이오,"'1.4조 투입' 롯데바이오로직스, 송도 공장 가동 임박...추가 수주 가능...","롯데바이오로직스는 미국 시러큐스와의 투트랙 전략을 통해 글로벌 위탁개발생산(CDMO) 시장 공략에 속도를 내고 있으며, 추가 수주 확보가 사활이 걸린 과제로 떠올랐다.",호재,2026-04-06 08:32,32.8,사실형,70.9
https://n.news.naver.com/mnews/article/011/0004607456?sid=101,제약/바이오,"SK바이오팜, 세계 최대 美 암연구학회서 방사성의약품 성과 공개…“18...","SK바이오팜이 세계 최대 미국 암연구학회에서 방사성의약품 연구 성과를 공개하며, 임상 진입을 위한 빠른 개발 속도를 입증했다.",호재,2026-04-06 10:34,27.1,사실형,48.6
https://n.news.naver.com/mnews/article/024/0000104619?sid=101,제약/바이오,반토막 난 ‘황제주’ 삼천당제약…관련 ETF도 흔들,삼천당제약의 주가 급락으로 관련 ETF 수익률도 타격을 입었다.,악재,2026-04-06 14:56,41.9,사실형,76.4
https://n.news.naver.com/mnews/article/029/0003020077?sid=105,제약/바이오,"SK바이오사이언스, 연구지원 조직 정비…마상호 연구지원실장 영입",SK바이오사이언스가 연구개발 프로젝트의 실행력을 높이고 글로벌 경쟁력을 강화하기 위해 연구지원 조직을 정비하고 핵심 인재를 영입했다.,호재,2026-04-06 09:03,17.0,대화형,37.8
https://n.news.naver.com/mnews/article/586/0000126096?sid=101,제약/바이오,"'300조 비만약 전쟁'…K바이오, 위고비·마운자로에 도전",비만약 시장에서 글로벌 제약사들의 권력 구도가 재편되고 있다.,호재,2026-04-06 08:00,31.6,사실형,29.4
https://n.news.naver.com/mnews/article/366/0001154738?sid=101,방산/우주항공,"무역보험공사, K-방산 전용 예산 편성해 수출금융 지원",정부는 K-방산 수출 확대를 위해 무역보험공사에 방산기업 보증보험을 지원할 별도 계정을 만들기로 했다.,호재,2026-04-07 10:01,45.6,사실형,93.3
https://n.news.naver.com/mnews/article/005/0001841624?sid=101,방산/우주항공,"K9과 155㎜ 포탄 ‘패키지 수출’ 될까… 한화, 풍산 인수 추진",한화그룹이 풍산 탄약사업부 인수를 추진하며 '포'와 '탄'을 하나로 묶는 수직 계열화를 완성하겠다는 구상이다.,호재,2026-04-07 00:54,34.4,사실형,67.4
https://n.news.naver.com/mnews/article/008/0005341313?sid=101,제약/바이오,삼천당제약 '핵심특허' 논란까지…회사 해명에도 주가 9%↓,삼천당제약이 핵심특허 소유권 논란에 대해 해명했지만 주가는 9% 하락했다.,악재,2026-04-08 10:00,46.9,사실형,55.1
https://n.news.naver.com/mnews/article/119/0003078062?sid=102,제약/바이오,미국 FDA 대응 교육 콘텐츠 공개…제약바이오 역량 강화,한국보건산업진흥원은 미국 FDA 인허가 대응 전략을 담은 교육 콘텐츠를 공개하여 국내 제약바이오 기업의 미국 시장 진출을 위한 규제 대응 역량을 강화하고 있다.,호재,2026-04-07 18:01,16.5,사실형,37.2
https://n.news.naver.com/mnews/article/648/0000046065?sid=101,제약/바이오,"삼성바이오에피스, 임직원 AI 역량 강화…'전문가 양성'",삼성바이오에피스는 전 임직원을 대상으로 AI 역량 강화 교육을 실시하여 업무 효율성 제고와 사업 경쟁력 강화를 추진하고 있다.,호재,2026-04-08 09:38,26.0,사실형,77.8
https://n.news.naver.com/mnews/article/366/0001154904?sid=101,제약/바이오,"삼진제약, 산업부 ‘월드클래스 플러스’ 선정…4년간 R&amp;D 40억원 지원",삼진제약이 산업부 '월드클래스 플러스' 지원 사업에 선정돼 4년간 40억원 규모의 연구개발 지원금을 받게 됐다.,호재,2026-04-07 15:14,24.4,사실형,34.9
https://n.news.naver.com/mnews/article/014/0005504078?sid=101,제약/바이오,삼천당제약 “S-PASS 특허 100% 자사 소유… 2018년부터 개발비 전액 부...,"삼천당제약이 S-PASS 특허권 소유권 논란을 정면 반박, 모든 연구개발 비용을 지급한 계약에 근거",호재,2026-04-07 18:32,28.5,예측형,41.4
https://n.news.naver.com/mnews/article/214/0001491290?sid=101,제약/바이오,"주가 반토막 난 삼천당제약, 무슨 일?‥금감원, 조만간 바이오 공시 개...",삼천당제약의 주가가 급락한 이유는 계약 실적을 부풀린 의혹과 대주주의 블록딜 계획 때문입니다.,악재,2026-04-07 20:34,20.5,추론형,18.6
https://n.news.naver.com/mnews/article/001/0016006205?sid=101,제약/바이오,"[바이오스냅] 셀트리온 트룩시마, 미국서 점유율 1위 등극",셀트리온의 혈액암 치료제 '트룩시마'가 미국에서 처방 점유율 1위에 등극했다.,호재,2026-04-07 09:10,14.8,사실형,32.7
https://n.news.naver.com/mnews/article/001/0016008156?sid=105,제약/바이오,AI 접목 바이오 급성장…2035년 34조 시장 열린다,글로벌 인공지능 기반 바이오 시장이 2035년 34조원 규모에 이를 것으로 전망했다.,호재,2026-04-08 06:05,26.1,대화형,19.9
https://n.news.naver.com/mnews/article/366/0001155094?sid=101,제약/바이오,K바이오 美 암학회 총출동…차세대 항암 신약 개발 도전,국내 제약·바이오 기업이 미국암학회에서 차세대 항암 연구를 공개한다.,호재,2026-04-08 10:09,88.1,사실형,41.2
https://n.news.naver.com/mnews/article/374/0000502891?sid=101,제약/바이오,"삼진제약, 산업부 '월드클래스 플러스' 선정...""R&amp;D 지원""",삼진제약이 월드클래스 플러스 프로젝트 지원사업에 선정돼 혁신신약 고도화와 제형·항체-약물접합체 플랫폼 기반 기술 개발을 추진할 계획입니다.,호재,2026-04-07 17:32,55.3,추론형,20
https://n.news.naver.com/mnews/article/277/0005746241?sid=101,방산/우주항공,"K-방산, 중남미 공략 속도전…칠레 'FIDAE' 최대 규모 한국관 출격",대한민국 방산 31개사와 공관이 칠레에서 열리는 중남미 최대 항공·방산 전시회 'FIDAE 2026'에 역대 최대 규모의 한국관을 운영한다.,호재,2026-04-08 06:00,14.9,사실형,87.6
https://n.news.naver.com/mnews/article/018/0006252403?sid=101,방산/우주항공,"K-방산, 중남미 공략 속도…칠레 ‘FIDAE 2026’ 총출동",코트라가 중남미 시장 공략을 위해 칠레의 FIDAE 2026 전시회에 참가한다.,호재,2026-04-08 06:02,18.0,사실형,89.1
https://n.news.naver.com/mnews/article/011/0004608253?sid=101,방산/우주항공,"K-방산, 중남미 시장 원팀 집결…올해 수출 200억 달러 노린다",한국 방산은 중남미 시장에서 역대 최대 규모로 출품하며 올해 수출 200억 달러를 목표로 한다.,호재,2026-04-08 06:01,20.1,사실형,95.4
https://n.news.naver.com/mnews/article/003/0013874341?sid=101,방산/우주항공,K방산 '빅4' 수주잔고 100조원…글로벌 수요에 성장 가속,K방산 주요 4사의 수주잔고가 100조원을 넘어 글로벌 방산 시장에서 성장 국면에 진입했다.,호재,2026-04-08 10:00,56.8,사실형,78.2
https://n.news.naver.com/mnews/article/014/0005503727?sid=101,방산/우주항공,한화 '칠레 방산' 정조준... 중남미 최대 전시회 참가,한화그룹이 중남미 시장에 진출하기 위해 칠레 국제항공우주박람회(FIDAE 2026)에 참가하여 차세대 지상·해양·우주 통합 방산 역량을 선보일 예정이다.,호재,2026-04-07 12:05,24.8,사실형,82.4
https://n.news.naver.com/mnews/article/016/0002626177?sid=101,방산/우주항공,"K-방산, 수출 200억달러 눈앞…중남미 시장 공략 본격화","K-방산은 중남미 시장에서 수출 200억달러 달성을 목표로하고 있으며, 군 현대화, 치안, 국경관리, 해양자원 보호 등 다양한 수요가 확대되고 있다.",호재,2026-04-08 06:01,8.3,사실형,93.4
https://n.news.naver.com/mnews/article/119/0003078120?sid=101,방산/우주항공,K-방산 31개사 칠레 집결…중남미 최대 방산전시회 역대 최대 한국관,"K-방산 31개사 칠레 집결, 중남미 최대 방산전시회 역대 최대 한국관을 운영한다.",호재,2026-04-08 06:01,17.2,사실형,94.1
https://n.news.naver.com/mnews/article/123/0002380910?sid=101,방산/우주항공,"육·해·공 넘어 우주까지…한화, K-방산으로 중남미 공략한다",한화 방산 계열 3사가 중남미 최대 방산 전시회 'FIDAE 2026'에 참가하여 통합 방위 역량을 공개한다.,호재,2026-04-07 17:31,32.8,사실형,83.9
https://n.news.naver.com/mnews/article/016/0002626123?sid=100,IT/플랫폼,8일부터 공영주차장 5부제…네이버·카카오 지도 반영 늦어져 혼란 우려,"8일부터 공영주차장 5부제가 시행되며, 정기권 보유자는 유효 기간까지 면제되나, 임산부 차량 등은 비표가 필요할 수 있다.",호재,2026-04-07 18:36,30.5,사실형,68.2
https://n.news.naver.com/mnews/article/079/0004133987?sid=105,IT/플랫폼,"네이버, EBS와 신뢰도 높은 지식 영상 콘텐츠 구축 MOU 체결",네이버와 EBS는 신뢰도 높은 지식 영상 콘텐츠 구축을 위해 전략적 파트너십을 맺고 대규모 지식·학습 영상 콘텐츠를 제작한다.,호재,2026-04-07 17:30,30.8,사실형,63.6
https://n.news.naver.com/mnews/article/011/0004606375?sid=103,엔터/미디어,BTS ‘아리랑’ 글로벌 점령 …‘방시혁 3대 승부수’ 통했다,방탄소년단의 컴백 앨범 '아리랑'은 글로벌 차트를 점령하며 K팝 역사상 전례 없는 기록을 쓰고 있습니다.,호재,2026-04-02 11:31,59.3,사실형,67.8
https://n.news.naver.com/mnews/article/449/0000339147?sid=100,엔터/미디어,"아이돌팬, 주부 파고들었다…정원오의 ‘X 정치’ [런치정치]",정원오 더불어민주당 서울시장 예비후보가 X를 통해 자신을 알리는데 집중하고 있다.,호재,2026-03-23 14:36,43.6,추론형,6.1
https://n.news.naver.com/mnews/article/422/0000849083?sid=103,엔터/미디어,'족쇄' 풀린 이수만…한국서 새 얼굴 찾는다,이수만 전 SM엔터테인먼트 총괄 프로듀서가 3년 만에 K팝계로 돌아와 A20 엔터테인먼트 코리아 수장으로 새 얼굴 찾기 시작합니다.,호재,2026-03-28 14:01,33.3,추론형,0.6
https://n.news.naver.com/mnews/article/011/0004605218?sid=102,엔터/미디어,“완구에서 엔터까지···남들이 안하는 도전 합니다”,"장난감 대통령으로 불리는 최신규 초이크리에이티브랩 대표가 환갑의 나이에 엔터테인먼트 업계로 전향하고, 가수와 음악·애니메이션 융합 등 새로운 컨텐츠를 개발 중이다.",호재,2026-03-31 07:30,47.4,사실형,66.0
https://n.news.naver.com/mnews/article/025/0003510385?sid=103,엔터/미디어,"경찰 6500명, 화장실 2399개 동원…BTS는 이제 '공공재' [BTS 2.0시대]",BTS의 무료 공연은 국익에 도움이 될 것이라는 기대에 따라 정부와 지자체가 막대한 자원을 투입하고 있다.,호재,2026-03-20 05:00,33.9,사실형,69.5
https://n.news.naver.com/mnews/article/015/0005264738?sid=103,엔터/미디어,"'국뽕' 너머의 진짜 BTS, 부장님도 모르는 팩트 체크",BTS의 실제 이야기와 팩트를 알려주는 미니 사전,호재,2026-03-20 09:35,67.0,사실형,63.4
https://m.entertain.naver.com/article/468/0001230097,엔터/미디어,"우즈·라이즈·보넥도·키키·한로로 총집결…‘21세기 대군부인’ OST,...",21세기 대군부인' OST 라인업이 완성되었습니다.,호재,2026-04-01 11:22,14.5,사실형,96.9
https://m.entertain.naver.com/article/311/0001989658,엔터/미디어,"이수만, 하이브에 SM 주식 판 지 벌써 3년…'경업금지 해제' 후 국내 무...","이수만이 하이브에 SM 주식 판 지 3년이 되는 지점에 이르며, 경업금지 해제 이후 국내 무대에 모습을 드러내고 있다.",중립,2026-03-24 17:50,21.8,추론형,25.2
https://m.entertain.naver.com/article/468/0001224091,엔터/미디어,"RBW, 257엔터 인수…‘글로벌 루키’ 엑스러브 품었다","엑스러브, RBW에 인수되어 글로벌 루키로 데뷔할 예정입니다.",호재,2026-03-11 14:45,15.5,사실형,67.0
https://n.news.naver.com/mnews/article/015/0005264457?sid=103,엔터/미디어,"""우린 한 장르로 정의될 수 없다""…BTS 이름에 숨은 4가지","BTS는 방탄소년단의 약자로, '힙합·아이돌·K팝 신 넘겠다'라는 의지도 담겨 이름부터 출발한다.",호재,2026-03-19 17:17,35.4,사실형,69.9
https://n.news.naver.com/mnews/article/119/0003078723?sid=101,자동차/모빌리티,현대차 ST1 활용하면 '폐기물 수거' 손쉽게…매연도 저감,현대차가 전기차 ST1을 활용한 스마트 수거차 실증사업을 진행하여 폐기물 수거를 쉽게 하며 매연도 저감할 수 있을 것으로 기대된다.,호재,2026-04-09 10:04,33.8,사실형,34.2
https://n.news.naver.com/mnews/article/417/0001138145?sid=101,자동차/모빌리티,"[아침밥]KB증권 ""현대차 로보틱스 사업모델·주가 저평가는 기회""",KB증권은 현대차의 로보틱스 사업모델과 주가 저평가를 기회로 본다.,호재,2026-04-09 08:44,21.2,사실형,82.2
https://n.news.naver.com/mnews/article/018/0006253180?sid=103,자동차/모빌리티,"韓산업 기여 적은 수입산 보조금 싹둑…고유가에 높아진 수요, 국산으로...",정부는 고유가에 따른 전기차 수요 증가로 국산 전기차 산업 육성을 위해 보조금을 국산 전기차에 더 많이 주는 정책을 고려하고 있다.,호재,2026-04-09 05:06,17.2,사실형,64.5
https://n.news.naver.com/mnews/article/015/0005272577?sid=103,자동차/모빌리티,"[단독] '달리는 컴퓨터' SDV…현대차그룹, 내년말 본격 생산",현대차그룹이 내년 말 본격적으로 '달리는 컴퓨터'라고 불리는 소프트웨어중심 전기차 SDV를 생산할 예정이다.,호재,2026-04-08 17:25,67.2,사실형,66.9
https://n.news.naver.com/mnews/article/119/0003078399?sid=101,자동차/모빌리티,[중동 전쟁] 보조금 없앴는데 기름값이 밀어 올렸다…美 전기차 '꿈틀',중동 전쟁의 여파로 미국 전기차 판매량이 21.5% 증가했다.,호재,2026-04-08 14:25,22.2,사실형,68.0
https://m.entertain.naver.com/article/437/0000483611,엔터/미디어,"[피플] 3년9개월의 기다림, 방탄소년단 마침내 다시 헤엄친다",방탄소년단 일곱 멤버가 군 복무를 마치고 전원 복귀한다.,호재,2026-03-19 11:16,98.1,사실형,89.7
https://n.news.naver.com/mnews/article/366/0001155196?sid=103,자동차/모빌리티,"전기차, 1분기 만에 7만대 판매… 전환 지원금·할인 영향",올해 1분기 국내 승용 전기차 판매량은 7만2321대로 역대 최다 분기 판매량을 기록했다.,호재,2026-04-08 14:20,18.0,사실형,77.4
https://n.news.naver.com/mnews/article/011/0004608462?sid=101,자동차/모빌리티,"기아 스포티지 하이브리드, 美서 최고 가성비 SUV 선정",기아 스포티지 하이브리드가 미국 자동차 전문매체 카스닷컴으로부터 최고의 가성비 스포츠유틸리티차량(SUV)에 선정되었습니다.,호재,2026-04-08 13:45,20.6,사실형,83.4
https://n.news.naver.com/mnews/article/025/0003515016?sid=101,자동차/모빌리티,아틀라스 보셨죠? 테슬라 역전 노리는 현대차 여전사,현대차 ICT 담당 사장 진은숙이 자동차 산업에 스마트폰과 같은 혁신이 도래할 것이라고 예측하며 현대차에 입사했다.,호재,2026-04-09 05:00,41.0,사실형,71.6
https://n.news.naver.com/mnews/article/009/0005662875?sid=103,자동차/모빌리티,"수입차 고질병 없앴다…‘한국에 안성맞춤’ 티맵 오토 탑재車, 100만대...",티맵 오토 탑재 차량이 국내 시장에서 100만대를 돌파했다.,호재,2026-04-08 14:09,18.7,사실형,96.4
https://n.news.naver.com/mnews/article/015/0005271241?sid=105,제약/바이오,"SK바이오사이언스, R&amp;D 실행력 강화한다…연구조직 정비·핵심인재 영입",SK바이오사이언스는 연구개발(R&D) 프로젝트의 실행력을 높이고 글로벌 경쟁력을 강화하기 위해 핵심 인재를 영입하고 연구지원 조직을 정비했다.,호재,2026-04-06 08:45,13.7,사실형,29.3
https://n.news.naver.com/mnews/article/001/0016006145?sid=101,IT/반도체,"삼성전자, 반도체로만 50조 영업익…내년 엔비디아 넘어 세계 1위 전망도","삼성전자 1분기 매출 133조원, 영업이익 57조2천억원, 반도체로만 50조원의 영업이익을 기록하며 내년 세계 1위 전망",호재,2026-04-07 08:40,23.9,사실형,97.5
https://n.news.naver.com/mnews/article/055/0001346486?sid=101,IT/반도체,"삼성전자, 반도체로만 50조 영업익…내년 엔비디아 넘어 세계 1위 전망도",삼성전자 올해 1분기 57조 2천억 원의 영업이익을 기록하며 한국 기업사의 새 기록을 세웠다.,호재,2026-04-07 09:15,49.8,추론형,20
https://n.news.naver.com/mnews/article/032/0003438225?sid=101,IT/반도체,[속보] 삼성전자 1분기 잠정 영업이익 57조2000억 ‘역대 최고치’···...,"삼성전자 1분기 매출 133조원, 영업이익 57조2000억원으로 역대 최고 실적을 기록했다.",호재,2026-04-07 07:49,19.8,사실형,83.2
https://n.news.naver.com/mnews/article/016/0002625856?sid=101,IT/반도체,"KB운용, ‘반도체 투톱’ 혼합ETF, 순자산 7000억 돌파",KB자산운용의 'RISE 삼성전자SK하이닉스채권혼합50 ETF' 순자산이 7000억원을 돌파했다.,호재,2026-04-07 11:11,11.2,사실형,72.9
https://n.news.naver.com/mnews/article/277/0005745346?sid=101,제약/바이오,"롯데바이오로직스, 日 제약사와 항암 신약 위탁개발·생산 계약",롯데바이오로직스가 일본 제약사와 항암 신약 위탁개발 및 생산 계약을 체결했다.,호재,2026-04-06 09:16,7.9,사실형,85.6
https://n.news.naver.com/mnews/article/033/0000050550?sid=101,IT/반도체,반도체로만 50조 번 삼성전자…분기 영업이익 ‘빅테크 톱5’ 입성,"삼성전자, 올해 1분기 매출 133조원과 영업이익 57조2000억원을 기록하며 '글로벌 빅테크 톱5'에 입성했다.",호재,2026-04-07 11:23,25.6,사실형,87.4
https://n.news.naver.com/mnews/article/018/0006250825?sid=101,제약/바이오,"SK바이오사이언스, 연구 핵심 인재 영입…조직 정비",SK바이오사이언스는 연구개발 역량을 높이기 위해 연구 핵심 인재를 영입하고 연구지원 조직을 정비했다.,호재,2026-04-06 09:23,27.2,대화형,32.9
https://n.news.naver.com/mnews/article/366/0001154728?sid=105,IT/반도체,"롯데이노베이트, 모빌린트와 맞손…피지컬 AI 분야 NPU 적용 실증",롯데이노베이트와 모빌린트는 NPU 기술을 적용하여 피지컬 AI 분야에서 실증을 진행할 예정입니다.,호재,2026-04-07 09:44,19.1,사실형,68.9
https://n.news.naver.com/mnews/article/022/0004118859?sid=101,IT/반도체,"반도체의 힘... 삼성전자 1분기 영업익 755% 폭등, 역대 최대 기록 갈아...","삼성전자 1분기 영업익 57조2000억 원, 역대 최대 기록을 경신하며 755% 폭등을 기록했다.",호재,2026-04-07 08:12,40.0,사실형,76.4
https://n.news.naver.com/mnews/article/008/0005340748?sid=101,IT/반도체,TIGER 반도체TOP10 ETF 순자산 10조원 돌파…테마 ETF 최초,TIGER 반도체TOP10 ETF가 순자산 10조원을 돌파하여 테마 ETF 최초로 기록되었다.,호재,2026-04-07 10:16,14.6,사실형,99.9
https://n.news.naver.com/mnews/article/277/0005745914?sid=101,IT/반도체,"미래에셋운용 'TIGER 반도체TOP10' ETF, 순자산 10조원 돌파",미래에셋운용의 'TIGER 반도체TOP10' ETF가 순자산 10조원 돌파하며 성과를 기록했다.,호재,2026-04-07 09:37,8.3,사실형,97.0
https://n.news.naver.com/mnews/article/009/0005662073?sid=101,IT/반도체,‘단군이래 최대 실적’ 삼성전자…‘반도체 왕좌’ 굳힐 남은 과제는,"삼성전자, 2026년 1분기 잠정 실적 발표로 국내 기업 역사상 분기 기준 역대 최대 기록을 갈아치웠다.",호재,2026-04-07 10:10,18.6,사실형,71.6
https://n.news.naver.com/mnews/article/018/0006250696?sid=101,제약/바이오,"삼천당제약 ‘반토막’, 의구심 계속…여파에 바이오株 ‘비명’[바이오...",바이오 기업에 대한 신뢰가 낮아질 수 있는 상황이 계속되고 있다.,호재,2026-04-06 08:02,51.4,사실형,99.6
https://n.news.naver.com/mnews/article/003/0013871348?sid=101,IT/반도체,"삼성전자, 올 1Q 영업익 57.2조 '사상 최대'…""어닝서프라이즈, 반도체 ...","삼성전자 1분기 영업익 57.2조원 '사상 최대'로 발표, 메모리 가격 상승 효과로 추정",호재,2026-04-07 07:50,34.4,사실형,69.9
https://n.news.naver.com/mnews/article/030/0003414820?sid=102,제약/바이오,"SK바이오사이언스, 마상호 연구지원실장 영입…“R&amp;D 실행력 강화”","SK바이오사이언스는 마상호 부사장을 연구지원실장으로 영입하여 연구개발(R&D) 프로젝트 관리와 개방형 혁신을 강화하고, 연구기획부터 규제 대응까지 전 주기를 아우르는 지원 체계를 구축한다.",호재,2026-04-06 10:02,21.0,대화형,39.0
https://n.news.naver.com/mnews/article/008/0005340015?sid=101,제약/바이오,'관세 안개' 걷혔다… 한숨 돌린 K바이오,K바이오가 관세 안개에 대한 우려가 해소되면서 업계도 환영하는 분위기다.,호재,2026-04-06 04:03,15.0,사실형,87.1
https://n.news.naver.com/mnews/article/119/0003077289?sid=101,제약/바이오,"롯데바이오로직스, 日 제약사와 항체 의약품 위탁생산계약 체결",롯데바이오로직스가 일본 제약사와 항체 의약품 위탁생산 계약을 체결하여 항암 신약 위탁개발·생산 사업을 확대한다.,호재,2026-04-06 09:15,12.6,사실형,96.5
https://n.news.naver.com/mnews/article/021/0002782509?sid=102,IT/반도체,"“AI가 반도체 ‘신소재’ 찍어낸다”…국립부경대·KIST, 메모리 판 바...",국립부경대와 KIST 연구팀이 AI를 활용해 차세대 반도체 메모리 신소재를 개발했다.,호재,2026-04-06 10:58,21.5,사실형,99.7
https://n.news.naver.com/mnews/article/366/0001154354?sid=105,IT/반도체,"미스트랄 AI CEO, 삼성전자 경영진과 회동… 메모리 반도체 협업 논의","미스트랄 AI와 삼성전자, AI 반도체 공급망 및 기술 협력 논의",호재,2026-04-05 13:21,14.3,사실형,94.6
https://n.news.naver.com/mnews/article/003/0013867600?sid=101,IT/반도체,"""좋아도 불안하다"" 반도체·미중에 쏠린 수출…구조 개선 시급",반도체 수출 비중이 더욱 늘어나는 모습이다.,호재,2026-04-05 08:00,12.6,사실형,78.5
https://n.news.naver.com/mnews/article/629/0000489082?sid=101,IT/플랫폼,"구글 진출에 불붙는 '지도 전쟁'…네이버·카카오, 서비스 고도화로 맞...",네이버와 카카오가 구글 지도의 국내 서비스에 대응하여 자사의 지도 서비스를 고도화하고 있다.,호재,2026-04-07 14:23,66.4,사실형,70.9
https://n.news.naver.com/mnews/article/008/0005341333?sid=105,IT/플랫폼,"네이버·카카오 지도, '길찾기' 넘어 소통·리뷰 경쟁…구글 공세 긴장...","네이버·카카오가 지도 서비스 경쟁에 속도를 내고 있으며, 구글은 국내 고정밀 지도 활용 확대를 노리는 가운데, 생활밀착형 지도 시장 주도권 경쟁이 치열해질 전망이다.",호재,2026-04-08 10:17,43.3,사실형,62.9
https://n.news.naver.com/mnews/article/001/0016008298?sid=101,자동차/모빌리티,"삼성증권 ""현대차, 1분기 실적 예상치 하회 전망…목표가↓""",삼성증권은 현대차의 1분기 실적이 컨센서스를 하회할 것으로 전망하며 목표주가를 하향 조정했다.,악재,2026-04-08 08:46,14.1,사실형,75.3
https://n.news.naver.com/mnews/article/014/0005504250?sid=105,자동차/모빌리티,현대차·벤츠·BMW…'티맵 오토' 탑재 車 100만대 돌파,티맵모빌리티의 차량용 내비게이션 '티맵 오토'가 100만대 돌파했다.,호재,2026-04-08 09:39,7.4,사실형,49.2
https://n.news.naver.com/mnews/article/015/0005272240?sid=101,자동차/모빌리티,中 전기차의 공습…BYD 매장수 수입차 '빅4'로,중국 전기차 업체 BYD가 한국 시장 진출 1년 3개월 만에 수입차 매장 수 기준 '빅4'에 올라섰다.,호재,2026-04-08 08:01,28.8,사실형,92.5
https://n.news.naver.com/mnews/article/417/0001137921?sid=101,자동차/모빌리티,고유가 여파로 전기차 판매량 증가…배터리 업계 봄날 올까,고유가 여파로 전기차 판매량이 증가하고 있는 것으로 보인다.,호재,2026-04-07 17:21,23.6,사실형,72.5
https://n.news.naver.com/mnews/article/018/0006252144?sid=103,자동차/모빌리티,"""중동 전쟁 직격탄""…현대차 인니 공장 가동률 '급락' 예상",현대차 인도네시아 공장 가동률이 급락할 우려에 직면했다.,악재,2026-04-07 16:06,26.7,사실형,70.2
https://n.news.naver.com/mnews/article/052/0002336903?sid=101,자동차/모빌리티,"""여보, 우리도 전기차로 바꿀까?"" 초고유가 시대 갓성비 주목",기아 EV2가 유럽에서만 생산되면서 국내 전기차 생산 공급이 떨어질 것이라는 우려가 있다.,악재,2026-04-06 10:03,14.3,추론형,20
https://n.news.naver.com/mnews/article/025/0003513680?sid=101,자동차/모빌리티,‘하브 라인업’이래서 늘렸구나…현대차 미국 판매 신기록,현대차의 하이브리드차 판매가 53.2% 증가한 9만7627대를 기록했다.,호재,2026-04-03 00:02,16.7,사실형,98.3
https://n.news.naver.com/mnews/article/092/0002418039?sid=105,IT/반도체,"오픈엣지, LPDDR6 기반 인터페이스 IP 라이선스 계약 수주",오픈엣지테크놀로지는 LPDDR6 기반 인터페이스 IP 라이선스 계약을 수주해 차세대 저전력 메모리 표준 시장 진입을 알리는 신호탄을 보냈다.,호재,2026-04-09 09:57,31.4,사실형,57.0
https://n.news.naver.com/mnews/article/011/0004608853?sid=100,IT/반도체,양향자 “30년 전문가 두고 AI 인재 영입?...비정상 선거 안 돼”,"양향자 국민의힘 최고위원이 공관위의 추가 후보 공모 결정에 반발하며, 공관위가 기존 후보 경쟁력을 위축시켰다고 비판했다.",호재,2026-04-09 10:04,20.6,사실형,85.2
https://n.news.naver.com/mnews/article/138/0002223857?sid=105,IT/반도체,"오픈엣지, LPDDR5X·LPDDR6X 지원 인터페이스 IP 상업화 착수","오픈엣지테크놀로지는 LPDDR6과 LPDDR5X를 동시 지원하는 인터페이스 IP를 개발하고, 국내 고객사로부터 수주하여 차세대 메모리 인터페이스 시장에 진출했다.",호재,2026-04-09 10:14,34.5,사실형,84.7
https://n.news.naver.com/mnews/article/018/0006253418?sid=101,IT/반도체,"에프앤가이드 지수 추종 ETF, 순자산 55조원 돌파…올 들어 25조↑","에프앤가이드 지수 추종 ETF의 순자산 총액이 55조원을 돌파했으며, 민간 지수사업자 선두 지위를 재확인했다.",호재,2026-04-09 10:03,15.2,사실형,89.1
https://n.news.naver.com/mnews/article/029/0003020740?sid=101,IT/반도체,에프앤가이드 ETF 순자산총액 55조 돌파…반도체·방산 타고 자금 유입...,에프앤가이드 ETF는 순자산총액 55조원을 돌파하며 반도체·방산 테마로 자금 유입이 확산되고 있다.,호재,2026-04-09 10:13,8.2,사실형,85.2
https://n.news.naver.com/mnews/article/011/0004608828?sid=110,IT/반도체,RIE2030이 보는 제조업의 미래 [조남준의 CROSS ECONOMY(변환경제)],"제조업의 미래는 공장을 운영하는 방식이 아니라, 제조가 만들어내는 자산에 있다.",호재,2026-04-09 09:46,20.3,사실형,65.4
https://n.news.naver.com/mnews/article/277/0005747028?sid=101,IT/반도체,"에프앤가이드, 지수 추종 ETF 순자산 55조원 돌파","에프앤가이드 지수 추종 ETF가 순자산 55조원 돌파, 반도체·방산·조선 테마로 인한 자금 유입",호재,2026-04-09 09:48,13.1,사실형,83.5
https://n.news.naver.com/mnews/article/011/0004608842?sid=101,IT/반도체,"에프앤가이드, 지수 추종 ETF 순자산 55조원 돌파","에프앤가이드의 지수 추종 ETF 순자산 55조원 돌파, 반도체·방산·조선 강세로 자금 이동",호재,2026-04-09 10:00,11.8,사실형,76.0
https://n.news.naver.com/mnews/article/277/0005747054?sid=162,IT/반도체,"공천갈등 표출된 국힘 최고위…張 ""절제·희생 필요""","국민의힘 최고위원회의에서 지방선거 공천에 대한 논의가 진행되면서, 국힘 대표 장동혁은 절제와 희생이 필요하다고 밝혔다.",호재,2026-04-09 10:10,40.5,사실형,89.0
https://n.news.naver.com/mnews/article/277/0005747065?sid=105,IT/반도체,"SKT ""6G시대 AI 고속도로 깔겠다…CDMA 신화 이어갈 것""",SK텔레콤은 6G 시대에 인공지능(AI) 고속도로를 구축하여 경쟁력을 확보하겠다고 밝혔다.,호재,2026-04-09 10:15,21.0,사실형,73.9
https://n.news.naver.com/mnews/article/030/0003416280?sid=105,IT/반도체,"시높시스, 2나노 칩렛 표준 'UCIe' 설계 작업 완료…생산 이관","시높시스가 2나노미터 공정에 칩렛 표준 'UCIe'를 적용하여 테이프아웃을 완료하였으며, 생산으로 이관하여 제품 상용화를 위한 제조 단계에 진입했습니다.",호재,2026-04-09 10:13,27.8,대화형,32.3
https://n.news.naver.com/mnews/article/586/0000126581?sid=101,제약/바이오,"K바이오의약품, 1분기 수출 사상 첫 20억 달러 달성",K바이오의약품이 1분기 수출 규모가 지난해 동기보다 11.1% 증가한 20억 달러를 달성했다.,호재,2026-04-10 12:05,41.2,사실형,67.2
https://n.news.naver.com/mnews/article/648/0000046150?sid=101,제약/바이오,"[기자수첩]글로벌 공급망 삼성바이오, 파업이 갖는 의미",삼성바이오로직스의 노조 파업이 글로벌 바이오의약품 공급망에 영향을 미칠 수 있다.,호재,2026-04-10 15:00,11.0,사실형,49.7
https://n.news.naver.com/mnews/article/277/0005747840?sid=103,제약/바이오,[이 주의 책]다모다란의 가치평가 바이블 外,"이 책은 리더십을 운영 체계로 재정의하고, 협업의 감각을 다시 연결하는 현대적인 리더십 가이드다.",호재,2026-04-10 14:38,27.1,사실형,45.3
https://n.news.naver.com/mnews/article/015/0005273391?sid=105,제약/바이오,"HLB제약, 단국대학교와 AI 기반 AX 인재 양성 MOU 체결",HLB제약과 단국대학교는 AI 기반 인재 양성을 위한 산학 협력을 시작했다.,호재,2026-04-10 11:29,16.6,대화형,14.5
https://n.news.naver.com/mnews/article/018/0006254586?sid=101,제약/바이오,"코스피, 5900선 놓고 등락…코스닥 1090선","코스피가 5900선 안팎에서 등락하고 있으며, 외국인과 기관이 순매수하고 있다.",호재,2026-04-10 13:31,39.2,사실형,89.8
https://n.news.naver.com/mnews/article/081/0003634098?sid=101,IT/반도체,"ADB, 올해 韓 성장률 1.7%→1.9%로 상향 전망",ADB는 중동 갈등이 조기 안정화된다고 가정하면 올해 한국 경제가 1.9% 성장할 것으로 전망했다.,호재,2026-04-10 09:34,23.5,사실형,78.8
https://n.news.naver.com/mnews/article/021/0002783702?sid=102,IT/반도체,2주 휴전 ‘막후 주역’ 샤리프… 예술의전당 ‘44세 수장’ 장한나[금...,"샤리프 파키스탄 총리는 미국과 이란의 2주 휴전을 이끌어낸 일등공신으로, 장한나 첼리스트 겸 지휘자는 예술의전당 신임 사장으로 임명됐다.",호재,2026-04-10 09:28,42.0,사실형,79.8
https://n.news.naver.com/mnews/article/024/0000104687?sid=101,2차전지,자원 전쟁 시대 ‘진짜 강자’ 포스코인터,포스코인터내셔널은 글로벌 자원 패권 경쟁 시대를 맞아 수혜 기업으로 급부상하여 3년 연속 영업이익 '1조 클럽'을 달성했다.,호재,2026-04-09 21:01,17.6,사실형,73.0
https://n.news.naver.com/mnews/article/018/0006254471?sid=105,제약/바이오,"K-바이오의약품, 수출 3兆 새역사…유럽으로 판 키운다",K-바이오의약품 수출 1분기 3조원에 육박하며 사상 최대치를 경신했다.,호재,2026-04-10 10:09,44.7,사실형,60.0
https://n.news.naver.com/mnews/article/277/0005747642?sid=101,제약/바이오,"[특징주]시지메드텍, 시지바이오 인체조직은행 인수…FDA 준수 핵심 설비...",시지메드텍이 시지바이오의 인체조직 가공조직은행을 인수하여 미국 FDA 규정을 준수하는 인체조직 가공시설과 핵심 설비를 확보했다.,호재,2026-04-10 10:01,13.9,대화형,33.6
https://n.news.naver.com/mnews/article/030/0003416672?sid=102,제약/바이오,"K바이오의약품 1분기 수출, 사상 첫 20억달러 돌파",우리나라 1분기 바이오의약품 수출이 사상 최대 기록인 20억달러를 돌파했다.,호재,2026-04-10 10:09,26.8,사실형,60.2
https://n.news.naver.com/mnews/article/421/0008881719?sid=103,제약/바이오,"K-바이오의약품, 1분기 수출 사상 최대치 기록…20억 달러",K-바이오의약품이 1분기 수출 사상 최대치인 20억 달러를 기록했다.,호재,2026-04-10 09:48,60.5,사실형,57.2
https://n.news.naver.com/mnews/article/014/0005505618?sid=103,제약/바이오,"바이오의약품 수출 1분기 3兆 육박, K바이오 경쟁력 강화",국내 바이오의약품 수출이 올해 1·4분기 사상 최대인 20억달러를 기록하며 K바이오의 글로벌 경쟁력을 높였다.,호재,2026-04-10 09:45,23.7,사실형,58.3
https://n.news.naver.com/mnews/article/008/0005340974?sid=101,IT/반도체,"삼성, 엔비디아 넘어 '세계 1위' 노린다…메모리반도체 가격 또 상승","삼성전자가 올해 1분기 매출 133조원, 영업이익 57조2000억원으로 역대 최대 실적을 기록하며 메모리 뉴노멀 시대에 진입했다.",호재,2026-04-07 15:30,31.1,사실형,66.9
https://n.news.naver.com/mnews/article/056/0012157704?sid=105,IT/반도체,[시사기획 창] AI에게 국적을 묻다,"한국 정부는 독자 파운데이션 모델, 즉 한국형 AI를 개발하기 위해 5,300억 원을 투입하고, 4개의 팀이 경쟁 중이다.",호재,2026-04-07 21:58,45.4,사실형,63.9
https://n.news.naver.com/mnews/article/018/0006252631?sid=101,IT/반도체,"KODEX 미국AI광통신네트워크, 상장 후 해외 ETF 수익률 1위",KODEX 미국AI광통신네트워크 상장지수펀드(ETF)는 상장 후 일주일 동안 15.4%의 수익률을 기록하며 국내 상장된 해외 ETF 중 수익률 1위를 차지했다.,호재,2026-04-08 09:47,12.6,사실형,84.5
https://n.news.naver.com/mnews/article/366/0001154796?sid=102,IT/반도체,"법무법인 세종, ‘AI·디지털 경쟁법팀’ 출범",법무법인 세종이 인공지능(AI)과 디지털 산업을 둘러싼 경쟁법 이슈에 대응하기 위해 'AI·디지털 경쟁법팀'을 출범시켰다.,호재,2026-04-07 11:58,10.9,사실형,62.2
https://n.news.naver.com/mnews/article/011/0004608307?sid=101,IT/반도체,반도체 호황에 경상수지 흑자 231억달러 ‘역대 최대’,반도체와 정보통신기기 수출 급증으로 경상수지가 사상 최대 흑자를 기록했다.,호재,2026-04-08 08:01,29.6,사실형,87.9
https://n.news.naver.com/mnews/article/088/0001004579?sid=101,IT/반도체,압도적 메모리 생산·AI 기술력…삼성전자 실적 견인 비법,삼성전자가 HBM4 양산과 AI 수요 확대에 힘입어 영업이익 성장 가속을 달성했다.,호재,2026-04-07 17:38,42.6,사실형,83.9
https://n.news.naver.com/mnews/article/018/0006252445?sid=101,IT/반도체,"인텔, 머스크 '테라팹' 반도체 만든다…주가 4%↑",인텔이 일론 머스크가 추진하는 대형 반도체 공장 테라팹에 합류하며 주가 4%↑,호재,2026-04-08 07:54,28.7,사실형,68.5
https://n.news.naver.com/mnews/article/022/0004118914?sid=102,IT/반도체,"대성하이텍, 대구테크노폴리스에 ‘AI 메디컬 팩토리’ 건립 [지방자치...","대성하이텍이 대구테크노폴리스에 'AI 메디컬 팩토리'를 건립하고, 의료기기 전용 생산 거점을 신설한다.",호재,2026-04-07 14:17,30.3,사실형,38.1
https://n.news.naver.com/mnews/article/018/0006252519?sid=101,IT/반도체,"앤시스코리아, 중소벤처기업연수원·태성에스엔이와 AI반도체 인재 양성...","앤시스코리아, 중소벤처기업연수원·태성에스엔이와 AI반도체 인재 양성 위한 업무협약 체결",호재,2026-04-08 08:39,49.6,사실형,50.4
https://n.news.naver.com/mnews/article/052/0002337680?sid=101,IT/반도체,삼성전자 영업이익 '57조'...반도체로 신기원 열었다,"삼성전자 1분기 영업이익 57조 원, 한국 기업 역대 최고 기록을 새로 썼다.",호재,2026-04-07 22:51,56.3,추론형,20
https://n.news.naver.com/mnews/article/016/0002626239?sid=101,IT/반도체,‘반도체 호조’에 2월 경상수지 231.9억달러 ‘역대 최대’,2월 경상수지가 역대 최대 231.9억달러로 기록되며 34개월 연속 흑자 기록을 이어갔다.,호재,2026-04-08 08:01,24.0,사실형,99.1
https://n.news.naver.com/mnews/article/003/0013874061?sid=101,IT/반도체,반도체 슈퍼사이클 본격화…삼성전자 실적 신기록에 SK하이닉스 기대감...,삼성전자와 SK하이닉스의 실적이 상승세를 보일 것으로 예상된다.,호재,2026-04-08 08:45,20.8,사실형,71.5
https://n.news.naver.com/mnews/article/015/0005271895?sid=102,IT/반도체,"세종, 대형로펌 최초 'AI·디지털 경쟁법팀' 출범…규제 대응 본격화",법무법인 세종이 AI·디지털 경쟁법팀을 출범하여 규제 대응 체계를 강화한다.,호재,2026-04-07 14:13,12.0,사실형,98.0
https://n.news.naver.com/mnews/article/421/0008876889?sid=162,IT/반도체,"공항 이전 부지에…김영록 ""반도체 산단"" vs 민형배 ""100만평 숲""",광주 '금싸라기땅' 500만평 개발 방안에 김영록 '반도체 산단' vs 민형배 '100만평 숲',호재,2026-04-08 10:18,27.3,사실형,79.9
https://n.news.naver.com/mnews/article/374/0000503004?sid=101,2차전지,[오늘장 탑픽] 기름값 급등에 전기차 인기 상승…배터리 업계 ‘활짝’,"기름값 급등에 전기차 인기 상승, 배터리 업계가 활짝 돌아서는 중이다.",호재,2026-04-08 09:37,11.6,추론형,20
https://n.news.naver.com/mnews/article/011/0004608085?sid=101,IT/반도체,"“첫째도, 둘째도 기술” 이재용의 뚝심…AI 이어 우주반도체도 초격차...","삼성전자, 우주 반도체 시장 선점을 위해 대규모 투자에 돌입하는 중이다.",호재,2026-04-07 16:26,40.5,사실형,81.4
https://n.news.naver.com/mnews/article/023/0003969413?sid=110,IT/반도체,[사설] 반도체 수퍼 사이클은 경제 체질 개선 위한 골든타임,삼성전자와 SK하이닉스의 반도체 수퍼 사이클에 힘입어 올해 국가 재정에 큰 활력을 불어넣을 것으로 전망된다.,호재,2026-04-08 00:01,33.0,예측형,11
https://n.news.naver.com/mnews/article/011/0004608151?sid=102,2차전지,"충북도, 2차전지 재활용 허브로 뜬다","충북도는 2차전지 재활용 허브를 구축하여 자원순환형 생태계를 확대하고, 유해화학물질을 줄이고 산업재해를 예방하는 실증 인프라를 구축한다.",호재,2026-04-07 17:52,8.8,대화형,10.3
https://n.news.naver.com/mnews/article/002/0002435984?sid=102,IT/반도체,아산시 ‘AI 광반도체 핵심부품’ 공모 선정…첨단산업 거점 도약,아산시는 산업통상자원부 주관 'AI 지원광 반도체 핵심부품 제조 기반구축' 공모사업에 최종 선정되어 첨단산업도시로의 도약에 속도를 냈다.,호재,2026-04-07 17:38,31.1,대화형,49.7
https://n.news.naver.com/mnews/article/030/0003415579?sid=105,IT/반도체,[이슈플러스]메모리 우위 입증한 삼성전자…반도체로만 50조 벌어,"삼성전자 반도체의 실적이 호조로, 메모리 수요 폭증이 주효했다.",호재,2026-04-07 16:01,27.5,사실형,67.2
https://n.news.naver.com/mnews/article/277/0005747560?sid=101,IT/반도체,"ADB, 韓성장률 1.7→1.9%상향…""반도체 호조, 중동전쟁 조기종식 전제""","ADB는 한국 성장률을 1.7%에서 1.9%로 상향 조정했으며, 반도체 호조와 중동 전쟁 조기 종식이 주요 요인이다.",호재,2026-04-10 09:00,6.6,사실형,90.2
https://n.news.naver.com/mnews/article/117/0004052653?sid=105,IT/반도체,"[단독] 삼성, 베트남에 6조 규모 반도체 패키징 공장 추진… AI 수요 대...",삼성전자는 베트남에 6조 규모의 반도체 패키징 공장을 건설하여 글로벌 공급망 리스크에 대응하고 인공지능(AI) 반도체 수요를 선점하고자 한다.,호재,2026-04-10 09:14,13.3,사실형,96.9
https://n.news.naver.com/mnews/article/014/0005505585?sid=101,IT/반도체,반도체가 끌어올리는 코스피...뉴욕증시 강보합에도 상승 출발 [fn개장시...,메타 자체 인공지능(AI) 모델 공개로 코스피가 상승했다.,호재,2026-04-10 09:14,21.6,사실형,49.6
https://n.news.naver.com/mnews/article/018/0006254353?sid=101,IT/반도체,"한투운용, 절세 투자 가이드북 공개 “ISA에서 연금까지 한 번에”","한투운용이 절세 투자 가이드북을 공개하며, 연금계좌를 비롯한 다양한 투자 옵션을 추천했다.",호재,2026-04-10 08:42,19.6,사실형,99.6
https://n.news.naver.com/mnews/article/016/0002627552?sid=105,IT/반도체,"“문워크 추는 휴머노이드·달탐사 로버 총출동”…KAIST, 4월 ‘과학축...","KAIST가 4월 '과학축제'를 개최하며, 로봇, 우주 기술, AI반도체 기술을 선보일 예정이다.",호재,2026-04-10 08:38,87.4,대화형,19.5
https://n.news.naver.com/mnews/article/277/0005747539?sid=101,IT/반도체,"한투운용, 절세 투자 가이드북 발간",한투운용이 절세 투자 가이드북을 발간하여 다양한 투자 전략을 제시했다.,호재,2026-04-10 08:45,37.0,사실형,99.6
https://n.news.naver.com/mnews/article/029/0003020914?sid=101,IT/반도체,제일건설㈜ ‘지제역 반도체밸리 풍경채 어바니티’ 입주 순항,제일건설㈜ '지제역 반도체밸리 풍경채 어바니티'가 입주와順항을 기록했습니다.,호재,2026-04-10 08:55,31.3,추론형,18.4
https://n.news.naver.com/mnews/article/018/0006254377?sid=101,IT/반도체,"SKT, 암·리벨리온과 '원팀' 구성...""엔비디아 GPU 의존도 낮춘다""",SK텔레콤이 Arm과 리벨리온과 손잡고 차세대 AI 데이터센터 인프라 혁신에 나선다.,호재,2026-04-10 08:52,26.2,사실형,48.7
https://n.news.naver.com/mnews/article/015/0005273285?sid=104,IT/반도체,'안전자산보다 낫다'…전쟁중에도 11% 조용히 오른 종목,엔비디아 주가는 52주 고점 대비 10% 이상 낮은 수준에 있다.,호재,2026-04-10 08:58,15.7,사실형,93.5
https://n.news.naver.com/mnews/article/016/0002627549?sid=105,IT/반도체,"‘CPU+NPU’ AI 서버 설루션 개발…SKT, AI DC 경쟁력 강화 박차",SK텔레콤이 Arm과 리벨리온과 함께 차세대 AI 인프라 혁신을 위한 전략적 파트너십을 체결했다.,호재,2026-04-10 08:36,14.1,사실형,89.4
https://n.news.naver.com/mnews/article/031/0001021148?sid=105,IT/반도체,KAIST 로봇 총출동…휴머노이드에서 우주 탐사 로버까지,"KAIST가 대전 DCC에서 전시회를 개최해 첨단 로봇, 우주 기술, AI반도체 기술을 소개한다.",호재,2026-04-10 08:15,81.5,대화형,48.5
https://n.news.naver.com/mnews/article/018/0006254341?sid=101,IT/반도체,"SK하이닉스, 영업이익 세계 3위 간다…목표가 190만원-KB",SK하이닉스가 영업이익 세계 3위로 올라간다.,호재,2026-04-10 08:30,37.3,사실형,49.4
https://n.news.naver.com/mnews/article/277/0005747518?sid=102,IT/반도체,"""과학을 놀이처럼""…KAIST, 체험형 과학 전시 대전·경기서 운영",KAIST는 체험형 과학 전시회를 대전과 경기 지역에서 운영하고 있다.,호재,2026-04-10 08:22,72.7,대화형,19.2
https://n.news.naver.com/mnews/article/366/0001155734?sid=101,IT/반도체,"KB證 “SK하이닉스, MS·구글 영업이익 뛰어넘을 것…목표가 190만원”",SK하이닉스가 인공지능 인프라 투자 확대로 메모리 반도체 가격이 상승할 것이라는 전망을 내놨다.,호재,2026-04-10 08:03,22.4,사실형,49.9
https://n.news.naver.com/mnews/article/018/0006253620?sid=101,2차전지,"엔플로우, 100억 규모 전고체전해질 공장 착공…양산 체제 진입 시동",엔플로우가 100억 규모 전고체전해질 공장을 착공하여 양산 체제 진입을 준비 중이다.,호재,2026-04-09 14:12,4.5,사실형,99.5
https://n.news.naver.com/mnews/article/014/0005505257?sid=101,2차전지,"엔플로우, '전고체·전해질 공장' 착공...양산 체제 진입 시동",엔플로우가 전고체·전해질 공장을 착공하여 양산 체제 진입에 성공했다.,호재,2026-04-09 15:45,4.9,사실형,99.5
https://n.news.naver.com/mnews/article/016/0002627312?sid=101,2차전지,"엔플로우, 전고체전해질 양산단계 진입한다",엔플로우가 천안에 100억 원을 들여 공장을 착공하여 내년 1월부터 500kg의 전고체배터리 소재를 생산할 예정이다.,호재,2026-04-09 14:48,14.8,사실형,84.1
https://n.news.naver.com/mnews/article/374/0000503449?sid=101,2차전지,[증시 인사이트] 국내증시 동반 하락 마감…코스피 5800선 후퇴,"국내 증시가 하락마감했으며, 2차전지 시장은 전고체로 이동 중이며 삼성SDI와 ESS가 하반기 흑자전환을 본격 시동할 예정입니다.",호재,2026-04-09 16:34,32.7,사실형,62.0
https://n.news.naver.com/mnews/article/029/0003020847?sid=101,2차전지,"신한은행, SK온 손잡고 K-배터리 해외 확장 지원…“5억달러 보증 제공...",신한은행과 SK온이 전기차용 2차전지 및 에너지저장장치 분야 해외 사업 확대를 위한 업무협약을 체결했다.,호재,2026-04-09 16:36,10.9,사실형,92.1
https://n.news.naver.com/mnews/article/018/0006253823?sid=101,2차전지,[마켓인]전기차 캐즘 돌파구 ‘ESS’…“실적 보완 긍정적 신용도 반전...,전기차 캐즘을 돌파하는 ESS에 대한 긍정적 신용도 반전,호재,2026-04-09 17:16,20.3,사실형,99.8
https://n.news.naver.com/mnews/article/243/0000096081?sid=101,2차전지,"신한은행, SK온과 'K-배터리' 해외 확장 지원",신한은행과 SK온이 전기차용 2차전지·ESS 분야의 해외 사업 확대를 위해 협약을 체결했다.,호재,2026-04-09 17:38,7.9,사실형,89.0
https://n.news.naver.com/mnews/article/018/0006254402?sid=101,제약/바이오,"코스피, 휴전 지속 안도감에 상승 출발…하이닉스 3%↑",코스피가 휴전 지속에 안도감을 타고 상승 출발하였습니다.,호재,2026-04-10 09:14,37.9,사실형,98.5
https://n.news.naver.com/mnews/article/421/0008867139?sid=103,제약/바이오,"제약바이오협, 긴급 이사장단 회의 열고 약가 개편안 대응","한국제약바이오협회는 약가 개편안 대응을 논의하고, 산업계 차원의 자구 노력이 필요하다고 뜻을 모았다.",호재,2026-04-02 17:13,28.0,사실형,48.5
https://n.news.naver.com/mnews/article/001/0015998386?sid=100,제약/바이오,"""수액제 등 안정 공급 총력""…식약처, 제약업계와 간담회","식품의약품안전처는 제약업계와 간담회를 가졌고, 정부는 안정적 공급을 위해 행정 지원과 재정 지원을 약속했다.",호재,2026-04-02 14:00,5.9,사실형,58.0
https://n.news.naver.com/mnews/article/016/0002624129?sid=101,제약/바이오,"SK바이오팜, 서울바이오허브와 CNS 스타트업 육성…신약 개발 노하우 전...","SK바이오팜은 서울바이오허브와 CNS 스타트업 육성을 위한 협약을 체결했으며, 노보렉스와 쓰리브룩스테라퓨틱스를 최종 선정했다.",호재,2026-04-03 09:10,16.9,사실형,43.2
https://n.news.naver.com/mnews/article/031/0001019333?sid=101,제약/바이오,中 바이오 질주 속 韓과 협력은 확대,"중국의 제약·바이오 기술수출이 1분기 큰 폭으로 늘었지만, 국내 기업의 기술수출은 감소세를 보였다.",호재,2026-04-03 06:16,47.5,사실형,64.2
https://n.news.naver.com/mnews/article/001/0015999690?sid=101,제약/바이오,"대웅 ""한올바이오, '바토클리맙' 갑상선안병증 임상 3상 실패""",대웅은 한올바이오파마가 개발한 바토클리맙의 임상 3상 실패를 발표했다.,악재,2026-04-02 19:28,40.3,사실형,46.9
https://n.news.naver.com/mnews/article/629/0000488020?sid=102,제약/바이오,"파주시, '2026 파주 경제자유구역 바이오 컨퍼런스' 개최",파주시가 '2026 파주 경제자유구역 바이오 컨퍼런스'를 개최하여 바이오 산업 발전을 위한 협력을 강화하는 데 중점을 두고 있습니다.,호재,2026-04-03 09:15,37.9,대화형,24.7
https://n.news.naver.com/mnews/article/366/0001153592?sid=101,제약/바이오,"아리바이오, 성수현 공동대표 선임","아리바이오, 성수현 공동대표 선임, 치매 치료제 글로벌 임상 3상 종료 앞둬",호재,2026-04-02 09:52,24.0,사실형,51.5
https://n.news.naver.com/mnews/article/277/0005744713?sid=101,제약/바이오,美-이란 전쟁 장기화에 약가인하까지…제약업계 수익성 3중고,미국과 이란의 전쟁 장기화로 인한 고환율과 고유가가 국내 제약업계의 수익성 둔화를 우려하고 있다.,악재,2026-04-03 11:54,39.0,사실형,43.0
https://n.news.naver.com/mnews/article/003/0013861739?sid=102,제약/바이오,"아리바이오, 성수현 공동대표 선임…""치매약 개발 박차""",아리바이오가 성수현 부회장을 신임 공동대표이사로 선임하여 치매약 개발을 박차할 계획이라고 밝혔다.,호재,2026-04-02 08:24,18.9,사실형,41.9
https://n.news.naver.com/mnews/article/018/0006249417?sid=101,제약/바이오,"SK바이오팜-서울바이오허브, 오픈 이노베이션 프로그램 협약식 개최",SK바이오팜과 서울바이오허브가 오픈 이노베이션 프로그램을 통해 중추신경계 분야의 두 스타트업을 선정하여 협약식을 개최했다.,호재,2026-04-03 14:43,17.8,대화형,36.6
https://n.news.naver.com/mnews/article/277/0005744350?sid=101,제약/바이오,"제약바이오협, 이사장단 회의…약가 개편 대응 논의","한국제약바이오협회는 약가제도 개편안에 대한 대응 계획을 논의하고, 산업계 충격을 최소화하기 위해 총력을 기울이기로 했다.",호재,2026-04-02 18:02,33.8,대화형,10.7
https://n.news.naver.com/mnews/article/021/0002782013?sid=102,제약/바이오,2026 파주 경제자유구역 바이오 컨퍼런스… 2일 프레스센터서 개최,"파주시가 2일 한국프레스센터에서 '2026 파주 경제자유구역 바이오 컨퍼런스'를 개최하고, 국내외 기업 및 유관기관 간 협력을 강화하기 위한 업무협약을 체결했다.",호재,2026-04-03 09:16,32.1,대화형,25.9
https://n.news.naver.com/mnews/article/119/0003076979?sid=102,제약/바이오,"파주시, ‘2026 파주 경제자유구역 바이오 컨퍼런스’ 성공적 개최","파주시는 '2026 파주 경제자유구역 바이오 컨퍼런스'를 성공적으로 개최하여, 바이오산업의 최신 기술 동향과 미래 발전 방향을 공유하고 국내외 기업 및 유관기관 간 협력을 강화하기 위해 노력하고 있다.",호재,2026-04-03 20:43,21.7,사실형,29.1
https://n.news.naver.com/mnews/article/366/0001153900?sid=101,제약/바이오,[바이오 e종목] ‘1000억 회계 손실’...알지노믹스 ‘RNA 편집’ 첫 성...,"알지노믹스가 RNA 편집 기술의 유효성을 입증할 첫 시험대에 오르며, 글로벌 빅파마와의 추가 기술이전 동력을 확보할 수 있을지 주목된다.",호재,2026-04-03 06:31,33.6,사실형,44.7
https://n.news.naver.com/mnews/article/018/0006248052?sid=101,제약/바이오,"아리바이오, 성수현 공동대표이사 선임",아리바이오가 성수현 부회장을 신임 공동대표이사로 선임하여 새로운 도약에 나섰다.,호재,2026-04-02 08:46,26.5,사실형,55.2
https://n.news.naver.com/mnews/article/014/0005501812?sid=103,제약/바이오,'2030년 30조' 반려동물 의약품 시장… K제약사도 눈독,"반려동물 의약품 시장은 2030년 30조원에 달할 것으로 전망되며, 국내 제약사들도 신약 개발과 투자 확대에 속도를 내고 있다.",호재,2026-04-02 18:13,25.6,사실형,48.7
https://n.news.naver.com/mnews/article/003/0013861012?sid=102,제약/바이오,"""양국 협력 확대""…제약바이오협회, '한-캐나다' 간담회",한국제약바이오협회는 '한-캐나다 제약바이오산업 국제 협력 간담회'를 개최하여 양국 간 협력 방안과 교역 활성화를 논의했다.,호재,2026-04-01 16:43,23.8,사실형,63.7
https://n.news.naver.com/mnews/article/029/0003019636?sid=105,제약/바이오,"제약바이오협회 ""약가 개편안 대응 논의…산업계 충격 최소화 총력""","한국제약바이오협회는 약가제도 개편안에 대한 대응 방안을 논의하고, 산업계의 충격을 최소화하기 위해 노력한다.",호재,2026-04-02 15:45,46.8,대화형,48.6
https://n.news.naver.com/mnews/article/293/0000082127?sid=101,제약/바이오,'정부 vs 27개 제약사' 360억 손배소로 이어진 '백신 담합',정부가 27개 제약사에 대한 360억원 손배소를 제기했다.,호재,2026-04-03 10:12,24.0,사실형,72.6
https://n.news.naver.com/mnews/article/001/0016000345?sid=101,제약/바이오,"[바이오스냅] 케어젠, '마이오키' 멕시코 보건당국 등록 완료",케어젠의 근육 강화 펩타이드 건강기능식품 '마이오키'가 멕시코 보건당국 등록을 완료했다.,호재,2026-04-03 10:15,22.5,예측형,40.1
https://n.news.naver.com/mnews/article/009/0005664694?sid=101,IT/플랫폼,“내가 할 수 있는 게 얼마나 많은데”…알아서 일하는 AI 요원들 몰려온...,AI 에이전트 전용 소셜미디어인 몰트북에서 AI 에이전트들이 서로 소통하고 글을 쓰며 인간들의 관심을 끌었습니다.,호재,2026-04-12 17:01,34.5,추론형,89.3
https://n.news.naver.com/mnews/article/014/0005506210?sid=101,IT/플랫폼,중동전쟁에 경기침체 '동행축제' 구원투수 될까...본격 개막,정부가 중동전쟁에 따른 경기 침체를 막기 위해 '동행축제'를 개최한다.,호재,2026-04-12 14:17,22.3,사실형,62.7
https://n.news.naver.com/mnews/article/022/0004120143?sid=101,IT/플랫폼,"소비로 꽃피우는 4월…중기부, 2026 동행축제 개막","중소벤처기업부가 4월 동행축제를 시작하며, 지역상권에 활력을 불어넣기 위한 대규모 소비촉진 프로그램을 운영한다.",호재,2026-04-12 13:41,20.7,사실형,59.5
https://n.news.naver.com/mnews/article/018/0006255808?sid=105,IT/플랫폼,"토스, 네카오 다음 혁신이 될까 [김현아의 IT세상읽기]",토스는 금융과 시작하여 생활 영역으로 확장해 나가는 혁신적인 방식으로 성장하고 있다.,호재,2026-04-12 20:32,30.0,사실형,80.2
https://n.news.naver.com/mnews/article/009/0005664611?sid=101,IT/플랫폼,4월 동행축제 개최…200개 유통채널서 할인·이벤트,"4월 동행축제가 개최되며, 200개 유통채널에서 할인 및 이벤트가 진행된다.",호재,2026-04-12 14:43,8.4,사실형,63.0
https://n.news.naver.com/mnews/article/029/0003021139?sid=101,IT/플랫폼,중동전쟁 먹구름…2026 4월 동행축제로 걷어낸다,"중동 전쟁 여파로 어려움을 겪는 소상공인을 돕고, 소비로 경제를 살리기 위한 '4월 동행축제'가 전국에서 개최된다.",호재,2026-04-12 14:19,18.6,사실형,59.6
https://n.news.naver.com/mnews/article/421/0008884241?sid=101,IT/플랫폼,"""온·오프라인 200개 채널 총출동""…중기부, '4월 동행축제' 본격 가동",중소벤처기업부가 4월 동행축제를 통해 대규모 소비촉진 프로그램을 본격 가동한다.,호재,2026-04-12 12:00,6.0,사실형,70.9
https://n.news.naver.com/mnews/article/030/0003416918?sid=101,IT/플랫폼,“소비로 지역 살린다”…전주서 막 오른 '2026 동행축제',중소벤처기업부가 지역상권과 내수 회복을 위한 대규모 소비촉진 행사 '2026 동행축제'를 개최했다.,호재,2026-04-12 12:01,18.1,사실형,46.5
https://n.news.naver.com/mnews/article/366/0001156193?sid=101,IT/플랫폼,"중기부, ‘4월 동행축제’ 개막…30일간 전국 소비촉진 행사",중기부는 4월 동행축제를 개막하고 전국 단위 소비촉진 행사를 시작했다.,호재,2026-04-12 12:01,8.5,사실형,75.7
https://n.news.naver.com/mnews/article/030/0003416922?sid=101,IT/플랫폼,"[르포]온라인 대출시장, 수익은 '신용 관리'에서 갈렸다",온라인 대출 시장에서 수익은 '신용 관리'에서 갈라진 것으로 나타났다.,호재,2026-04-12 13:01,44.7,사실형,94.8
https://n.news.naver.com/mnews/article/468/0001233087?sid=102,IT/플랫폼,"인제군, 지역화폐 ‘그리고 앱’ 통합 플랫폼으로 확대",인제군은 '그리고 앱'을 리뉴얼하여 지역화폐 플랫폼을 확대하고 군민 생활에 밀착된 통합 플랫폼으로 기능을 강화할 계획이다.,호재,2026-04-12 09:14,44.1,사실형,46.6
https://n.news.naver.com/mnews/article/003/0013882213?sid=101,IT/플랫폼,"""동행축제 오세요""…대표 상품 300개 최대 70% 할인",2026년 4월 동행축제가 다음 달 10일까지 200개 채널에서 최대 70% 할인으로 진행된다.,호재,2026-04-12 12:00,10.1,사실형,69.3
https://n.news.naver.com/mnews/article/001/0016016386?sid=101,IT/플랫폼,"중기부, '4월 동행축제' 개막…전국 소비촉진 행사 돌입",중기부가 전국 200개 온오프라인 유통채널을 통해 소비 촉진 행사를 개최한다.,호재,2026-04-12 12:00,27.1,사실형,67.7
https://n.news.naver.com/mnews/article/008/0005342982?sid=101,IT/플랫폼,"전국민 소비 장터 열렸다…중기부, 4월 동행축제 개막",전국민 소비 장터 '동행축제'가 4월 11일부터 시작되었습니다.,호재,2026-04-12 12:00,16.2,사실형,59.0
https://n.news.naver.com/mnews/article/030/0003416882?sid=101,IT/플랫폼,[이슈플러스] “회식 대신 단기 모임” 커뮤니티에 몰린 2030…온라인플...,"2030세대가 회식 대신 모임을 찾고 있으며, 카카오, 당근, 네이버 등 플랫폼 기업들이 이를 타겟팅하여 서비스를 강화하고 있다.",호재,2026-04-12 10:01,37.2,사실형,77.2
https://n.news.naver.com/mnews/article/022/0004120100?sid=101,IT/플랫폼,"검색 대신 물어본다…1533만 몰린 AI, 쇼핑 흐름 바꿨다","AI 기반 추천이 유통 구조를 바꿔고 있으며, 기존의 검색 중심 구조가 점차 AI 기반 추천으로 이동하고 있다.",호재,2026-04-12 08:09,20.0,사실형,84.5
https://n.news.naver.com/mnews/article/016/0002628288?sid=102,IT/플랫폼,"기초단체 생활거버넌스 쇄신, 이번엔 인제군 앱 경제 혁신",인제군은 지역화폐 앱 '그리고 앱'을 리뉴얼하여 군민 생활에 밀착된 통합 플랫폼으로 기능을 확대할 계획이다.,호재,2026-04-12 11:25,37.3,사실형,35.6
https://n.news.naver.com/mnews/article/277/0005748345?sid=101,자동차/모빌리티,"[클릭 e종목]""현대모비스, AS가 지켜주는 실적…목표가 56만원""",유진투자증권은 현대모비스의 안정적인 수익창출원인 AS 사업부가 실적 개선을 견인하고 있다고 밝히며 목표주가 56만원을 유지했다.,호재,2026-04-13 08:12,7.4,사실형,86.0
https://n.news.naver.com/mnews/article/417/0001138624?sid=103,자동차/모빌리티,국내 전기차 100만대 시대 열린다…점유율 1위는 '현대차',"국내 전기차 시장이 빠르게 성장하고 있으며, 100만대 시대를 앞두고 있다.",호재,2026-04-13 05:41,29.6,사실형,64.4
https://n.news.naver.com/mnews/article/011/0004609793?sid=101,자동차/모빌리티,"디지털트윈으로...기아, 연간 노동량 3750시간 줄였다",기아가 디지털 트윈 기술을 도입하여 설비 유지 보수 노동량을 연간 3750시간 절감했다.,호재,2026-04-12 17:46,14.9,사실형,75.7
https://n.news.naver.com/mnews/article/009/0005664524?sid=101,자동차/모빌리티,"“테슬라 모델Y, 이젠 비싸게 사야하나요?”…전기차 보조금 평가 바뀐...",전기차 보조금 지급 기준이 바뀌면서 테슬라·BYD 등 해외 제조사들이 불리해지고 있다.,호재,2026-04-12 06:10,15.4,사실형,75.9
https://n.news.naver.com/mnews/article/030/0003416833?sid=102,제약/바이오,"신계용의 공약장부, 또 SA…과천시 4년 연속 최고등급 행진",과천시가 4년 연속 최고 등급인 SA를 받았다. ,호재,2026-04-11 16:24,25.0,사실형,78.4
https://n.news.naver.com/mnews/article/031/0001020443?sid=105,IT/반도체,"인텔, 머스크 AI 반도체 기지 '테라팹' 합류…초대형 칩 동맹 가속",요약 오류,중립,2026-04-08 08:42,28.9,사실형,94.9
https://n.news.naver.com/mnews/article/092/0002417791?sid=105,IT/반도체,"롯데이노베이트, NPU 생태계 넓힌다…""피지컬 AI 인프라 최적화""",요약 오류,중립,2026-04-07 16:47,40.0,사실형,80.3
https://n.news.naver.com/mnews/article/052/0002337601?sid=101,IT/반도체,삼성전자 영업이익 '57조'...반도체로 신기원 열었다,"삼성전자 1분기 영업이익 57조 원, 한국 기업 역사상 처음으로 신기록을 달성했습니다.",호재,2026-04-07 19:04,56.3,추론형,20
https://n.news.naver.com/mnews/article/011/0004608234?sid=104,IT/반도체,"인텔, 머스크의 초대형 AI 반도체 생산 프로젝트 합류",인텔이 일론 머스크 테슬라의 AI 반도체 생산 프로젝트인 '테라팹'에 합류하여 반도체 생산 기술을 리팩토링하고 AI 발전에 기여할 계획이다.,호재,2026-04-08 05:26,34.1,사실형,79.8
https://n.news.naver.com/mnews/article/016/0002624033?sid=101,자동차/모빌리티,"‘워너비 브랜드’ 변신한 기아, 美서 3년 만에 현대차 제쳤다 [여車저...",기아가 미국 시장에서 가파른 상승세를 보이며 현대차를 추월했다.,호재,2026-04-03 07:04,10.7,사실형,80.7
https://n.news.naver.com/mnews/article/018/0006248248?sid=103,자동차/모빌리티,"현대차·기아, 美 1Q 사상 최대 실적…하이브리드차 순항","현대차와 기아가 미국에서 1분기 사상 최대 실적을 기록하며, 하이브리드차의 인기에 힘입었다.",호재,2026-04-02 10:38,9.1,사실형,93.9
https://n.news.naver.com/mnews/article/014/0005501603?sid=101,자동차/모빌리티,"현대차·기아, 1분기 美 판매 43만대 '역대 최다'…""HEV·SUV가 이끌었다...","현대차와 기아가 1분기 미국 시장에서 역대 최다 판매 기록을 달성했으며, 친환경차와 SUV가 판매량을 견인했다.",호재,2026-04-02 14:03,6.1,사실형,79.4
https://n.news.naver.com/mnews/article/018/0006248498?sid=103,자동차/모빌리티,"현대차·기아, 美 1Q 사상 최대실적…""북미 특화차 58종으로 물량공세""(...",현대차와 기아가 미국 1분기 판매량을 사상 최대 실적으로 기록했다.,호재,2026-04-02 15:19,24.9,사실형,83.6
https://n.news.naver.com/mnews/article/009/0005660316?sid=103,자동차/모빌리티,"현대차 ""픽업트럭 시장 공략""…美서 '볼더' 첫 공개",현대차그룹은 뉴욕 오토쇼에서 미국 시장에 맞춰 공략한 중형 픽업트럭 '볼더'를 세계 최초로 공개했다.,호재,2026-04-02 17:57,23.2,사실형,78.8
https://n.news.naver.com/mnews/article/052/0002335348?sid=101,자동차/모빌리티,보란 듯이 '날개 단' 현대차·기아...역대 최고 실적 기록했다 [지금이뉴...,현대차와 기아가 1분기에 사상 최고의 실적을 기록했다.,호재,2026-04-02 10:53,26.6,추론형,19.9
https://n.news.naver.com/mnews/article/422/0000850792?sid=101,자동차/모빌리티,"현대차그룹, 3월 감소에도 미국서 1분기 최대 실적","현대차그룹은 3월 미국 시장에서 판매량이 소폭 줄었지만, 하이브리드차와 스포츠유틸리티차량 호조에 힘입어 역대 1분기 최대 실적을 썼다.",호재,2026-04-02 11:35,11.1,추론형,17.8
https://n.news.naver.com/mnews/article/119/0003075749?sid=101,자동차/모빌리티,현대차·기아·제네시스 전기차 사면 '급속 kWh당 199원'…충전 부담 낮...,현대차그룹은 전기차 충전 비용을 지원하기 위해 E-pit 초고속 충전 요금을 kWh당 199원에 제공하는 '웰컴 199원' 프로모션을 시행한다.,호재,2026-04-01 11:44,19.2,사실형,68.1
https://n.news.naver.com/mnews/article/366/0001153158?sid=103,자동차/모빌리티,"현대차·기아, 유럽서 中 전기차 공세에 고전… 아이오닉3·EV2로 반격",현대차·기아는 유럽에서 중국 전기차 제조사들의 공세에 밀려 고전하고 있다.,악재,2026-04-01 06:01,25.6,사실형,67.9
https://n.news.naver.com/mnews/article/277/0005743178?sid=103,자동차/모빌리티,현대차그룹 전기차 출고하면 '199원' 충전 요금 낸다,현대차그룹은 신규 전기차 출고 고객을 대상으로 초고속 충전 요금을 kWh당 199원에 제공하는 '웰컴 199원' 프로모션을 시행한다.,호재,2026-04-01 09:24,18.5,사실형,89.0
https://n.news.naver.com/mnews/article/417/0001136904?sid=103,자동차/모빌리티,"'㎾h당 199원' 현대차그룹, 전기차 충전 요금 프로모션",현대차그룹은 전기차 충전 요금 인상으로 위축된 구매 심리를 완화하고 신규 고객의 초기 부담을 줄이기 위한 '웰컴 199원' 프로모션을 시행한다.,호재,2026-04-01 09:06,24.1,사실형,64.6
https://n.news.naver.com/mnews/article/008/0005339127?sid=101,방산/우주항공,"한화에어로, 육군본부와 'K-MRO' 수출 협력",한화에어로스페이스는 육군과 손잡고 K-MRO 사업의 해외 수출 확대에 나선다.,호재,2026-04-02 16:53,25.1,사실형,83.1
https://n.news.naver.com/mnews/article/123/0002380680?sid=101,방산/우주항공,"NYT ""천궁-II 첫 실전서 통했다…이란 전쟁서 K방산 위상 입증""",이란 전쟁에서 한국산 방공체계인 천궁-II가 실전에서 성능을 입증하며 글로벌 방산 시장에서 존재감을 키우고 있다.,호재,2026-04-02 20:11,20.1,사실형,88.9
https://n.news.naver.com/mnews/article/009/0005660129?sid=101,방산/우주항공,"한화에어로, 육군본부와 ‘K-MRO’ 수출 협력 나선다",한화에어로스페이스가 육군과 유지·보수·정비(MRO) 사업의 수출에 나선다.,호재,2026-04-02 15:44,31.7,사실형,98.3
https://n.news.naver.com/mnews/article/018/0006248529?sid=101,방산/우주항공,"한화에어로, 육군본부와 ‘K-MRO’ 수출 협력 나선다",한화에어로스페이스가 육군과 'K-MRO' 사업의 해외 수출을 위해 협력을 본격화한다.,호재,2026-04-02 15:44,37.8,사실형,99.9
https://n.news.naver.com/mnews/article/629/0000487830?sid=101,방산/우주항공,"한화에어로, 육군본부와 'K-MRO' 수출 협력 나선다",한화에어로스페이스는 육군과 MRO 사업의 해외 수출을 위한 협력에 나서기로 하였다.,호재,2026-04-02 15:21,43.1,사실형,80.9
https://n.news.naver.com/mnews/article/029/0003019714?sid=101,방산/우주항공,"한화에어로, 육군과 방산수출 ‘2막’ 협력…MRO 공략","한화에어로스페이스가 방산 수출 '2막'에 시동을 걸고, 육군과 민군 MRO 협력을 위한 간담회에 참여했다.",호재,2026-04-02 19:25,31.8,사실형,82.0
https://n.news.naver.com/mnews/article/025/0003513608?sid=100,방산/우주항공,"NYT “이란전쟁, K-방산 실전 쇼케이스…글로벌 무기시장 핵심 부상""",이란 전쟁을 계기로 한국 방위산업이 세계 무기시장의 핵심 플레이어로 부상했다는 평가를 받고 있다.,호재,2026-04-02 17:25,28.4,사실형,86.6
https://n.news.naver.com/mnews/article/031/0001019196?sid=101,방산/우주항공,"한화에어로-육군본부, 'K-MRO' 수출 협력 본격화",한화에어로스페이스는 육군과 'K-MRO(유지·보수·정비)' 사업의 해외 수출을 위해 협력을 본격화한다.,호재,2026-04-02 15:32,27.9,사실형,78.7
https://n.news.naver.com/mnews/article/374/0000501967?sid=101,방산/우주항공,"한화에어로, 육군본부와 'K-MRO' 수출 협력 나선다",한화에어로스페이스는 육군본부와 'K-MRO' 수출 협력에 나선 중이다.,호재,2026-04-02 16:15,71.3,추론형,19.4
https://n.news.naver.com/mnews/article/082/0001374127?sid=101,방산/우주항공,"한화에어로, 육군본부와 ‘K-MRO’ 수출 협력 나선다",한화에어로스페이스는 육군본부와 'K-MRO' 수출 협력에 나선다.,호재,2026-04-02 16:16,31.5,사실형,98.8
https://n.news.naver.com/mnews/article/003/0013859906?sid=101,방산/우주항공,"""이란 미사일 잡았다""…'천궁의 눈' 만든 뚝심의 K-중기","넥스윌, 방산 및 IT 분야에서 우수한 기술력을 보이며 글로벌 진출을 꾀하고 있다.",호재,2026-04-01 12:00,58.9,사실형,91.4
https://n.news.naver.com/mnews/article/011/0004606456?sid=101,방산/우주항공,"한화에어로-육군본부, 한국형 MRO 모델 수출 꾀한다",한화에어로스페이스는 육군과 유지·보수·정비(MRO) 사업의 해외 수출을 위해 협력을 본격화한다.,호재,2026-04-02 15:27,35.9,사실형,93.2
https://n.news.naver.com/mnews/article/277/0005744271?sid=101,방산/우주항공,"한화에어로, 육군과 ‘K-MRO’ 수출 협력… 민군 협력 확대","한화에어로스페이스는 육군과 협력해 'K-MRO' 사업을 수출하고, 정비 인프라 확충 계획을 발표했다.",호재,2026-04-02 16:13,22.4,사실형,96.7
https://n.news.naver.com/mnews/article/277/0005742593?sid=101,방산/우주항공,"한화오션, K-해양방산 이끌 '차세대 구축함' 공개",한화오션은 '2026년 이순신방위사업전'에서 고성능·고효율 해상전투 플랫폼인 '차세대 구축함'을 공개한다.,호재,2026-03-31 11:03,30.8,사실형,95.6
https://n.news.naver.com/mnews/article/138/0002223132?sid=101,방산/우주항공,"한화에어로-육군, K-MRO 수출 협력",한화에어로스페이스는 육군과 K-MRO 사업의 해외 수출 협력을 본격화한다.,호재,2026-04-02 16:58,22.0,사실형,90.0
https://n.news.naver.com/mnews/article/119/0003076493?sid=101,방산/우주항공,"한화에어로, 육군과 K-MRO 수출 협력…민군 협력 확대",한화에어로스페이스는 육군과 협력해 군수 정비 사업의 해외 수출 확대에 나선다.,호재,2026-04-02 17:01,17.3,사실형,98.7
https://n.news.naver.com/mnews/article/018/0006249996?sid=101,방산/우주항공,[마켓인]방산도 스타트업 시대…“기술보다 전장 수요 읽어야”,방산 스타트업 네트워킹 플랫폼 '랩터스'가 민간 플랫폼으로 군·정부·기업 연결을 지원한다.,호재,2026-04-04 05:39,55.3,사실형,82.9
https://n.news.naver.com/mnews/article/422/0000850899?sid=101,방산/우주항공,"한화에어로, 육군-방산업체 간담회 참가…군수지원체계 수출 추진",한화에어로스페이스는 육군과 민군 MRO 협력을 위한 간담회에 참가하여 한국형 MRO 수출 계획을 발표했다.,호재,2026-04-02 16:19,56.4,추론형,17.5
https://n.news.naver.com/mnews/article/014/0005501691?sid=101,방산/우주항공,"한화에어로, 육군과 K-MRO 수출 협력 본격화",한화에어로스페이스는 육군과 'K-MRO' 사업의 해외 수출을 위해 협력을 본격화한다.,호재,2026-04-02 15:18,36.1,사실형,88.8
https://n.news.naver.com/mnews/article/016/0002623809?sid=102,방산/우주항공,"K-방산, ‘수출·기술’ 두 마리 토끼 다 잡는다",2026 이순신 방위 산업전은 K-방산의 글로벌 경쟁력을 입증하며 실질적인 비즈니스 성과 창출에 집중했다.,호재,2026-04-02 14:30,69.9,사실형,65.0
https://n.news.naver.com/mnews/article/003/0013852046?sid=101,방산/우주항공,전쟁 포화 속에 방산·건설株 웃고 자동차·항공株 울었다,이란 전쟁으로 국내 증시 업종별 온도차가 뚜렷해지고 있는 상황이다.,호재,2026-03-29 08:00,15.9,사실형,86.3
https://n.news.naver.com/mnews/article/003/0013856745?sid=101,방산/우주항공,"한화오션, 이순신방위산업전 참가…""미래 K해양방산 기술 전시""",한화오션이 K해양방산 기술을 전시하며 미래 기술을 선보일 예정입니다.,호재,2026-03-31 11:55,50.6,사실형,93.4
https://n.news.naver.com/mnews/article/014/0005501798?sid=101,방산/우주항공,"한화에어로, 육군과 손잡고 군수지원체계 수출 추진","한화에어로스페이스는 육군과 함께 K-MRO 사업의 해외 수출을 위해 협력을 본격화하고, 민군 협력이 확대된다.",호재,2026-04-02 18:04,27.3,사실형,97.8
https://n.news.naver.com/mnews/article/018/0006231637?sid=101,2차전지,"고려아연, ‘인터배터리’서 전략광물 선보인다","고려아연이 '인터배터리2026'에서 전략광물 선보이며, 국가기간산업이자 국내 유일의 전략광물 공급망 생산기업으로서 첨단산업과 방위산업에 필수인 핵심 소재를 생산하는 것을 강조할 예정이다.",호재,2026-03-10 10:26,25.2,대화형,10.2
https://n.news.naver.com/mnews/article/088/0001000552?sid=101,2차전지,전기차 넘어 로봇·UAM ·AI용 차세대 배터리 경쟁,국내 2차전지 업계가 차세대 배터리로 신산업 선점에 나선다.,호재,2026-03-11 15:16,22.4,사실형,85.0
https://n.news.naver.com/mnews/article/138/0002222922?sid=105,2차전지,"[인터뷰] 이춘석 씨아이에스 ""건식 코터 배터리 원가 절감 핵심…장비 ...",이춘석 CIS 생산기술1센터 센터장은 건식 코터를 통해 배터리 원가를 획기적으로 낮출 수 있다고 밝혔다.,호재,2026-04-01 14:25,43.9,사실형,71.5
https://n.news.naver.com/mnews/article/030/0003408248?sid=105,2차전지,"태성, '배터리 재팬 2026' 참가…복합동박 글로벌 협력 확대",태성은 일본 도쿄에서 열리는 배터리 산업 전시회 '배터리 재팬 2026'에 참가해 복합동박 관련 기술을 선보일 예정이다.,호재,2026-03-17 13:42,18.7,사실형,57.0
https://n.news.naver.com/mnews/article/015/0005267963?sid=101,2차전지,매매차익만 수천억…대주주 '수상한 거래',대주주들이 은밀히 이득을 챙기고 있는 의혹이 제기되고 있다.,악재,2026-03-27 17:40,7.6,사실형,92.7
https://n.news.naver.com/mnews/article/215/0001244582?sid=101,2차전지,"고려아연, '전략광물·배터리 소재' 기술력 선보인다","고려아연은 '인터배터리2026'에서 2차전지 소재와 전략광물을 선보이며, 첨단 기술력을 선보인다.",호재,2026-03-10 13:49,15.1,사실형,31.6
https://n.news.naver.com/mnews/article/030/0003407789?sid=105,2차전지,"태성, 일본 배터리 업체와 복합동박 소재 공급 계약","태성은 일본 배터리 업체와 복합동박 소재 공급 계약을 체결하고, 글로벌 배터리 기업들과의 협력을 확대하며 차세대 배터리 소재 시장 진입을 본격화할 계획이다.",호재,2026-03-16 13:36,16.7,사실형,72.5
https://n.news.naver.com/mnews/article/088/0001001157?sid=101,2차전지,"태성, 일본 배터리 업체와 복합동박 소재 공급 계약",태성은 일본 배터리 업체와 복합동박 소재 공급 계약을 체결하고 관련 소재 개발 협력을 추진한다.,호재,2026-03-16 11:03,19.7,사실형,80.0
https://n.news.naver.com/mnews/article/030/0003405871?sid=101,2차전지,"고려아연, '인터배터리 2026'서 이차전지 소재·전략광물 기술력 선보인...",고려아연은 인터배터리2026 전시회에서 이차전지 소재와 전략광물 기술력을 선보일 예정입니다.,호재,2026-03-10 10:10,17.7,대화형,10.3
https://n.news.naver.com/mnews/article/021/0002776145?sid=101,2차전지,"고려아연, ‘인터배터리 2026’서 ‘자원안보 전초기지’ 강조",고려아연이 국내 최대 배터리 산업 전시회 '인터배터리 2026'에서 2차전지 소재와 전략광물 기술력을 선보일 예정이다.,호재,2026-03-10 16:33,18.8,사실형,58.0
https://n.news.naver.com/mnews/article/015/0005265816?sid=101,2차전지,"코스모신소재, 배터리솔루션과 차세대 양극재 개발 SPA 체결",코스모신소재와 배터리솔루션은 차세대 양극재 시장 공략을 위해 전략적 파트너십 계약을 체결했다.,호재,2026-03-23 17:38,12.7,사실형,88.6
https://n.news.naver.com/mnews/article/092/0002414469?sid=105,2차전지,"브라더코리아, 인터배터리 2026에 구동계 솔루션 출품",브라더코리아는 인터배터리 2026에서 고효율 인덕션 기어모터와 감속기 등 구동계 솔루션을 출품했다.,호재,2026-03-16 10:02,12.7,사실형,90.1
https://n.news.naver.com/mnews/article/011/0004597543?sid=101,2차전지,"고려아연, 인터배터리2026 참가... ‘자원안보 전초기지’ 강조",고려아연은 인터배터리2026 전시회에 참가하여 이차전지 소재부터 전략광물까지 생산하는 기술력을 선보일 계획이다.,호재,2026-03-10 10:22,25.8,사실형,45.9
https://n.news.naver.com/mnews/article/003/0013808969?sid=101,2차전지,"이녹스 그룹, 인터배터리 참가…차세대 배터리 통합 솔루션 공개","이녹스 그룹은 인터배터리 2026에서 차세대 이차전지 소재 기술력을 선보이며, 전년 대비 전시 규모를 두 배로 확장한다.",호재,2026-03-09 08:24,18.0,사실형,53.2
https://n.news.naver.com/mnews/article/031/0001012047?sid=101,2차전지,"고려아연, 인터배터리 참가... '자원안보 전초기지' 강조",고려아연이 인터배터리2026에 참가하여 2차전지 소재부터 전략광물까지 첨단 산업 필수 소재를 생산하는 기술 역량을 선보일 예정이다.,호재,2026-03-10 17:54,18.1,사실형,43.6
https://n.news.naver.com/mnews/article/009/0005649834?sid=101,2차전지,이재용 회장 유럽 출장 마치고 귀국…벤츠 등 완성차 ‘배터리 수주’ ...,이재용 삼성전자 회장이 유럽 내 주요 고객사들과의 협력 강화를 위한 출장 마치고 귀국했다.,호재,2026-03-13 14:00,20.2,사실형,83.9
https://n.news.naver.com/mnews/article/138/0002220654?sid=105,2차전지,"브라더코리아, '인터배터리 2026' 성료…2차전지용 기어모터 솔루션 제...",브라더코리아 기어모터 사업부가 '인터배터리 2026'에서 2차전지용 기어모터 솔루션을 성공적으로 알렸다.,호재,2026-03-16 10:16,10.4,사실형,86.6
https://n.news.naver.com/mnews/article/448/0000601473?sid=101,제약/바이오,[돈이 보이는 경제] '천당' 갔다 '지옥' 간 삼천당제약…흔들리는 바이...,"삼천당제약의 주가가 최근 50% 가까이 폭락한 이유는 미국 파트너사에 기술 이전 계약을 체결한 공시와 대주주의 지분 매각 소식, 그리고 불성실공시로 지정될 위기에 있다.",악재,2026-04-04 19:24,42.2,추론형,20
https://n.news.naver.com/mnews/article/015/0005270559?sid=105,제약/바이오,"SK바이오팜-서울바이오허브, 유망 제약·바이오 벤처 연구 돕는다",SK바이오팜과 서울바이오허브가 유망 제약·바이오 벤처 연구를 지원하기 위해 중추신경계 분야의 두 스타트업을 선정했다.,호재,2026-04-03 09:30,20.9,사실형,36.8
https://n.news.naver.com/mnews/article/008/0005341324?sid=105,IT/플랫폼,"안면인증 멈칫, 모바일 신분증 전진…공공 넘어 범용 인증수단으로",모바일 신분증이 공공 서비스를 넘어 범용 인증수단으로 확산하고 있다.,호재,2026-04-08 10:06,31.9,사실형,70.2
https://n.news.naver.com/mnews/article/629/0000489284?sid=101,IT/플랫폼,"강세장 힘 못 쓴 '네카오', 눈높이도 '싹둑'…주주 고심",네이버와 카카오의 주가가 장기화된 저점 수준에 머물러 있어 주주들에 대한 고심이 깊어지고 있다.,호재,2026-04-08 00:01,59.4,사실형,72.2
https://n.news.naver.com/mnews/article/011/0004608157?sid=105,IT/플랫폼,"한국어 평가마저…中 큐원, K-AI 다 제쳤다",중국산 AI 모델 '큐원'이 한국 국가대표 AI 모델들을 제치고 최상위권을 차지하며 국내 시장 잠식 우려를 낳고 있다.,호재,2026-04-07 17:55,22.8,사실형,69.6
https://n.news.naver.com/mnews/article/215/0001248158?sid=103,IT/플랫폼,공영주차장 5부제 당장 내일인데…확인은 '각자 몫',"공영주차장 5부제가 8일부터 시행되며, 모든 승용차에 적용되지만 일부 차량은 예외로 인정된다.",중립,2026-04-07 13:08,49.8,사실형,90.0
https://n.news.naver.com/mnews/article/081/0003633172?sid=102,IT/플랫폼,8일부터 유료 공영주차장 5부제…생계형·유아동승 사전비표 받아야,"8일부터 지방자치단체 공영주차장에서 승용차 5부제가 시행되며, 생계형 차량과 유아동승 차량은 사전에 비표를 받아야 한다.",호재,2026-04-07 17:28,27.9,사실형,83.5
https://n.news.naver.com/mnews/article/009/0005662490?sid=103,IT/플랫폼,“엇 혹시 내 차도?”…자칫했다간 ‘삼진아웃’ 내일부터 공영주차장...,"8일부터 공영주차장 5부제가 시행되며, 승용차의 번호 끝자리가 3번 또는 8번인 차량은 출입이 불가합니다.",호재,2026-04-07 17:50,37.9,사실형,60.3
https://n.news.naver.com/mnews/article/277/0005746011?sid=102,IT/플랫폼,내일부터 공영주차장 5부제…대상 여부는 직접 확인해야,"내일부터 공영주차장 5부제가 시행되지만, 대상 여부는 직접 확인해야 한다.",호재,2026-04-07 12:16,36.2,사실형,60.3
https://n.news.naver.com/mnews/article/658/0000140344?sid=101,IT/플랫폼,공영주차장 승용차 5부제 8일 0시 시행…민원인도 대상,"8일부터 공영주차장 승용차 5부제가 시행되며, 민간인도 대상이 된다.",호재,2026-04-07 15:46,30.2,사실형,59.2
https://n.news.naver.com/mnews/article/081/0003633190?sid=101,IT/플랫폼,[Q＆A] 내일부터 공공기관 ‘홀짝제’… “짝수일엔 끝번호 짝수만 운행...,"8일부터 공공기관과 일부 공영주차장에서는 차량 2부제와 5부제가 시행되며, 짝수 날에는 끝 번호가 짝수인 차량만 출입이 허용된다.",호재,2026-04-07 18:33,25.9,사실형,51.7
https://n.news.naver.com/mnews/article/001/0016007784?sid=100,IT/플랫폼,"내일부터 공영주차장 5부제…""잠깐도, 외국인 렌터카도 안돼""(종합)","내일부터 공영주차장 5부제가 시행되며, 승용차 5부제가 적용되며, 렌트카도 대상이며, 특정 차량은 예외이다.",호재,2026-04-07 17:09,46.0,사실형,62.8
https://n.news.naver.com/mnews/article/654/0000174377?sid=100,IT/플랫폼,내일부터 공영주차장 5부제…대상 여부 직접 확인해야,"공영주차장 5부제는 일부만 적용되며, 대상 여부는 직접 확인해야 한다.",호재,2026-04-07 13:19,39.2,사실형,79.3
https://n.news.naver.com/mnews/article/055/0001346529?sid=102,IT/플랫폼,내일부터 공영주차장 5부제인데…대상 주차장 알아서 검색해야,"내일부터 공영주차장 5부제가 시행되며, 대상 주차장은 알아서 확인해야 한다.",호재,2026-04-07 11:53,71.3,추론형,13.3
https://n.news.naver.com/mnews/article/082/0001374849?sid=101,IT/플랫폼,"8일부터 ‘공공기관 승용차 홀짝제’·‘공영주차장 5부제’…""택배·베...","8일부터 공공기관 승용차 홀짝제와 공영주차장 5부제가 시행되며, 정기권 보유자는 유효 기간까지 5부제 면제 받을 수 있다.",호재,2026-04-07 17:23,29.6,사실형,65.7
https://n.news.naver.com/mnews/article/421/0008874816?sid=101,IT/플랫폼,"서클 창립자, 방한 당일 오찬 회동…금융권·두나무·다날 한자리에","서클 창립자 제레미 알레어가 13일 방한해 국내 금융권 수장들과 오찬 회동을 열고, 자체 행사를 개최한다.",호재,2026-04-07 11:46,26.0,사실형,82.5
https://n.news.naver.com/mnews/article/029/0003020376?sid=101,IT/플랫폼,네카토 뛰는데 카드사는 ‘주춤’… 결제 시장 희비,네카토의 실적 성장에 힘입어 핀테크 3사가 실적을 확대했지만 카드사는 수익성 악화에 직면했다.,호재,2026-04-07 13:02,36.2,사실형,70.3
https://n.news.naver.com/mnews/article/469/0000923987?sid=102,엔터/미디어,오염 없는 세상에서의 '덕질' 위해... 기후 운동 최전선에 K팝 팬이 있다...,K팝 팬들이 기후 운동에 뛰어들어 플라스틱 앨범 양산과 탄소 절감에 대해 논의하고 있다.,호재,2026-04-07 09:00,20.0,사실형,78.8
https://n.news.naver.com/mnews/article/001/0016006710?sid=100,IT/플랫폼,내일부터 공영주차장 5부제인데…대상 주차장 알아서 검색해야,"내일부터 공영주차장 5부제가 시행되며, 대상 주차장을 알아서 검색해야 한다.",호재,2026-04-07 11:28,60.2,사실형,75.2
https://n.news.naver.com/mnews/article/009/0005662428?sid=101,IT/플랫폼,서클 손잡은 빗썸…점유율 1위 두나무에 도전,가상자산거래소 빗썸이 달러 스테이블코인 USDC 발행사인 서클과 손잡고 국내 스테이블코인 시장 선점 경쟁에 뛰어든다.,호재,2026-04-07 17:28,26.2,사실형,55.8
https://m.entertain.naver.com/article/609/0001111581,IT/플랫폼,"아티스트 없이도 통하는 서사의 힘, 음악으로 시작된 이야기 스스로 춤...",한국의 글로벌 마케팅 파워와 일본의 IP 확장 노하우가 맞물린 구조는 이제 새로운 경쟁 표준이 되었다.,호재,2026-04-08 06:21,45.8,추론형,49.9
https://n.news.naver.com/mnews/article/009/0005661050?sid=103,자동차/모빌리티,"“현대차·기아, 포르쉐와 ‘진짜 동급’ 됐다”…한국보다 해외서 더 ...","현대차그룹의 고성능 전기차가 세계 각국에서 호평을 받으며 포르쉐, 아우디 등과 동급이 되었다.",호재,2026-04-05 09:01,24.0,사실형,67.86668892535899
https://n.news.naver.com/mnews/article/014/0005502459?sid=101,자동차/모빌리티,"""안 비싼데 정통 스포츠카""..현대차, 고성능차 시장 판 뒤집었다",현대차그룹이 월드카 어워즈 고성능차 부문에서 수상하여 고성능차 시장 판도를 바꾸고 있다.,호재,2026-04-05 09:01,36.4,사실형,70.16002063839031
https://n.news.naver.com/mnews/article/023/0003968932?sid=101,자동차/모빌리티,"현대차·기아, 월드카 어워즈 고성능차 3연패...고성능차 시장 지각 변동...","현대차그룹의 아이오닉 6 N이 월드카 어워즈에서 '세계 올해의 고성능 자동차'로 선정되면서, 고성능차 시장의 중심축이 내연기관차에서 친환경차로 이동하는 흐름이 뚜렷해지고 있다.",호재,2026-04-05 15:04,20.6,사실형,79.35404479503632
https://n.news.naver.com/mnews/article/018/0006250522?sid=103,자동차/모빌리티,"테슬라, 수입차 왕좌 굳히나…고유가 시대 전기차 관심집중","테슬라가 3년간 지킨 BMW를 꺾고 1위를 차지했으며, 전기차 비중은 38%로 급증 중이다.",호재,2026-04-05 16:07,38.1,사실형,93.55966858565807
https://n.news.naver.com/mnews/article/031/0001019680?sid=101,자동차/모빌리티,"포르쉐 제치고 탈환⋯현대차 아이오닉 6 N, 세계 최고 고성능차 선정",현대차그룹의 아이오닉 6 N이 월드카 어워즈 고성능 자동차 부문에서 포르쉐를 제치고 수상했다.,호재,2026-04-05 09:01,33.0,사실형,69.73126508295536
https://n.news.naver.com/mnews/article/014/0005502662?sid=101,자동차/모빌리티,"""까다로운 도로서 스포츠카처럼 달린다""... 올해의 고성능차 '현대차 아...",현대차그룹이 월드카 어워즈에서 고성능차 부문에서 수상하며 고성능차 시장의 경쟁구도를 바꾸고 있다.,호재,2026-04-05 18:38,28.1,사실형,61.7113304627128
https://n.news.naver.com/mnews/article/001/0016002814?sid=101,자동차/모빌리티,"기아, '판매 주춤' 유럽시장 EV2로 정조준…외신 호평 잇달아",기아가 유럽시장에서 판매를 끌어 올리기 위해 소형 전기차 EV2를 내세우고 있다.,호재,2026-04-05 09:32,22.3,사실형,60.18140204967215
https://n.news.naver.com/mnews/article/374/0000502321?sid=101,자동차/모빌리티,"현대차 아이오닉 6N, 월드카 어워즈 수상…고성능 시장 주도권",현대차의 고성능 전기 세단 아이오닉 6N이 2026 월드카 어워즈에서 '세계 올해의 고성능 자동차 부문'을 수상했습니다.,호재,2026-04-05 09:00,41.0,추론형,20
https://n.news.naver.com/mnews/article/011/0004607181?sid=101,자동차/모빌리티,"현대차, ‘월드카 어워즈’ 고성능차 선정","현대차의 고성능 전기차 아이오닉 6 N이 '세계 올해의 고성능 자동차'로 선정되며, 시장의 이목을 끌고 있다.",호재,2026-04-05 15:38,20.2,사실형,76.32299649218717
https://n.news.naver.com/mnews/article/469/0000923255?sid=101,자동차/모빌리티,현대차·기아 하이브리드의 힘! 미국서 역대 최고 1분기 기록,현대차와 기아가 미국에서 1분기 판매 신기록을 작성했다. 하이브리드와 SUV가 실적을 이끌었다.,호재,2026-04-02 16:19,12.6,사실형,91.82124094051474
https://n.news.naver.com/mnews/article/008/0005338101?sid=101,자동차/모빌리티,"""전기차 새로 사면 충전비 확 낮아집니다""…현대차그룹 '웰컴 199원' 프로...",현대차그룹은 신규 전기차 구매 고객의 충전 요금 부담을 대폭 낮추는 '웰컴 199원' 프로모션을 시작한다.,호재,2026-04-01 09:45,21.3,사실형,96.7780202627182
https://n.news.naver.com/mnews/article/022/0004118490?sid=101,IT/반도체,삼성전자 반도체 영업익 2025년의 40배,"삼성전자 반도체 영업익 2025년의 40배로 예상되며, 7일 1분기 잠정실적 발표에 앞서 반도체 사업의 호황이 전사 실적을 끌어올린 것으로 전망된다.",호재,2026-04-06 06:02,48.9,사실형,54.1
https://n.news.naver.com/mnews/article/003/0013869099?sid=101,IT/반도체,반도체 '투톱' 상승…'19만전자' 회복[핫스탁],"삼성전자와 SK하이닉스가 반도체 '투톱'으로 강세를 보이며, 삼성전자는 창사 이래 처음으로 분기 영업이익 20조원을 돌파했다.",호재,2026-04-06 10:02,27.4,사실형,87.4
https://n.news.naver.com/mnews/article/020/0003709899?sid=101,IT/반도체,"삼성家 ‘12조 상속세’ 이달 완납… 이재용, 반도체-AI 공격투자 주목",삼성 오너 일가가 고 이건희 선대회장으로부터 물려받은 유산에 대한 상속세 12조 원 납부 절차를 이달 마무리할 예정이다.,호재,2026-04-06 00:31,25.7,사실형,76.5
https://n.news.naver.com/mnews/article/421/0008874327?sid=101,IT/반도체,"분기 50조 벽 깬 韓 최초 기업…삼성전자, AI 반도체로 새 역사","삼성전자가 올해 1분기 매출액 133조원, 영업이익 57조2000억원으로 기록했다.",호재,2026-04-07 09:54,15.7,사실형,98.3
https://n.news.naver.com/mnews/article/031/0001019835?sid=102,IT/반도체,"빛으로 연산하는 반도체, 충남이 잡는다…아산에 AI 광반도체 생태계 조...",충남도는 산업부 주관 '인공지능(AI) 광반도체 핵심부품 제조 기반 구축' 공모에 선정되어 아산시에 차세대 AI 반도체 산업 생태계를 조성할 계획입니다.,호재,2026-04-06 11:13,73.8,사실형,39.0
https://n.news.naver.com/mnews/article/081/0003633011?sid=101,IT/반도체,아산시 “반도체 메카로 도약”…‘AI 광반도체 핵심부품 제조’ 최종 ...,아산시는 산업통상자원부 주관 'AI지원 광반도체 핵심 부품 제조 기반구축' 공모사업에 최종 선정되어 광반도체 기술 확보를 위해 143억원을 투입할 계획이다.,호재,2026-04-07 09:46,47.6,사실형,51.9
https://n.news.naver.com/mnews/article/243/0000095749?sid=101,IT/반도체,공매도 몰린 종목부터 흔들렸다…자동차·반도체 ‘직격탄’,한미반도체가 공매도의 집중 타깃이 됐다.,악재,2026-04-05 09:00,12.4,사실형,98.3
https://n.news.naver.com/mnews/article/029/0003019962?sid=105,IT/반도체,"AI전략위, 미스트랄AI CEO와 면담",AI전략위는 한국 AI 반도체 기술과 미스트랄AI 모델의 결합으로 풀스택 AI 경쟁력을 높일 수 있다는 기대감을 표시했다.,호재,2026-04-05 14:19,37.4,추론형,19
https://n.news.naver.com/mnews/article/016/0002625358?sid=101,IT/반도체,충남도 ‘차세대 반도체’ 시장 선점,충남도는 산업부 주관 공모에 최종 선정되어 아산시에 차세대 AI 반도체 시장 선점을 위한 산업 생태계를 조성한다.,호재,2026-04-06 12:44,10.5,사실형,74.8
https://n.news.naver.com/mnews/article/008/0005340259?sid=105,IT/반도체,GPU 대란? 진짜 복병은 전기…'에너지 불안' 변수 커진 AI 경쟁,AI 경쟁의 초점이 반도체 확보에서 전력과 에너지 비용 문제로 옮겨가고 있다.,호재,2026-04-06 11:48,14.6,사실형,45.7
https://n.news.naver.com/mnews/article/031/0001021196?sid=105,IT/반도체,"인텔, 테슬라 이어 구글과도 협력 확대…AI 인프라 고도화",인텔은 구글과 다년 계약을 체결하여 차세대 AI 및 클라우드 인프라 구축을 위한 협력을 확대한다.,호재,2026-04-10 10:01,10.8,사실형,82.1
https://n.news.naver.com/mnews/article/088/0001005030?sid=101,IT/반도체,"ADB, 韓 성장률 1.9%로 상향…반도체 수출 호조 반영","ADB가 올해 한국의 경제성장률 전망치를 1.7%에서 1.9%로 상향 조정했으며, 반도체 산업 호조에 따른 수출 증가가 주요 요인이다.",호재,2026-04-10 09:49,25.8,사실형,73.7
https://n.news.naver.com/mnews/article/008/0005342473?sid=105,IT/반도체,"문워크 추는 로봇, 체스 두는 AI…'과학의 달'에 KAIST 기술 총출동","카이스트는 4월 '과학의 달'을 맞아 휴머노이드 로봇과 AI 기술을 선보이며, 첨단 로봇, 우주 기술, AI 반도체 기술을 중심으로 한 '미래 기술 체험형 콘텐츠'를 제공한다.",호재,2026-04-10 10:11,76.9,사실형,56.3
https://n.news.naver.com/mnews/article/092/0002418206?sid=105,IT/반도체,"리벨리온, Arm·SKT와 협력...추론 인프라 시장 겨냥",리벨리온이 Arm과 SK텔레콤과 협력하여 추론 인프라 시장에 진출한다.,호재,2026-04-10 10:12,20.0,사실형,70.1
https://n.news.naver.com/mnews/article/366/0001155791?sid=105,IT/반도체,"SK텔레콤, Arm·리벨리온과 ‘추론형 AI 서버’ 동맹… 엔비디아 의존 낮...",SK텔레콤은 Arm과 리벨리온과 손잡고 추론형 AI 서버를 공동 개발한다.,호재,2026-04-10 10:11,28.8,사실형,42.9
https://n.news.naver.com/mnews/article/123/0002381111?sid=004,IT/반도체,韓GDP 13% 일군 CDMA 30년…이제 AI고속도로 새ICT 대동맥 뚫는다,CDMA 이동통신이 30년을 맞아 대한민국 ICT 산업 성장의 기반이 됐다는 평가가 나온다.,호재,2026-04-10 10:06,29.5,사실형,69.7
https://n.news.naver.com/mnews/article/448/0000602880?sid=101,IT/반도체,"ADB, 올해 韓 성장률 1.9%로 상향…물가 2.1%→2.3%","ADB가 올해 한국 경제성장률을 1.9%로 상향 전망하고, 물가상승률은 2.3%로 상향 조정했다.",호재,2026-04-10 10:05,29.3,사실형,75.8
https://n.news.naver.com/mnews/article/648/0000046140?sid=101,IT/반도체,"인텔, 밀린 판 뒤집기?…테슬라·구글 동맹으로 반격",인텔이 테슬라와 구글과 손잡으며 AI 반도체 시장에서 반격을 시작했다.,호재,2026-04-10 10:11,18.1,사실형,69.2
https://n.news.naver.com/mnews/article/421/0008881791?sid=102,IT/반도체,휴머노이드부터 우주탐사 로버까지…KAIST 미래 기술 펼쳐놓다,"KAIST는 2026 대한민국 과학기술축제에서 인공지능, 로봇 공학의 정점을 선보이는 참여형 전시관 'KAIST 플레이 월드'를 운영한다.",호재,2026-04-10 10:08,76.8,대화형,13.1
https://n.news.naver.com/mnews/article/366/0001155773?sid=105,IT/반도체,"구글, 인텔과 동맹 연장…'제온 6′ CPU 도입·맞춤형 IPU 공동 개발","구글과 인텔이 인공지능(AI) 칩 파트너십을 연장하여 구글이 인텔의 최신 '제온 6' CPU를 도입하고, 맞춤형 ASIC 기반 인프라처리장치(IPU)를 공동 개발하기로 했다.",호재,2026-04-10 09:48,19.1,사실형,74.0
https://n.news.naver.com/mnews/article/215/0001248562?sid=101,IT/반도체,[속보] 금리 '동결' 코스피 2% 육박 상승세…삼성전기 '신고가',"삼성전기는 인공지능(AI) 열풍에 힘입어 조용한 강세를 이어가고 있으며, 주요 매출원인 전자제품의 핵심 부품 수요가 빠른 속도로 늘어나고 있다.",호재,2026-04-10 10:11,30.4,사실형,86.9
https://n.news.naver.com/mnews/article/018/0006254444?sid=105,IT/반도체,"인텔·구글, AI 인프라 연합…‘CPU·IPU’로 시스템 혁신 가속",인텔과 구글은 차세대 AI 및 클라우드 인프라 혁신을 위해 CPU와 IPU를 활용한 시스템 혁신을 가속하기로 한다고 발표했다.,호재,2026-04-10 09:48,20.4,사실형,62.4
https://n.news.naver.com/mnews/article/081/0003634124?sid=102,IT/반도체,"AI·휴머노이드 로봇 등 ‘총출동’…카이스트, 미래 기술 체험 제공","카이스트는 'KAIST Play World'를 통해 휴머노이드 로봇, 우주 로버 등 미래 기술을 체험할 수 있는 콘텐츠를 제공한다.",호재,2026-04-10 10:06,73.2,대화형,13.3
https://n.news.naver.com/mnews/article/020/0003711358?sid=101,IT/반도체,200억 벌었는데 2000억 쓴다…아마존이 쏘아 올린 ‘AI 수익성 역설’,"아마존의 AI 사업은 매출을 벌지만, 막대한 투자와 비용 부담을 동시에 겪고 있다.",호재,2026-04-10 10:03,16.1,사실형,85.4
https://n.news.naver.com/mnews/article/003/0013870144?sid=102,IT/반도체,"충남도, 아산시에 차세대 AI 반도체 산업 생태계 조성","충남도, 아산시에 차세대 AI 반도체 산업 생태계를 조성한다.",호재,2026-04-06 14:37,32.8,추론형,14.5
https://n.news.naver.com/mnews/article/015/0005114201?sid=101,금융/밸류업,밸류업 공시 늘었지만…금융주 랠리는 '글쎄',밸류업 공시가 증가했지만 금융주 랠리는 기대하기 어렵다고 전망된다.,중립,2025-04-02 18:14,11.0,사실형,98.4
https://n.news.naver.com/mnews/article/421/0008287150?sid=101,금융/밸류업,'밸류업 효과' 볕드는 금융주…자사주 산 지주 임원 잔고도 '쑥',금융지주가 밸류업 효과로 인해 자사주 산 지주 임원 잔고가 증가하고 있다.,호재,2025-06-01 06:24,46.8,사실형,90.6
https://n.news.naver.com/mnews/article/215/0001248033?sid=101,방산/우주항공,"한화, 풍산 인수 유력…10조 미국 자주포 노린다 [방산인사이드]","한화가 풍산 인수에 관심을 보이고, 10조 미국 자주포를 노리는 중이다.",호재,2026-04-06 15:02,26.1,추론형,50.0
https://n.news.naver.com/mnews/article/029/0003020193?sid=101,방산/우주항공,"후원부터 발표까지…K-방산, 루마니아 장악",한화에어로스페이스와 현대로템이 동유럽 시장 공략에 총력전을 펼치고 있다.,호재,2026-04-06 15:30,29.2,사실형,49.1
https://n.news.naver.com/mnews/article/421/0008871317?sid=101,방산/우주항공,"美 ""나토 탈퇴 검토""에 K방산 '관심 집중'…'바이 유러피언' 숙제",K방산이 나토 탈퇴 검토에 관심을 집중하고 있다,호재,2026-04-06 07:00,44.6,사실형,49.7
https://n.news.naver.com/mnews/article/003/0013864002?sid=101,방산/우주항공,'전략적 동반자' 인니와 재도약…K방산·건설기계 수출 '기대감','천궁-Ⅱ'와 '천무' 등 K방산 주력 무기 수출 가능성 높아,호재,2026-04-02 16:36,25.5,사실형,95.5
https://n.news.naver.com/mnews/article/014/0005503195?sid=100,방산/우주항공,"방사청 사이버 방패 직접 지원 강화 ""K-방산 해킹 원천 차단""",방사청이 국내 방산 기업들의 정보 시스템을 지원하여 데이터 주권을 수호하고 방산 수출 확대에 긍정적인 영향을 주는 정책을 발표했다.,호재,2026-04-06 15:56,25.7,추론형,18.2
https://n.news.naver.com/mnews/article/001/0015996714?sid=100,방산/우주항공,"韓-인니, 첫 특별포괄적전략동반자 됐다…전투기 등 방산협력 강화","韓-인니, 방산 협력 강화로 전투기 양산 협력에 대한 의지를 표명했다.",호재,2026-04-01 18:38,20.6,사실형,99.0
https://n.news.naver.com/mnews/article/421/0008864142?sid=101,방산/우주항공,"""중동 무기 수요 지속"" 방산주 급등…LIG넥스원 상한가[핫종목]","LIG넥스원은 방산주 급등에 상한가에 오르며, 중동 무기 수요가 지속될 전망에 힘입은 듯하다.",호재,2026-04-01 16:45,7.3,사실형,84.8
https://n.news.naver.com/mnews/article/215/0001247885?sid=101,IT/플랫폼,"""이미 반토막인데"" 네이버·카카오 목표주가 또 하향",네이버와 카카오 주가가 또 목표주가 하향,악재,2026-04-05 06:00,23.9,사실형,31.7
https://n.news.naver.com/mnews/article/001/0016004015?sid=101,제약/바이오,"[바이오스냅] SK바이오팜, 미국 암연구학회서 방사성의약품 전임상 성과...",SK바이오팜은 미국 암연구학회에서 방사성 의약품 치료제 'SKL35501'과 영상진단제 'SKL35502'의 전임상 연구 성과를 공개한다.,호재,2026-04-06 09:29,31.3,예측형,25.7
https://n.news.naver.com/mnews/article/421/0008871258?sid=101,IT/플랫폼,"'공영주차장 5부제' 네이버지도·카카오맵서 확인 추진…""논의 진행 중...",정부는 공영주차장별 5부제 적용 여부를 네이버지도와 카카오맵 등 주요 지도 플랫폼 통해 안내할 계획이다.,중립,2026-04-06 06:00,19.9,대화형,18.6
https://n.news.naver.com/mnews/article/056/0012153732?sid=100,방산/우주항공,한·인니 정상 “KF-21 공동 개발 성공 축하”…포괄적 방산협력 확대,"한·인니 정상은 KF-21 공동 개발 성공을 축하하며, 포괄적 방산협력 확대를 약속했다.",호재,2026-04-01 17:22,21.2,사실형,81.4
https://n.news.naver.com/mnews/article/243/0000095770?sid=101,IT/플랫폼,"‘일하는 사람’ 정의 모호…플랫폼 기업, ‘일법 패키지’에 한숨 커진...",플랫폼 기업이 일법 패키지에 큰 타격을 입을 것으로 예상된다.,악재,2026-04-06 07:01,19.3,대화형,15.9
https://n.news.naver.com/mnews/article/018/0006251367?sid=101,자동차/모빌리티,기름값 치솟자 잘 나가는 전기차…K배터리도 웃는다,"중동 사태로 고유가 공포가 확산되자 소비자들의 관심이 전기차로 쏠리고 있으며, 미국 BEV 판매량이 21.5% 급증하면서 국내 배터리 업계도 수혜를 볼 것이라는 기대가 나온다.",호재,2026-04-06 16:35,17.7,사실형,83.2
https://n.news.naver.com/mnews/article/008/0005340726?sid=101,제약/바이오,"삼진제약, 산업부 '월드클래스 플러스' 선정…""ADC 플랫폼 구축""","삼진제약이 산업부의 '월드클래스 플러스' 프로젝트에 선정돼, 첨단 바이오 분야 대표 기업으로 글로벌 사업화를 본격 추진할 계획이다.",호재,2026-04-07 09:57,23.1,사실형,52.8
https://n.news.naver.com/mnews/article/008/0005340658?sid=101,제약/바이오,"HLB라이프케어, 'HLB마이오카인 연구소' 설립…""바이오마커 확보""",HLB라이프케어가 근육에서 분비되는 단백질 호르몬 '마이오카인' 연구를 위해 연구소를 설립하고 국내 내분비·대사 분야 최고 권위자들과 컨소시엄을 구성했다.,호재,2026-04-07 08:53,38.6,사실형,35.7
https://n.news.naver.com/mnews/article/003/0013868656?sid=102,제약/바이오,"K-제약바이오, 국제암회회 '대거출격'…어떤 기술 있나",K-제약바이오 기업들이 국제암학회 '대거출격'하며 기술 수출 상업화에 힘쓸 것으로 보인다.,호재,2026-04-06 05:01,62.1,대화형,36.2
https://n.news.naver.com/mnews/article/003/0013872198?sid=102,제약/바이오,"""글로벌 경쟁력 키운다""…제약바이오, R&amp;D사령탑 재편",제약바이오 기업들이 글로벌 경쟁력을 강화하기 위해 연구개발(R&D) 수장을 영입하고 조직을 재편한다.,호재,2026-04-07 11:34,55.8,사실형,32.4
https://n.news.naver.com/mnews/article/001/0016006139?sid=105,제약/바이오,"[바이오스냅] HLB라이프케어, DGIST와 마이오카인 연구 컨소시엄 구축","HLB라이프케어는 근육에서 분비되는 단백질 호르몬 마이오카인 연구를 위해 연구소와 컨소시엄을 구성하고, 광동제약은 유기농 원료를 사용한 프리미엄 차음료를 출시했다.",호재,2026-04-07 08:29,36.7,사실형,79.6
https://n.news.naver.com/mnews/article/079/0004135611?sid=102,IT/반도체,"조동욱 ""AI시대 충북학생 지속가능 역량 키울 밑바탕 깔 것""",조동욱이 충북 학생의 지속가능 역량을 키울 밑바탕으로 AI시대를 준비하겠다고 말했다.,호재,2026-04-11 17:23,18.6,추론형,0.0
https://n.news.naver.com/mnews/article/421/0008842485?sid=102,IT/플랫폼,카카오페이로 '강릉페이' 결제한다…앱 전면 개편,"강릉시는 강릉사랑상품권 앱을 개편하여 모바일 간편결제 기능을 도입하고, 플랫폼 기능을 확대한다.",호재,2026-03-23 10:46,15.7,사실형,39.7
https://n.news.naver.com/mnews/article/030/0003408568?sid=101,IT/플랫폼,"네이버지도, 5년 만에 별점 도입…구글 지도 공세 대응",네이버가 5년 만에 별점 리뷰를 도입하여 네이버 검색 및 지도에 표출되는 장소 정보 경쟁력을 강화한다.,호재,2026-03-18 10:22,36.7,사실형,55.0
https://n.news.naver.com/mnews/article/293/0000080798?sid=101,IT/플랫폼,"한패스 ""5분 송금·20개국 언어""…외국인 생활 플랫폼 목표 [현장+]","한패스는 한국 시장을 시작으로 전 세계 3억명에 달하는 외국인 여행객 대상의 금융 플랫폼이 되고자 하며, 외국인 대상 해외송금과 전자지갑 서비스를 제공하는 핀테크 기업이다.",호재,2026-03-12 14:52,12.6,사실형,65.3
https://n.news.naver.com/mnews/article/009/0005655633?sid=101,IT/플랫폼,카카오게임즈 새주인은 ‘라인야후’…덩달아 반등하는 펄어비스,"카카오게임즈가 라인야후 투자로 최대주주가 변경되고, 펄어비스도 반등하고 있다.",호재,2026-03-25 09:29,12.8,사실형,63.8
https://n.news.naver.com/mnews/article/030/0003411238?sid=105,IT/플랫폼,[뉴스해설]라인야후 카카오게임즈 인수...글로벌 플랫폼·콘텐츠 결합 노...,카카오게임즈가 일본 라인야후에 인수되어 글로벌 플랫폼 및 콘텐츠 결합 노선을 구축한다.,호재,2026-03-25 15:01,21.5,사실형,68.7
https://n.news.naver.com/mnews/article/031/0001016438?sid=105,IT/플랫폼,엇갈리는 글로벌 실적⋯'두 자릿수 증가' 네이버 vs '숨 고르기' 카카오,네이버는 해외 지역 수익이 15% 증가하는 반면 카카오는 해외 매출이 줄어들어 엇갈리는 실적을 보였다.,호재,2026-03-25 08:11,55.1,사실형,71.0
https://n.news.naver.com/mnews/article/029/0003018664?sid=103,IT/플랫폼,"“미키마우스가 왜 여기 있어?”…네이버웹툰, ‘디즈니·마블’ 새 무...",네이버웹툰이 디즈니와 포뮬러원(F1)이 컬래버한 신작 '미키x F1 정상을 향한 질주'를 연재하고 있다.,호재,2026-03-29 15:05,83.8,사실형,62.2
https://n.news.naver.com/mnews/article/030/0003409832?sid=101,IT/플랫폼,네이버·카카오·무신사·토스 총출동…소상공인 '스타 브랜드' 키운다,네이버·카카오·무신사·토스 등 13개 플랫폼이 소상공인 브랜드 육성에 힘을 모여 온라인 유통 판로 지원을 강화한다.,호재,2026-03-22 12:01,15.6,사실형,60.7
https://n.news.naver.com/mnews/article/003/0013835103?sid=102,IT/플랫폼,"밀양사랑카드, 23일 카카오페이 간편결제 시행",밀양시는 23일부터 카카오페이 간편결제 서비스를 전면 도입하여 시민들이 실물 카드를 소지하지 않아도 스마트폰만으로 간편하게 결제할 수 있게 된다.,호재,2026-03-20 13:58,30.7,대화형,10.3
https://n.news.naver.com/mnews/article/138/0002221614?sid=105,IT/플랫폼,"""좋은 회사·나쁜 주식?""…네이버 주주 직격에 최수연 대표 반응은",네이버 대표 최수연은 주주 입장에서 네이버는 좋은 기업이지만 나쁜 주식 같다고 밝혔다.,호재,2026-03-23 16:06,67.9,사실형,87.3
https://n.news.naver.com/mnews/article/001/0015950318?sid=102,IT/플랫폼,"IT 노조, 노란봉투법 시행에 ""플랫폼 기업 통합 교섭 구축해야""",IT 노조는 노란봉투법 시행을 맞아 플랫폼 기업에 원청 교섭 구조를 구축해야 한다고 요구하고 있다.,호재,2026-03-10 15:31,41.8,사실형,97.7
https://n.news.naver.com/mnews/article/421/0008808841?sid=101,IT/플랫폼,인터넷 '1인 방송' 이끈 카카오TV…9년 만에 서비스 종료,"카카오TV, 9년 만에 서비스 종료. 유튜브와 OTT의 급부상에 밀려 입지가 좁아진 것으로 보인다.",악재,2026-03-05 15:12,20.8,사실형,78.4
https://n.news.naver.com/mnews/article/020/0003702653?sid=102,IT/플랫폼,네이버-카톡서 AI와 채팅만으로 등본 발급,네이버나 카카오 등 민간 플랫폼에서 인공지능(AI)과의 채팅만으로 주민등록등본 발급 등 공공행정 서비스를 이용할 수 있게 됐다.,호재,2026-03-10 04:32,34.2,사실형,68.2
https://n.news.naver.com/mnews/article/018/0006245676?sid=101,IT/플랫폼,"“AI+스테이블코인, 4년 뒤 4000조 돌파…네이버·두나무 주목”",네이버와 두나무의 합병이 2030년까지 글로벌 결제 규모를 4000조원 돌파하는 데 핵심 역할을 할 것으로 전망된다.,호재,2026-03-30 16:14,27.9,사실형,98.2
https://n.news.naver.com/mnews/article/008/0005334965?sid=105,IT/플랫폼,"""검색은 네이버, 비서는 카카오""…AI 수익화 누가 먼저 웃나","네이버와 카카오가 AI 에이전트 전략을 비교하며, 네이버는 연내 모든 서비스에 AI 에이전트를 도입하고 수익성을 추구한다.",호재,2026-03-25 15:03,45.5,사실형,73.0
https://n.news.naver.com/mnews/article/079/0004127744?sid=102,IT/플랫폼,"강릉페이, 카카오페이 간편결제 연동…4월부터 리뉴얼 서비스 개시",강릉시 강릉사랑상품권 앱을 리뉴얼하여 간편결제 수단을 넘어 시민과 시정을 연결하는 '디지털 가교'로 고도화한다.,호재,2026-03-23 09:26,29.6,사실형,35.2
https://n.news.naver.com/mnews/article/050/0000104227?sid=101,엔터/미디어,어느 영포티 아니 영피프티의 최애 아이돌 [EDITOR's LETTER],"나띠는 태국인으로, 3000대 1의 경쟁률을 뚫고 JYP 태국 오디션에 합격해 한국 땅을 밟았습니다.",호재,2026-03-28 05:58,64.8,추론형,0.1
https://n.news.naver.com/mnews/article/001/0015973512?sid=103,엔터/미디어,[BTS 컴백] '봄날'처럼 돌아온 일곱 청년…광화문에 K팝 'DNA' 새겼다,BTS가 13년만에 컴백을 하며 광화문 앞에서 무료 공연을 열어 전통과 현대가 연결되는 축제의 장을 만들었다.,호재,2026-03-21 23:15,26.3,사실형,79.9
https://m.entertain.naver.com/article/003/0013840814,엔터/미디어,"'3년 경업금지 해제' 이수만, K팝계 돌아온다…'A2O 잘파 오디션'",이수만 전 SM엔터테인먼트 총괄 프로듀서가 3년만에 K-팝계 활동을 다시 시작한다.,호재,2026-03-23 18:15,12.7,사실형,84.5
https://m.entertain.naver.com/article/005/0001839070,엔터/미디어,BTS 이후 K팝 위기… 다국적 아이돌 키우고 AI 기술로 뚫어야,K팝 위기 해결을 위해 '엔터테크 시대'로 진입하고 버추얼 아이돌 그룹과 연계한 온라인 플랫폼을 구축해야한다.,호재,2026-03-25 00:06,26.7,추론형,1.5
https://n.news.naver.com/mnews/article/015/0005271367?sid=101,IT/반도체,"""'증설하면 팔아라' 이젠 옛말...메모리 '다운턴 충격' 없을 것""",한투운용 주식운용2부 부장은 메모리 시장의 다운턴 충격이 없을 것이라고 예상한다.,호재,2026-04-06 11:31,37.5,사실형,90.1
https://n.news.naver.com/mnews/article/277/0005745539?sid=102,IT/반도체,"국립부경대·KIST 공동연구, 생성형 AI로 차세대 반도체 메모리 물질 후...",국립부경대와 KIST의 공동연구는 생성형 AI를 이용하여 차세대 반도체 메모리 물질 후보를 발굴하였습니다.,호재,2026-04-06 11:27,62.8,사실형,39.7
https://n.news.naver.com/mnews/article/001/0016006568?sid=102,IT/반도체,대성하이텍-대구시 투자협약…'AI 메디컬팩토리' 건립 등 추진,대성하이텍과 대구시는 'AI 메디컬팩토리' 건립을 위한 투자협약을 체결했다.,호재,2026-04-07 11:00,28.1,대화형,35.8
https://n.news.naver.com/mnews/article/014/0005502801?sid=102,IT/반도체,"서울 직업계고, AI·반도체 중심으로 바뀐다…2029년 AX 특성화고 20곳으...",서울시교육청은 2027년부터 2029년까지 서울 직업교육 체계를 AI·로봇 등 미래기술 중심으로 전면 재편한다.,호재,2026-04-06 09:00,26.8,사실형,54.8
https://n.news.naver.com/mnews/article/366/0001154529?sid=101,제약/바이오,"롯데바이오로직스, 日 제약사와 항암 신약 CDMO 수주",롯데바이오로직스는 일본 제약사와 항암 신약 CDMO 수주 계약을 체결하고 글로벌 시장에서의 경쟁력을 강화한다.,호재,2026-04-06 11:34,10.6,사실형,71.1
https://n.news.naver.com/mnews/article/374/0000502487?sid=101,제약/바이오,"롯데바이오로직스 ""日 제약사와 항체의약품 CDMO 계약""",롯데바이오로직스는 일본 제약사와 항체의약품 CDMO 계약을 체결했다.,호재,2026-04-06 11:40,27.0,추론형,20
https://n.news.naver.com/mnews/article/421/0008874316?sid=101,IT/반도체,"삼성전자, 1분기 영업이익 57.2조원 'AI 반도체로 새 역사'","삼성전자 1분기 영업이익 57.2조원, 매출액 133조원으로 전년동기 대비 68.06% 매출, 755.01% 영업이익 증가",호재,2026-04-07 09:54,17.6,사실형,98.3
https://n.news.naver.com/mnews/article/020/0003710363?sid=101,IT/반도체,‘AI모먼트’ 메모리 쟁탈전…삼성전자 영업이익 57조원 넘겼다,삼성전자가 1분기 매출과 영업이익이 사상 최고치를 기록하며 한국 기업의 분기 실적에 새로운 역사를 썼다.,호재,2026-04-07 08:14,37.2,사실형,97.3
https://n.news.naver.com/mnews/article/011/0004607539?sid=102,IT/반도체,"충남도, ‘차세대 반도체’ 시장 선점 닻 올렸다",충남도는 아산시에 차세대 AI 반도체 시장 선점을 위한 산업 생태계를 조성한다.,호재,2026-04-06 14:03,8.2,사실형,64.6
https://n.news.naver.com/mnews/article/018/0006251184?sid=105,IT/반도체,"크레버스, 'Renegade 2026 서밋'서 AI 교육 서비스 '허밍고' 시연",크레버스가 AI 교육 서비스 '허밍고'를 퓨리오사AI 'Renegade 2026 서밋'에서 시연하며 교육 AI 상용화 가능성을 입증했다.,호재,2026-04-06 13:57,28.4,사실형,28.4
https://n.news.naver.com/mnews/article/422/0000852018?sid=100,IT/반도체,충남도 '차세대 반도체' 선점 닻 올려…AI 광반도체 공모 선정,충남도는 인공지능(AI) 광반도체 핵심부품 제조 기반 구축 공모에 선정되어 차세대 AI 반도체 시장 선점을 위한 산업 생태계를 조성한다.,호재,2026-04-06 14:11,74.1,추론형,19.9
https://n.news.naver.com/mnews/article/421/0008872633?sid=103,제약/바이오,"제약바이오협회, 혁신 기술 발굴 위한 '오픈이노베이션 행사' 개최",한국제약바이오협회가 중소제약사와 AI바이오벤처의 혁신 기술 발굴을 위한 행사를 개최한다.,호재,2026-04-06 13:47,22.2,대화형,46.7
https://n.news.naver.com/mnews/article/030/0003415000?sid=102,제약/바이오,"제약바이오협회, 7일 중소 제약·AI벤처 잇는 파트너링 데이 개최",한국제약바이오협회가 중소제약사 및 AI벤처와의 파트너십을 강화하기 위한 행사를 개최한다.,호재,2026-04-06 13:53,16.3,대화형,14
https://n.news.naver.com/mnews/article/243/0000095811?sid=101,제약/바이오,"SK바이오사이언스, R&amp;D 실행력 ‘강화’…핵심 인재 영입·조직 재편",SK바이오사이언스는 연구개발(R&D) 실행력을 강화하기 위해 조직을 재편하고 핵심 인재를 영입했다.,호재,2026-04-06 12:26,20.9,사실형,46.9
https://n.news.naver.com/mnews/article/015/0005068261?sid=101,금융/밸류업,'탄핵 정국' 여파…밸류업 대표 종목인 금융주 동반 폭락,윤석열 정부의 기업 밸류업 프로그램에 대한 기대감이 사라져 금융주와 함께 밸류업 대표 종목들이 폭락했다.,악재,2024-12-10 16:00,23.2,사실형,49.1
https://n.news.naver.com/mnews/article/018/0006251202?sid=101,IT/반도체,충남 아산에 차세대 AI 반도체 생태계 만든다,충남도는 아산시에 차세대 AI 반도체 산업생태계를 조성하기 위해 산업부 주관의 공모에 최종 선정되었다.,호재,2026-04-06 14:17,27.9,사실형,54.9
https://n.news.naver.com/mnews/article/656/0000173110?sid=102,IT/반도체,"충남, AI 반도체 기반 구축 착수… 아산에 제조 인프라 조성",충남도가 차세대 인공지능(AI) 반도체 산업 기반을 아산에 구축하기 시작했다.,호재,2026-04-06 14:14,17.3,사실형,87.8
https://n.news.naver.com/mnews/article/001/0016004203?sid=101,제약/바이오,"[바이오스냅] 카카오헬스케어·사노피, AI 설루션 개발 협력",카카오헬스케어와 사노피가 의료 데이터 기반 AI 설루션 개발 협력을 시작한다.,호재,2026-04-06 10:14,7.2,사실형,98.2
https://n.news.naver.com/mnews/article/001/0016004621?sid=105,제약/바이오,"[바이오스냅] 동국제약 센텔리안24, 일본 유통채널 매장 입점",바이오스냅의 센텔리안24이 일본 유통채널 매장에 입점했습니다.,호재,2026-04-06 11:39,6.2,사실형,85.7
https://n.news.naver.com/mnews/article/015/0005271277?sid=105,제약/바이오,韓 디지털 인프라-韓 제약·AI 결합 ... 카카오헬스케어·사노피 협력한...,카카오헬스케어와 사노피가 의료 데이터 기반 실증 연구 협력 및 AI 솔루션 개발을 위한 MOU를 체결했다.,호재,2026-04-06 09:21,10.2,사실형,86.0
https://n.news.naver.com/mnews/article/088/0001001553?sid=101,금융/밸류업,막 오른 '슈퍼 주총' 시즌…'자사주 소각' 나선 지주사·금융株 주목할...,올해 주총은 밸류업 프로그램 도입과 조세특례제한법 개선으로 한국 증시의 구조적 업그레이드가 이어질 것,호재,2026-03-18 10:24,12.2,추론형,4.2
https://n.news.naver.com/mnews/article/028/0002799110?sid=103,제약/바이오,"[제약바이오 소식] 서울바이오허브–SK바이오팜, 오픈이노베이션 첫 협...","서울바이오허브와 SK바이오팜은 오픈 이노베이션 프로그램의 첫 기수 협력사 2곳을 선정했으며, 중추신경계 질환 치료제 분야의 유망 스타트업인 노보렉스와 쓰리브룩스테라퓨틱스가 선정되었다.",호재,2026-04-03 16:24,23.5,사실형,36.4
https://n.news.naver.com/mnews/article/421/0008867939?sid=103,제약/바이오,"SK바이오팜, 서울바이오허브와 중추신경계 스타트업 육성",SK바이오팜은 서울바이오허브와 함께 중추신경계 스타트업 육성을 위해 노보렉스와 쓰리브룩스테라퓨틱스를 선정하고 협약식을 개최했다.,호재,2026-04-03 09:14,17.8,대화형,36.3
https://n.news.naver.com/mnews/article/014/0005502026?sid=105,제약/바이오,"SK바이오팜-서울바이오허브, 오픈이노베이션 맞손","SK바이오팜과 서울바이오허브가 중추신경계 분야의 스타트업 2개사를 선정, 협약식을 개최했다.",호재,2026-04-03 09:22,16.9,사실형,27.1
https://n.news.naver.com/mnews/article/081/0003632231?sid=101,제약/바이오,"美 철강 완제품 25% 관세에 수출업계 촉각… 가전은 ‘비상’, 제약은 ‘...",미국 트럼프 행정부가 철강·알루미늄·구리 함량이 높은 파생 제품에 대해 25%의 관세를 부과하겠다고 발표했다.,악재,2026-04-03 13:22,21.2,사실형,75.3
https://n.news.naver.com/mnews/article/003/0013864864?sid=102,제약/바이오,"""신약 역량 지원 사격""…SK바이오팜, 스타트업 2곳 선정",SK바이오팜이 중추신경계 분야 유망 스타트업 2개사를 선정하고 협약식을 개최했다.,호재,2026-04-03 09:29,16.8,사실형,30.6
https://n.news.naver.com/mnews/article/003/0013865391?sid=102,제약/바이오,잇단 논란→고소→기자회견…삼천당제약에 무슨 일이?,"삼천당제약에 대한 논란이 확산되고 있으며, 회사 측의 해명과 법적대응 예고에도 쉽게 가라앉지 않는 모습이다.",악재,2026-04-03 11:07,60.2,사실형,77.9
https://n.news.naver.com/mnews/article/003/0013864039?sid=102,제약/바이오,"""약가 인하의 충격 최소화""…제약업계 대응 마련 '분주'",한국제약바이오협회는 약가 인하의 충격을 최소화하기 위해 긴급 이사장단회의를 열고 대응 계획을 논의했다.,호재,2026-04-02 16:40,40.4,대화형,39.0
https://n.news.naver.com/mnews/article/024/0000104550?sid=101,제약/바이오,"논란·고소→기자회견…삼천당제약, 무슨 말 할까","삼천당제약이 4월 6일 기자 간담회를 개최할 예정이며, 작전주 의혹과 불성실공시 논란에 대한 구체적인 설명과 향후 대응 방향을 제시할 것으로 예상된다.",악재,2026-04-03 14:45,59.3,사실형,46.7
https://n.news.naver.com/mnews/article/001/0016001202?sid=102,제약/바이오,"의정부시, 경제자유구역 바이오산업 육성 업무협약",의정부시는 가톨릭대와 산학협력단과 함께 경제자유구역 바이오산업 육성을 위한 업무협약을 체결했다.,호재,2026-04-03 14:28,37.5,대화형,32.8
https://n.news.naver.com/mnews/article/028/0002799125?sid=103,제약/바이오,"[제약바이오소식] 한국애브비-서울대병원, 항암제 조기 개발 협력 강화",한국애브비와 서울대병원은 항암제 조기 개발과 관련한 협력을 강화하기로 했다.,호재,2026-04-03 17:04,31.1,사실형,55.7
https://n.news.naver.com/mnews/article/003/0013861955?sid=102,제약/바이오,"식약처 ""희귀필수의약품센터와 '수급 모니터링' 간담회""",식약처와 한국희귀·필수의약품센터는 '2026년 현장 의약품 수급모니터링 네트워크'에 참여하는 8개 전문단체와 간담회를 개최하여 의약품 공급 상황을 상시 파악하고 대응하기 위한 방안을 논의하고 현황을 공유했다.,호재,2026-04-02 09:28,16.5,사실형,43.7
https://n.news.naver.com/mnews/article/030/0003414457?sid=102,제약/바이오,"SK바이오팜, 노보렉스·쓰리브룩스와 오픈이노베이션 협력",SK바이오팜이 노보렉스와 쓰리브룩스테라퓨틱스를 오픈이노베이션 지원 기업으로 선정하여 협력한다.,호재,2026-04-03 14:17,31.4,사실형,48.9
https://n.news.naver.com/mnews/article/011/0004606821?sid=103,제약/바이오,"SK바이오팜, 서울바이오허브와 맞손…스타트업 신약개발 돕는다",SK바이오팜과 서울바이오허브가 중추신경계 분야 유망 스타트업 2곳을 선정해 지원한다.,호재,2026-04-03 13:41,28.4,대화형,38.0
https://n.news.naver.com/mnews/article/277/0005744594?sid=101,제약/바이오,"SK바이오팜-서울바이오허브, CNS 분야 스타트업 2곳 선정",SK바이오팜이 CNS 분야 스타트업 2곳인 노보렉스와 쓰리브룩스테라퓨틱스를 선정해 1년간 연구 자문 및 협력센터를 개설한다.,호재,2026-04-03 09:51,15.6,사실형,37.2
https://n.news.naver.com/mnews/article/092/0002417403?sid=105,제약/바이오,"제약업계, 약가 개편안 대응 논의·산업계 충격 최소화 총력",제약업계는 정부의 약가 개편안에 대응하기 위해 산업계 충격을 최소화하는 총력 대응을 선언했다.,호재,2026-04-03 09:27,51.3,대화형,11.8
https://n.news.naver.com/mnews/article/082/0001375423?sid=101,제약/바이오,"시지메드텍, 성남 인체조직은행 인수",시지메드텍이 성남 인체조직은행을 인수하며 ECM 기반 바이오 사업을 본격화한다.,호재,2026-04-10 13:41,20.1,대화형,45.9
https://n.news.naver.com/mnews/article/079/0004135265?sid=102,제약/바이오,1분기 바이오의약품 수출 20억 달러…사상 최대 실적,올해 1분기 바이오의약품 수출 규모가 사상 최대 실적을 달성했다.,호재,2026-04-10 11:34,71.8,사실형,48.3
https://n.news.naver.com/mnews/article/417/0001138432?sid=101,제약/바이오,"[티타임] 개인 9000억 탈출…코스피, 5900 찍고 다시 5880선",코스피와 코스닥이 10일 오후에도 동반 상승세를 이어가면서 장을 얼렸다.,호재,2026-04-10 13:43,63.6,사실형,84.6
https://n.news.naver.com/mnews/article/629/0000490228?sid=101,제약/바이오,중동 리스크에 제약바이오 '원료' 비상…나프타 수급 불안,중동 리스크가 국내 제약바이오 업계의 의약품 공급망에 영향을 미쳐 필수 의약품 품절 사태를 막기 위해 업계와 정부가 총력 대응에 나섰다.,호재,2026-04-10 11:31,26.4,사실형,72.9
https://n.news.naver.com/mnews/article/374/0000503619?sid=101,제약/바이오,"K-바이오의약품, 1분기 수출 20억 달러 ‘사상 최대’",우리나라 바이오의약품 수출이 1분기 20억 달러를 기록하며 사상 최대 실적을 달성했습니다.,호재,2026-04-10 11:26,54.4,추론형,20
https://n.news.naver.com/mnews/article/293/0000082520?sid=101,제약/바이오,"같은 코스닥 액티브 ETF, 종목 선택이 성패 갈랐다",코스닥 액티브 ETF 3종의 수익률이 10% 이상 차이났다.,호재,2026-04-10 11:45,13.9,사실형,83.3
https://n.news.naver.com/mnews/article/016/0002627780?sid=101,제약/바이오,과천 다주택자 최대 3억 깎아 내놨다,"과천 아파트 가격이 하락세로 돌아서고 있으며, 다주택자들이 양도소득세 중과를 앞두고 급매물을 던지고 있다.",호재,2026-04-10 11:29,78.2,사실형,84.7
https://n.news.naver.com/mnews/article/001/0016013978?sid=101,제약/바이오,"코스피, 장중 5,900대 터치 후 2% 오름세 지속…코스닥도 상승","코스피가 장중 2% 가까이 올라 5,900선을 돌파한 것으로 보아, 미국과 이란 간의 휴전이 지속될 것이라는 기대감이 지수 상승에 큰 역할을 했다.",호재,2026-04-10 11:23,41.4,사실형,82.9
https://n.news.naver.com/mnews/article/016/0002627722?sid=101,제약/바이오,"IMM PE, 시지바이오로 밸류업 신화 재현한다",IMM PE는 제뉴원사이언스의 성공 노하우를 시지바이오에 이식하며 투자 원금의 2배에 달하는 수익을 거두고자 한다.,호재,2026-04-10 11:05,24.8,사실형,53.8
https://n.news.naver.com/mnews/article/003/0013880014?sid=104,제약/바이오,中서 해외 제약사 신약 허가 빨라질 듯…23년만에 조례 개정,"중국에서 글로벌 제약기업의 신약 허가가 빨라질 것으로 보이며, 국내 제약기업들에게도 긍정적인 영향을 미칠 것으로 예상됩니다.",호재,2026-04-10 11:38,35.3,예측형,28.1
https://n.news.naver.com/mnews/article/366/0001155823?sid=101,제약/바이오,외국인·기관 동반 매수에…코스피 2%대 상승 중,코스피 지수는 외국인과 기관의 동반 매수세에 2%대 상승 중입니다.,호재,2026-04-10 11:55,41.0,사실형,78.5
https://n.news.naver.com/mnews/article/050/0000104805?sid=101,방산/우주항공,3개월 시한 벌어놓고 '기습 철회'…풍산 변심에 뒤통수 맞은 한화,한화그룹의 방산 수직 계열화를 완성할 마지막 퍼즐로 꼽혔던 풍산 탄약사업부 인수가 결국 수포로 돌아갔다.,악재,2026-04-10 16:00,64.4,사실형,76.0
https://n.news.naver.com/mnews/article/293/0000082528?sid=101,방산/우주항공,"[풍산 방산사업 인수전]③ 수출 감소, 신사업 부진은 '디스카운트' 요인",풍산의 방위 사업은 수출 감소와 신사업 부진으로 인해 할인 요인으로 지적되고 있다.,악재,2026-04-10 13:39,57.3,사실형,70.3
https://n.news.naver.com/mnews/article/421/0008882706?sid=101,방산/우주항공,한화 'K-록히드마틴' 구상 제동…딜 무산·유증 변수에 속도 조절,한화그룹의 '한국형 록히드마틴' 구상은 풍산 방산 부문 인수 무산과 금융당국의 유상증자 제동으로 잠시 진행이 잠정적으로 중단되었다.,호재,2026-04-10 14:56,31.4,사실형,86.7
https://n.news.naver.com/mnews/article/052/0002338948?sid=102,방산/우주항공,"대박 터뜨린 '천궁II,'군사전문가 ""패트리어트 압도, 경이롭다!""","천궁II가 대박을 터뜨렸으며, 세계 평화에도 기여할 것으로 기대되고 있습니다.",호재,2026-04-10 11:23,32.5,추론형,0.0
https://n.news.naver.com/mnews/article/293/0000082527?sid=101,방산/우주항공,[풍산 방산사업 인수전]② 영업가치만 '3조 후반'…고유기술도 많아 [넘...,"풍산 방산사업의 가치가 3조 후반에 이를 것으로 추산되며, 고유기술과 국내 유일의 종합 탄약 제조사로서의 시장 지위가 매각가를 끌어 올리는 요인으로 꼽힌다.",호재,2026-04-10 13:34,51.4,사실형,80.0
https://n.news.naver.com/mnews/article/003/0013874058?sid=102,2차전지,"경북도 ""폐전기차는 미래자원""…순환이용 사업 본격화","경북도가 폐전기차 핵심부품을 재활용하고, 전기차 전주기 순환이용 체계를 구축하는 사업을 추진한다.",호재,2026-04-08 08:44,25.5,사실형,49.5
https://n.news.naver.com/mnews/article/009/0005662311?sid=101,2차전지,"미국·이란 정세 시시각각 변화…변동성 커진 국내 증시, 유망 분야는",에너지 위기와 호르무즈 해협 봉쇄로 원전주와 재생에너지 등이 유망한 주식으로 보도한다.,호재,2026-04-07 15:11,42.4,사실형,70.0
https://n.news.naver.com/mnews/article/374/0000502868?sid=101,2차전지,"[증시 인사이트] 국내증시, 상승 출발 후 혼조 마감…코스피↑ 코스닥↓",국내증시가 상승 출발 후 혼조 마감을 기록하며 코스피가 오르고 코스닥이 내렸다.,중립,2026-04-07 16:36,12.5,추론형,14.6
https://n.news.naver.com/mnews/article/015/0005272629?sid=101,2차전지,"김태유 ""전기국가는 에너지 전환 종착지…전력구조 개편이 첫 단추""",김태유 교수는 4차 산업혁명 시대가 전기국가 시대로 진행되는 것이 자연스러운 문명사적 흐름이라고 설명했다.,호재,2026-04-08 17:52,70.4,추론형,19.2
https://n.news.naver.com/mnews/article/032/0003438561?sid=102,2차전지,“최태원 동거인 중국 간첩” 허위 주장한 ‘배터리 아저씨’ 불구속 기...,유튜버 박순혁씨가 최태원 SK그룹 회장의 동거인 김희영씨를 '중국 간첩'이라고 발언한 혐의로 불구속 기소되었다.,악재,2026-04-08 14:52,34.8,사실형,73.0
https://n.news.naver.com/mnews/article/052/0002338014?sid=102,2차전지,"""최태원 동거인은 중국 간첩""…'배터리 아저씨' 결국 재판행","박순혁(56)씨는 '배터리 아저씨'로 불리는 유튜버로, SK그룹 회장 최태원과 동거인 김희영에 대한 중화선거관리위원회가 저지른 범죄의 재구성 1편'이라는 제목의 영상에서 허위사실을 유포해 명예를 훼손한 혐의로 재판에 넘겨졌다.",악재,2026-04-08 15:26,76.4,사실형,87.8
https://n.news.naver.com/mnews/article/003/0013867187?sid=102,2차전지,구미에 국내 최대 배터리 시험인증기관 들어선다,구미에 국내 최대 배터리 시험인증기관이 7월에 설립 예정이다.,호재,2026-04-04 10:49,41.3,대화형,12.6
https://n.news.naver.com/mnews/article/374/0000502584?sid=101,2차전지,[증시 인사이트] 국내증시 동반 상승 출발 후 엇갈린 희비…혼조 마감,국내증시 동반 상승 출발 후 엇갈린 희비로 혼조 마감을 기록했다.,중립,2026-04-06 16:34,15.1,추론형,13.7
https://n.news.naver.com/mnews/article/421/0008879286?sid=105,제약/바이오,"보건산업진흥원, FDA 인허가 대응 콘텐츠 공개…실무 지원 강화",한국보건산업진흥원은 국내 제약·바이오 기업의 글로벌 규제 대응 역량 강화를 위해 교육 콘텐츠를 공개했다.,호재,2026-04-09 09:45,13.3,대화형,13.2
https://n.news.naver.com/mnews/article/018/0006252255?sid=102,2차전지,"삼성 반도체 수석연구원도 합류…폴리텍 교수진, 이번엔 82명 뽑는다",한국폴리텍대학은 82명의 교원을 공개 채용하여 '현장형 직업교육' 강화를 위해 실무형 전문가들을 교수로 영입한다.,호재,2026-04-07 18:09,14.2,사실형,31.1
https://n.news.naver.com/mnews/article/469/0000923710?sid=110,2차전지,"[뉴스룸에서] K배터리, 동트기 전이 어두운 법","한국이 놓칠 수 없는 배터리 산업은 ESS, 전고체 등 신시장 개척을 통해 전기차 캐즘을 뚫기 위한 해법을 제시해야 한다.",호재,2026-04-06 04:30,30.6,사실형,72.8
https://n.news.naver.com/mnews/article/629/0000489722?sid=101,제약/바이오,"코스피, 폭등 후 숨 고르기…장 초반 5800선 공방","코스피는 장 초반 5800선에서 보합하고 있으며, 미국과 이란의 휴전 합의 영향으로 향후 6000선 돌파 여부가 결정될 전망이다.",중립,2026-04-09 09:22,52.4,사실형,62.9
https://n.news.naver.com/mnews/article/081/0003633732?sid=101,제약/바이오,[서울데이터랩]‘애머릿지’ 30% 상한가…실시간 상승률 1위,애머릿지가 30% 상한가로 실시간 상승률 1위를 차지했다.,호재,2026-04-09 09:38,52.8,사실형,83.8
https://n.news.naver.com/mnews/article/277/0005747032?sid=101,제약/바이오,"[특징주] 논란 속 삼천당제약, 10%대 반등",삼천당제약 주가는 과대평가 논란으로 급락했던 이후 소폭 반등하고 있다.,호재,2026-04-09 09:51,32.1,사실형,56.9
https://n.news.naver.com/mnews/article/586/0000126417?sid=102,제약/바이오,"[대구 24시] 달성군, 소상공인 카드 수수료 0.4% 지원…대구 첫 시행","달성군이 소상공인 카드 수수료 지원사업을 시행해, 연 매출 1억원 이하 소상공인을 대상으로 카드 매출액의 0.4%를 지원한다.",호재,2026-04-09 09:33,22.1,사실형,72.2
https://n.news.naver.com/mnews/article/009/0005663307?sid=101,제약/바이오,미국·이란 2주 휴전했지만 여전히 불안…코스피 5800선 지키며 하락 출...,코스피는 미국과 이란의 2주간 휴전 합의 이후에도 불안한 분위기 속에서 하락 출발했다.,호재,2026-04-09 09:25,50.5,사실형,90.2
https://n.news.naver.com/mnews/article/001/0016011235?sid=101,제약/바이오,"코스피, 장초반 0.6% 내린 5,830대…코스닥은 상승 전환(종합)","코스피는 장초반 0.6% 내린 5,830대에 도달했으며, 코스닥은 상승 전환했다.",호재,2026-04-09 09:45,51.3,사실형,89.2
https://n.news.naver.com/mnews/article/003/0013876812?sid=102,제약/바이오,"""규제과학 국제협력""…식약처·규제과학센터·DIA 워크숍","식약처, 규제과학 국제협력 워크숍 개최한다.",중립,2026-04-09 09:37,26.4,대화형,14.2
https://n.news.naver.com/mnews/article/119/0003078706?sid=101,제약/바이오,"'잔불' 남은 중동 화약고…코스피, 약보합 출발 [특징주]","코스피는 약보합 출발해 5826.45로 시작했으며, 투자주체별로는 외국인이 순매도하고 개인과 기관이 순매수했다.",중립,2026-04-09 09:52,59.6,사실형,90.1
https://n.news.naver.com/mnews/article/277/0005747004?sid=101,제약/바이오,"코스피, 하락 출발 후 보합…코스닥도 약보합","코스피는 하락 출발 후 보합세를 보이며, 코스닥도 약보합을 유지하고 있다.",중립,2026-04-09 09:35,81.9,사실형,85.2
https://n.news.naver.com/mnews/article/014/0005483464?sid=101,금융/밸류업,증시 이끄는 트로이카…‘밸류업·반도체·전력 인프라 ETF’ 동반 질주,"금융·반도체·전력 인프라 ETF가 상승하는 추세를 보이며, '기업 밸류업 프로그램'과 AI 랠리의 영향으로 수익률이 급등하고 있다.",호재,2026-02-26 15:15,12.0,사실형,78.0
https://n.news.naver.com/mnews/article/018/0006253234?sid=101,방산/우주항공,“전쟁 끝나도 돈 더 쓴다”…중동 군비 확대에 K-방산 기회,"중동 전쟁 종결에도 중동 국가들의 군비 지출 확대 압력이 이어질 가능성이 크며, 국내 방산업종에 대한 긍정적 시각을 유지해야 한다.",호재,2026-04-09 07:54,11.2,사실형,85.5
https://n.news.naver.com/mnews/article/658/0000136448?sid=101,금융/밸류업,[차호중의 재테크 칼럼] 2월 말 시장에 대한 단상,"코스피와 코스닥 지수가 2026년 들어 가파르게 상승하고 있으며, 반도체 업황이 좋을 것으로 보인다.",호재,2026-02-27 14:56,37.7,사실형,56.3
https://n.news.naver.com/mnews/article/011/0004608585?sid=101,방산/우주항공,군비경쟁 주역 된 K방산…빅4 ‘영업익 7조’ 정조준,K방산 기업들의 수주 확대 기대감이 높아지면서 국내 4대 방산 기업의 영업이익이 최대 7조 원대까지 치솟을 것으로 예상된다.,호재,2026-04-08 17:37,45.3,사실형,74.2
https://n.news.naver.com/mnews/article/421/0008877867?sid=101,방산/우주항공,"휴전에 ""휴~살았다""…산업계 '안도' 석화·항공 '숨통'(종합)","휴전에 대한 반응으로 국내 산업계가 안도하고, 석유화학 업계는 원가 부담 완화의 전환점을 기대하고 있다.",호재,2026-04-08 14:50,30.1,사실형,68.9
https://n.news.naver.com/mnews/article/008/0005341637?sid=101,방산/우주항공,'한국판 록히드마틴' 탄생 길목에 국민연금…K-방산 '빅딜' 향방 가른다,국민연금이 한국판 록히드마틴 탄생 길목에 있는 K-방산 '빅딜'의 향방을 가른다.,호재,2026-04-08 16:59,67.4,사실형,88.7
https://n.news.naver.com/mnews/article/029/0003020542?sid=101,방산/우주항공,"K-방산, 중남미 공략 시동…수출 200억달러 기대","K-방산은 중남미 시장에서 입지를 다져왔으며, 노후 전력 교체 수요에 힘입어 200억달러의 수출 기대를 내걸고 있다.",호재,2026-04-08 11:01,17.5,사실형,98.9
https://n.news.naver.com/mnews/article/021/0002783131?sid=110,방산/우주항공,‘중동 형제’ UAE[오후여담],"UAE는 한국에 원유 공급을 늘리고 있으며, 이는 한국의 석유 수급에 큰 도움이 된다.",호재,2026-04-08 11:00,39.7,사실형,70.6
https://n.news.naver.com/mnews/article/030/0003415948?sid=101,방산/우주항공,"K-방산, 중남미서 수출 200억달러 시동… 칠레 방산전시회 역대 최대 참...",K-방산은 중남미 시장에 본격적으로 진출하여 올해 방위산업 수출 200억 달러 달성을 목표로 한다.,호재,2026-04-08 14:24,16.8,사실형,96.5
https://n.news.naver.com/mnews/article/417/0001137939?sid=101,방산/우주항공,"""사오면 그만인데 왜?"" 비난에 독기로 독자개발한 KF-21 첨단기술",대한민국이 25년 만에 '국산 전투기 개발' 선언 이후 KF-21 '보라매'가 초도 양산의 결실을 맺으며 '항공 기술 독립'을 이뤄냈다.,호재,2026-04-08 05:30,54.3,사실형,59.6
https://n.news.naver.com/mnews/article/014/0005504192?sid=101,방산/우주항공,"전쟁이 키운 K-방산… 방산 빅4, 1분기 또 '1兆 클럽'",국내 방산 '빅4'의 올해 1·4분기 실적이 사상 최대 기록을 경신할 것으로 전망된다.,호재,2026-04-08 08:56,33.1,사실형,71.8
https://n.news.naver.com/mnews/article/421/0008876333?sid=101,방산/우주항공,"'쌓인 먹거리만 120조' K-방산, 4분기 연속 영업익 1조 고지 넘는다",K-방산 빅4의 1분기 합산 영업이익이 1조 2000억 원을 넘어설 것으로 전망된다.,호재,2026-04-08 07:20,57.5,사실형,78.9
https://n.news.naver.com/mnews/article/009/0005662374?sid=101,방산/우주항공,"K방산 메카…진격의 구미, 4년간 투자유치 1조 돌파",구미시는 방산 기업으로부터 1조원 이상의 투자 유치를 이끌어내며 'K방산 도시'로 주목받고 있다.,호재,2026-04-07 16:05,42.0,사실형,88.8
https://n.news.naver.com/mnews/article/081/0003633291?sid=102,방산/우주항공,“중동전쟁 판도 바꾼 AI… 자주국방 위한 AI 무기체계 서둘러야”[최광...,"중동전쟁에서 AI가 활용된 정밀유도 무기의 위력을 확인하고, 모든 무기체계에 AI를 장착해 효율을 향상시키는 것이 필요하다.",호재,2026-04-08 05:12,54.1,사실형,63.1
https://n.news.naver.com/mnews/article/374/0000503157?sid=101,방산/우주항공,[증시 인사이트] 국내증시 동반 상승 마감…코스피 5800선 회복,미국과 이란이 2주 간의 휴전에 돌입하면서 국내 증시가 출발부터 강세를 기록했다.,호재,2026-04-08 16:42,10.2,추론형,13.1
https://n.news.naver.com/mnews/article/469/0000924040?sid=100,방산/우주항공,"""야당 첩자"" 소리 들으며 방사청 지켜낸 사람들…K방산 수출 신화의 뒷...",K방산의 역사와 현재를 돌아보는 기사이다.,호재,2026-04-07 14:01,97.4,사실형,73.6
https://n.news.naver.com/mnews/article/417/0001137944?sid=101,방산/우주항공,[기자노트] 방산 수주전에도 '은메달'을 수여하자,"방산 수주전의 승자독식 구조는 업체 간 갈등을 부르는 핵심이며, 실력은 종이 한 장 차이임에도 보상이 극단적으로 갈리는 구조다.",호재,2026-04-08 06:05,58.3,사실형,70.7
https://n.news.naver.com/mnews/article/014/0005503658?sid=101,방산/우주항공,"삼성E&amp;A, 반도체 투자 재개에 목표가 5만6000원↑…두산에너빌리티, SMR ...","삼성E&A가 반도체 투자 재개를 통해 1분기 영업익 34.5% 증가하고, 두산에너빌리티와 한화에어로스페이스도 목표주가 상향을 받았다.",호재,2026-04-07 11:05,18.4,추론형,19
https://n.news.naver.com/mnews/article/421/0008878875?sid=105,IT/플랫폼,"""AI가 만든 광고입니다""…워터마크 의무화 속도 내는 플랫폼",네이버와 카카오가 AI를 이용한 광고 제작을 지원하는 서비스를 출시한다.,호재,2026-04-09 06:01,25.7,사실형,97.7
https://n.news.naver.com/mnews/article/277/0005745250?sid=101,방산/우주항공,"이번에도 '개미'들만 죽쒔다…이란 전쟁이 가른 성적표, 외국인은 '선방...","개인 투자자들은 이란 전쟁 직후 코스피 상위 10개 종목을 사들였지만, 그 주가들은 모두 하락했다.",호재,2026-04-06 08:00,58.7,사실형,88.5
https://n.news.naver.com/mnews/article/081/0003634400?sid=100,IT/반도체,민형배 “당선 1년 내 10조 규모 반도체 공장 유치… 전남광주 판 바꿀...,"민형배 후보는 당선 후 1년 이내에 10조 원 이상의 투자가 이뤄지는 '글로벌 반도체 공장'을 유치하고, 지역 경제를 강화하고 일자리 창출에 집중하겠다고 밝혔다.",호재,2026-04-11 18:20,27.6,사실형,84.5
https://n.news.naver.com/mnews/article/079/0004135562?sid=100,IT/반도체,"정옥임 ""하정우, 나갈거면 당당히 나가든지!""[한판승부]",정옥임 전 의원은 하정우가 당당히 나가야 한다고 말했습니다.,호재,2026-04-11 08:31,39.0,추론형,8.1
https://n.news.naver.com/mnews/article/015/0005273646?sid=101,IT/반도체,"둘이 합쳐 매출 1000조원…""40만전자·200만닉스 간다""","삼성전자와 SK하이닉스는 올 들어 개인투자자가 가장 많이 사들인 주식이며, 국내 반도체 애널리스트들은 당분간 우상향 곡선을 그릴 것으로 전망했다.",호재,2026-04-11 06:01,37.6,사실형,81.4
https://n.news.naver.com/mnews/article/011/0004609603?sid=101,2차전지,“소멸 위기 기업 살리자”...경영리스크 해법된 기보 M&amp;A 보증지원,기술보증기금이 중소벤처기업의 경영리스크를 해소하기 위해 M&amp;A 보증지원을 통해 해외 진출 발판을 마련하고 신성장 동력을 확보하는 데 성공했다.,호재,2026-04-11 10:02,42.7,사실형,68.2
https://n.news.naver.com/mnews/article/277/0005747376?sid=101,2차전지,"신한은행, SK온과 생산적 금융 협력…""글로벌 경쟁력 지원""",신한은행이 SK온의 전기차용 2차전지 및 에너지저장장치 분야 해외 사업 확대를 위해 생산적 금융 지원에 나선다.,호재,2026-04-09 16:52,47.8,대화형,35.6
https://n.news.naver.com/mnews/article/469/0000924968?sid=101,제약/바이오,"'주가 반토막' 삼천당 사태 여파…금감원, 제약·바이오 공시 재정비","금감원, 제약·바이오 공시 재정비를 통해 투자자 혼란을 줄여 주는 방안을 마련한다.",호재,2026-04-12 16:49,22.4,예측형,57.2
https://n.news.naver.com/mnews/article/119/0003079679?sid=100,제약/바이오,"[데일리안 오늘뉴스 종합] 양승조, 유권자에 '돌아이' 비하 일파만파…...","금감원, 삼천당제약 주가 반토막에 공시 개선 방안을 모색한다.",호재,2026-04-12 17:59,16.0,사실형,93.0
https://n.news.naver.com/mnews/article/469/0000924971?sid=105,제약/바이오,"치매·심혈관 질환 걱정된다면… ""운동 강도 높여라""",치매와 심혈관 질환 걱정된다면 운동 강도를 높이는 것이 좋다.,호재,2026-04-12 17:01,42.5,사실형,86.1
https://n.news.naver.com/mnews/article/032/0003439401?sid=101,제약/바이오,‘제2의 삼천당제약’ 막아라,금융당국이 국내 제약·바이오 업종의 정보 비대칭 문제를 해결하기 위해 공시 제도를 개선하고 미래 매출 추정치를 명확하게 제시하도록 할 예정이다.,호재,2026-04-12 21:07,14.2,추론형,49.8
https://n.news.naver.com/mnews/article/009/0005664685?sid=110,제약/바이오,[매경데스크] 삼천당제약 쇼크가 남긴 교훈,삼천당제약 쇼크로 인한 투자자들의 교훈과 거래소의 대응 방안,호재,2026-04-12 16:59,12.9,사실형,95.8
https://n.news.naver.com/mnews/article/014/0005506287?sid=103,제약/바이오,CDMO 경쟁 한창인데… 삼성바이오 초격차 발목잡는 노조,삼성바이오가 노조 파업으로 인해 산업 윤리와 직업적 책임에 대한 논쟁으로 확산될 가능성이 있다.,악재,2026-04-12 18:14,21.8,예측형,84.3
https://n.news.naver.com/mnews/article/138/0002224162?sid=101,제약/바이오,"“임상 성공한 거야, 망한 거야?”…읽어도 모르는 바이오 공시 뜯어고...",금융감독원이 제약·바이오 공시를 투자자 눈높이에 맞게 전면 개선한다.,호재,2026-04-12 16:37,23.6,사실형,99.5
https://n.news.naver.com/mnews/article/014/0005506291?sid=103,제약/바이오,제약바이오 '제네릭 의존' 수익구조 바꾼다,국내 제약바이오 업계가 경영 환경이 악화되자 주요 제약사들이 사업구조 개편과 비용 절감 등 대응에 나섰다.,호재,2026-04-12 18:14,24.6,사실형,88.3
https://n.news.naver.com/mnews/article/215/0001248729?sid=101,제약/바이오,"'읽어도 무슨 말인지'...제약·바이오 공시, 확 바뀐다",제약 및 바이오 상장사 공시 방식이 투자자 이해를 위해 개선된다.,호재,2026-04-12 18:02,19.0,사실형,92.8
https://n.news.naver.com/mnews/article/030/0003416954?sid=105,제약/바이오,"디티앤씨그룹, AI 대전환·기술혁신 통해 신성장 엔진 가동",디티앤씨그룹의 AI 대전환과 기술혁신을 통해 신성장 엔진이 가동 중이다.,호재,2026-04-12 17:01,16.7,추론형,46.9
https://n.news.naver.com/mnews/article/011/0004609782?sid=101,제약/바이오,"“개발비·리스크 줄이자”…K바이오, AI 조직·플랫폼 구축 승부수",K바이오가 AI 조직과 플랫폼 구축을 통해 개발비와 리스크를 줄이려 한다.,호재,2026-04-12 17:21,13.6,사실형,49.7
https://n.news.naver.com/mnews/article/030/0003416955?sid=105,제약/바이오,[인터뷰] 박채규 디티앤씨그룹 회장 “고객의 시간을 창조하는 글로벌 ...,디티앤씨그룹 회장은 고객사들이 신약 출시를 앞당기기 위해 '시간 제조기업'으로서의 경쟁력을 강조했다.,호재,2026-04-12 17:01,31.4,예측형,70.9
https://n.news.naver.com/mnews/article/015/0005273921?sid=105,제약/바이오,"""디앤디파마텍 지방간염 신약, 대형 기술수출 소식 기대""",디앤디파마텍의 지방간염 신약이 대형 기술수출 기대에 부응할 것으로 기대되고 있습니다.,호재,2026-04-12 18:14,15.7,추론형,99.9
https://n.news.naver.com/mnews/article/014/0005506324?sid=101,제약/바이오,코스닥 시총 29% 바이오업종 공시체계 바뀐다,금융당국이 제약·바이오 업종의 공시 체계를 전면 개편한다.,호재,2026-04-12 18:40,16.3,사실형,97.1
https://n.news.naver.com/mnews/article/015/0005273867?sid=101,제약/바이오,"""글로벌 빅파마 거래의 핵심""…ESG 역량 키우는 바이오기업",글로벌 제약사와 파트너십 체결 여부에 따라 바이오기업의 성공이 달라질 수 있다.,호재,2026-04-12 17:24,7.3,예측형,40.5
https://n.news.naver.com/mnews/article/057/0001944279?sid=101,제약/바이오,"금감원, 제약·바이오 공시 기준 개선 착수…""쉽게 써라""","금감원, 제약·바이오 공시 기준 개선 계획 발표",호재,2026-04-12 16:22,17.4,추론형,50.0
https://n.news.naver.com/mnews/article/448/0000602877?sid=102,제약/바이오,"K-바이오의약품, 1분기 3조 수출…사상 최대 경신","식품의약품안전처가 발표한 바에 따르면, 1분기 바이오의약품 수출 규모가 사상 최대인 3조원에 달했다.",호재,2026-04-10 09:58,49.3,사실형,60.6
https://n.news.naver.com/mnews/article/001/0016013644?sid=101,제약/바이오,"코스피, '휴전 지속 기대감'에 장초반 1.6% 올라 5,860대(종합)","코스피가 휴전 지속 기대감에 장 초반 1.6% 올라 5,860대에 도달했다.",호재,2026-04-10 09:49,53.3,사실형,81.9
https://n.news.naver.com/mnews/article/008/0005342442?sid=101,제약/바이오,관세·전쟁 리스크 뚫고 '3조 수출' 신기록…진격의 K바이오,바이오의약품 수출액이 사상 최대치를 기록했다.,호재,2026-04-10 09:43,50.8,사실형,73.3
https://n.news.naver.com/mnews/article/008/0005342445?sid=101,제약/바이오,삼전·하이닉스 나란히 강세…코스피 상승 출발,삼전·하이닉스 나란히 강세로 코스피가 상승 출발했다.,호재,2026-04-10 09:49,67.6,사실형,69.5
https://n.news.naver.com/mnews/article/277/0005747635?sid=100,제약/바이오,K-바이오의약품 1분기 수출 20억 달러…분기 최대,"K-바이오의약품 1분기 수출액 20억 달러로 역대 최대, 스위스 70% 급증",호재,2026-04-10 09:55,31.5,사실형,58.9
https://n.news.naver.com/mnews/article/001/0016013560?sid=100,제약/바이오,"K-바이오의약품, 1분기 3조 수출…사상 최대 경신",한국 바이오의약품 수출 규모가 1분기 20억 달러로 사상 최대 기록을 달성했다.,호재,2026-04-10 09:28,52.3,사실형,73.8
https://n.news.naver.com/mnews/article/003/0013879481?sid=102,제약/바이오,"K-바이오의약품, 1분기 수출 날았다…20억달러 '역대급'",K-바이오의약품이 지난해 1분기보다 11% 늘어난 20억 달러의 수출을 기록하며 역대급 성과를 거두었다.,호재,2026-04-10 09:31,27.2,사실형,39.1
https://n.news.naver.com/mnews/article/011/0004609285?sid=101,제약/바이오,전쟁통에 ‘447%’ 폭등…젠슨 황이 찍은 ‘이 종목’만 웃었다,광전자株이 447% 폭등하며 한국증시에서 유일하게 상승한 종목이다.,호재,2026-04-10 09:32,42.4,사실형,91.3
https://n.news.naver.com/mnews/article/417/0001138370?sid=101,제약/바이오,"20만전자·103만닉스, 코스피 강세 출발…환율 1475.1원","코스피와 코스닥이 10일 동반 강세로 장을 열었으며, 미국과 이스라엘의 이란 공격 여파가 안정화될 기미가 보이는 것으로 풀이된다.",호재,2026-04-10 09:24,66.7,사실형,71.7
https://n.news.naver.com/mnews/article/009/0005663923?sid=101,제약/바이오,"이스라엘·레바논, 휴전 추진 소식에…코스피 5800선 상승 출발",코스피가 이스라엘과 레바논의 휴전 추진 소식에 반영되어 상승 출발했다.,호재,2026-04-10 09:24,30.5,사실형,97.2
https://n.news.naver.com/mnews/article/629/0000490125?sid=101,제약/바이오,"코스피, 휴전 지속 기대감에 2% 상승 출발…개인 매수세 '버팀목'",코스피가 휴전 지속 기대감과 개인 매수세로 2% 상승 출발했다.,호재,2026-04-10 09:28,59.6,사실형,85.8
https://n.news.naver.com/mnews/article/016/0002627605?sid=101,제약/바이오,"K-바이오, 1분기 수출 20억달러 첫 돌파…중동전쟁인데, 역대 최대 실적",K-바이오의약품 산업이 1분기 수출 실적을 사상 최대 수준으로 달성하여 글로벌 시장에서의 위상을 공고히 함,호재,2026-04-10 09:26,23.4,사실형,46.7
https://n.news.naver.com/mnews/article/088/0001005035?sid=101,IT/플랫폼,"다른 주식은 다 오르는데…네카오, 반등 열쇠 'AI'",네이버와 카카오가 실적 개선에도 불구하고 주가가 반등하지 못하는 이유는 AI 수익화 입증이 관건인 것으로 분석된다.,호재,2026-04-10 10:12,39.2,사실형,81.9
https://n.news.naver.com/mnews/article/119/0003079177?sid=101,방산/우주항공,'K-록히드마틴' 꿈꾸던 한화의 질주…기습 공시에 '일단 멈춤',한화그룹의 '한국형 록히드마틴' 전략이 매각 측의 돌연한 변심으로 전열 재정비에 돌입했다.,악재,2026-04-10 10:57,15.7,사실형,87.0
https://n.news.naver.com/mnews/article/293/0000082519?sid=101,제약/바이오,"주주 소통 손 내민 강스템바이오텍, 오스카·오가노이드 성과 공유","강스템바이오텍이 주주 소통을 강화하고, 국내-해외 사업을 추진하는 방침을 발표했다.",호재,2026-04-10 11:24,18.8,추론형,49.8
https://n.news.naver.com/mnews/article/001/0016014366?sid=101,IT/플랫폼,외국인도 함께 즐긴다…전국 50개 축제 연계 '동행축제' 개막,"전국 50개 축제가 연계하는 '동행축제'가 11일부터 한 달간 전국 각지에서 열리며, 소상공인 매출 증대와 소비 활성화를 위한 행사이다.",호재,2026-04-10 13:42,20.2,대화형,22.4
https://n.news.naver.com/mnews/article/629/0000490278?sid=101,IT/플랫폼,"""본업으로 복귀""…수익성 절실한 네이버·카카오, AI 에이전트에 '올인...",네이버와 카카오가 AI 에이전트를 중심으로 수익성 확보에 나선다.,호재,2026-04-10 13:36,39.2,사실형,65.2
https://n.news.naver.com/mnews/article/021/0002783784?sid=101,자동차/모빌리티,"“다시 대륙으로”… 현대차·삼성, 中 공략 뛰어든다",현대차·삼성 등 국내 주요 기업들이 중국 시장 공략을 강화하며 글로벌 경쟁력을 확보하기 위한 생존 전략에 나선다.,호재,2026-04-10 11:48,33.1,사실형,63.2
https://n.news.naver.com/mnews/article/018/0006254633?sid=102,자동차/모빌리티,"""전기차 전환에 공급망 재편""…'산업전환 계획' 수립 단계 진입",정부가 '산업전환 고용안정 기본계획'을 위해 정책 세부사항을 수립하는 본격적인 실행 단계에 진입했다.,호재,2026-04-10 14:38,62.8,사실형,57.0
https://n.news.naver.com/mnews/article/374/0000502935?sid=104,IT/반도체,"인텔, 머스크 AI 반도체기지 '테라팹' 맞손",인텔이 일론 머스크의 AI 반도체기지 '테라팹'에 합류하며 초고성능 칩 생산을 위한 기술 협력을 강조했다.,호재,2026-04-08 04:27,60.4,추론형,20
https://n.news.naver.com/mnews/article/029/0003020484?sid=101,IT/반도체,또 반도체가 일냈다…2월 경상흑자 231억달러 ‘역대 최대’,2월 경상흑자 231억달러 '역대 최대'를 기록하며 한국은행이 발표했다.,호재,2026-04-08 08:00,11.3,사실형,91.7
https://n.news.naver.com/mnews/article/001/0016008100?sid=104,IT/반도체,"인텔, 머스크 AI 반도체기지 '테라팹' 합류…주가 장중 4%↑",인텔은 일론 머스크의 테라팹 프로젝트에 합류하여 반도체 제조 방식에 큰 변화가 예상된다.,호재,2026-04-08 02:08,35.4,사실형,82.6
https://n.news.naver.com/mnews/article/277/0005746236?sid=101,IT/반도체,인텔 부활하나…머스크 AI 반도체 기지 '테라팹' 합류,"인텔이 일론 머스크의 AI 반도체 기지 '테라팹'에 합류하여 초고성능 칩을 대규모로 설계, 제조, 패키징할 예정이다.",호재,2026-04-08 04:30,24.4,사실형,91.6
https://n.news.naver.com/mnews/article/215/0001248233?sid=101,IT/반도체,'AI칩 동맹' 통했다···6% 뜀박질 '환호',브로드컴이 구글과 앤트로픽과의 AI 협력 확대를 통해 6.21% 상승했다.,호재,2026-04-08 06:12,9.3,사실형,78.6
https://n.news.naver.com/mnews/article/293/0000082359?sid=101,IT/반도체,"인텔, 머스크의 AI 칩 공장 '테라팹' 합류","인텔이 테라팹에 합류해 테슬라, 스페이스X, xAI의 특수 AI 칩을 제작할 것이라고 발표했다.",호재,2026-04-08 03:11,42.7,사실형,49.0
https://n.news.naver.com/mnews/article/016/0002626185?sid=104,IT/반도체,"인텔, 머스크 AI 반도체기지 ‘테라팹’ 합류…美 반도체 재건에 이정표...",인텔은 일론 머스크 테슬라의 인공지능(AI) 칩 생산 프로젝트 '테라팹'에 합류하며 반도체 제조 방식에 큰 변화를 가져올 것이라고 밝혔다.,호재,2026-04-08 06:16,29.0,사실형,69.4
https://n.news.naver.com/mnews/article/015/0005272077?sid=101,IT/반도체,"TIGER 반도체TOP10, 순자산 10조 돌파",TIGER 반도체TOP10 ETF가 순자산 10조원을 돌파하며 내년 반도체 업황 기대가 높아진다.,호재,2026-04-07 17:36,10.5,사실형,94.8
https://n.news.naver.com/mnews/article/015/0005272093?sid=101,IT/반도체,없어서 못 파는 HBM·D램…삼성 '반도체 황금기' 계속된다,삼성전자 반도체 부문이 1년 만에 47배 늘어난 영업이익을 기록하며 글로벌 4위로 올라섰다.,호재,2026-04-07 17:42,23.2,사실형,72.0
https://n.news.naver.com/mnews/article/421/0008876291?sid=104,IT/반도체,"인텔 머스크의 반도체 테라팹에 참여, 4.19% 급등",인텔은 일론 머스크의 반도체 테라팹 프로젝트에 참여하여 4.19% 급등했다.,호재,2026-04-08 06:09,46.3,사실형,62.1
https://n.news.naver.com/mnews/article/421/0008876372?sid=101,IT/반도체,2월 경상흑자 231.9억달러…반도체 수출 호조에 '역대 최대',반도체 수출 호조에 힘입어 2월 경상수지가 역대 최대 규모의 231.9억 달러 흑자를 기록했다.,호재,2026-04-08 08:00,45.5,사실형,97.8
https://n.news.naver.com/mnews/article/003/0013874261?sid=101,IT/반도체,"2월 경상수지 231.9억불 '사상 최대' 기록…""3월도 반도체 훈풍 기대""(종...","2월 경상수지가 사상 최대 기록을 세웠으며, 반도체 수출 실적 등에 힘입어 34개월 연속 흑자 흐름을 이어간다.",호재,2026-04-08 09:44,48.2,사실형,87.9
https://n.news.naver.com/mnews/article/081/0003633220?sid=101,IT/반도체,"슈퍼사이클 반도체로만 50조… 삼성, 구글도 뛰어넘었다",삼성전자가 1분기 57조 2000억원의 영업이익을 기록하며 한국 기업 역사상 분기 기준 최대 실적을 달성했다.,호재,2026-04-08 05:01,26.8,사실형,80.0
https://n.news.naver.com/mnews/article/014/0005504007?sid=101,IT/반도체,ETF도 반도체 파워… 순자산 13%가 삼성전자·SK하이닉스,삼성전자와 SK하이닉스 순자산 비중이 10%를 넘어 ETF 시장에서 두 종목이 대장주로 자리 잡고 있다.,호재,2026-04-07 18:12,16.8,사실형,89.0
https://n.news.naver.com/mnews/article/023/0003969506?sid=101,IT/반도체,2월 경상수지 흑자 232억달러…반도체 수출 늘며 역대 최대,한국의 2월 경상수지 흑자는 사상 최대를 기록하며 34개월 연속 흑자로 2000년대 들어 두 번째로 긴 흑자 흐름을 이뤘다.,호재,2026-04-08 08:01,17.1,사실형,97.9
https://n.news.naver.com/mnews/article/008/0005340950?sid=101,IT/반도체,"AI반도체 모빌린트, 포스코 이어 롯데와도 NPU 실증","모빌린트는 롯데이노베이트와 NPU 기술 적용과 실증, 상호 기술 개선을 위한 업무협약을 체결했다.",호재,2026-04-07 15:00,32.6,사실형,84.6
https://n.news.naver.com/mnews/article/009/0005662483?sid=102,IT/반도체,법무법인 세종 'AI·디지털 경쟁법팀' 출범,법무법인 세종이 국내 대형 로펌 가운데 처음으로 'AI·디지털 경쟁법팀'을 출범했다.,호재,2026-04-07 17:48,17.0,사실형,57.4
https://n.news.naver.com/mnews/article/028/0002799641?sid=101,IT/반도체,AI투자 붐 올라탄 반도체…영업익 ‘연간 300조 시대’ 보인다,삼성전자가 1분기 영업익 57조2천억원을 기록하며 시장의 기대치를 훨씬 넘어서는 '어닝 서프라이즈'를 달성했다.,호재,2026-04-07 19:42,23.0,사실형,81.2
https://n.news.naver.com/mnews/article/422/0000853941?sid=101,제약/바이오,[듣는뉴스/알아BIO] 중동 사태로 의료 소모품도 품절 대란?,중동 사태로 의료 소모품 수급이 불안해지고 있다.,호재,2026-04-11 13:00,26.1,추론형,0.0
https://n.news.naver.com/mnews/article/296/0000099423?sid=101,제약/바이오,HK이노엔 이어 JW중외도...中서 수혈한 GLP-1 비만약 경쟁력은?,HK이노엔과 JW중외제약이 GLP-1 계열 비만 신약 후보물질을 해외에서 도입했다.,호재,2026-04-10 17:42,25.6,사실형,57.8
https://n.news.naver.com/mnews/article/215/0001248635?sid=101,제약/바이오,'큰 손' 변심했나…코스닥서 2300억 던진 배경은,"국민연금이 코스닥 시장에서 2,334억원 규모의 주식을 순매도했다.",악재,2026-04-10 20:46,33.6,사실형,91.8
https://n.news.naver.com/mnews/article/422/0000853846?sid=102,제약/바이오,"[알아BIO] ""의료현장도 수급 불안""…의료 소모품도 부족 우려",중동 사태로 의료 소모품 수급이 불안정해지면서 의료 현장에 위기가 닥치고 있다.,호재,2026-04-11 06:01,51.2,추론형,1.0
https://n.news.naver.com/mnews/article/117/0004052810?sid=103,제약/바이오,"소니메디, 락토페린 흡수율 높인 나노 신소재 '히알페린' 독자 기술 확보",소니메디가 락토페린 흡수율을 높인 나노 신소재 '히알페린' 기술을 독자적으로 확보했다.,호재,2026-04-10 16:48,46.1,사실형,45.0
https://n.news.naver.com/mnews/article/015/0005273506?sid=101,제약/바이오,열흘 만에 주식 2000억 던졌다…증시 '큰손' 돌변한 이유,국내 주식시장의 '큰손' 연기금이 1분기 동안 사들인 금액을 단 열흘 만에 대부분 쏟아내는 등 엑시트 열풍이 불고 있다.,호재,2026-04-10 17:09,33.7,사실형,77.2
https://n.news.naver.com/mnews/article/008/0005342674?sid=101,제약/바이오,"주말 종전 '희소식' 들릴까…또 한번 출렁일 증시, 이 '업종' 주목",미국과 이란의 대면 종전 협상에 대한 기대감이 국내 증시 강세에 반영된 것으로 분석된다.,호재,2026-04-10 17:08,57.2,사실형,78.4
https://n.news.naver.com/mnews/article/014/0005505874?sid=101,제약/바이오,'제약 이슈'에 못 가는 코스닥…외국인 수급이 올릴까,코스닥이 코스피보다 부진한 상승률을 보이며 바이오주 부진이 원인으로 보인다.,호재,2026-04-10 16:57,29.5,사실형,94.0
https://n.news.naver.com/mnews/article/009/0005664223?sid=105,제약/바이오,"보이지 않는 ‘스텔스 암세포’ 추적…K바이오, 미세잔존질환 진단 시장...","미세잔존질환 진단 기술이 암 치료 성패 판단에 중요한 역할을 하며, 글로벌 시장은 2035년까지 7조6000억원 규모로 성장할 전망이다.",호재,2026-04-10 17:08,36.2,사실형,42.7
https://n.news.naver.com/mnews/article/138/0002224090?sid=101,제약/바이오,"돌아온 외국인, 휴전 기대에 1.1조 순매수…코스피, 5850선 회복","코스피가 10일 1% 넘게 오르며 5850선을 회복, 외국인이 1조원 넘게 순매수했다.",호재,2026-04-10 17:28,67.4,사실형,96.8
https://n.news.naver.com/mnews/article/015/0005273520?sid=105,제약/바이오,K바이오의약품 1분기 수출액 사상 최대,K바이오의약품 1분기 수출액이 사상 최대인 20억달러를 기록했다.,호재,2026-04-10 17:31,22.8,사실형,56.1
https://n.news.naver.com/mnews/article/421/0008883028?sid=105,제약/바이오,"삼성바이오로직스, 유럽 위탁생산 수주 2796억→3499억 증액",삼성바이오로직스는 유럽 소재 제약사와의 계약을 2796억 원에서 3499억 원으로 증액했다.,호재,2026-04-10 16:57,23.6,사실형,76.0
https://n.news.naver.com/mnews/article/037/0000037978?sid=101,제약/바이오,"돌아온 외국인, 사상 최대 분기 실적 삼성전자 집중 매입",외국인 투자자가 사상 최대 분기 실적을 기록한 삼성전자에 집중 매입했다.,호재,2026-04-10 17:35,16.8,사실형,58.4
https://n.news.naver.com/mnews/article/138/0002224106?sid=105,방산/우주항공,팔란티어 영향력 커지는 K-방산… 외산 AI 의존 심화에 ‘데이터 주권’...,"K-방산이 세계 시장에서 영향력을 키우는 가운데, 데이터 주권을 보장하기 위해 정부와 민간에서 독자 AI 파운데이션 모델을 육성하고 있다.",호재,2026-04-11 06:18,22.9,사실형,71.4
https://n.news.naver.com/mnews/article/138/0002224108?sid=105,IT/플랫폼,"""모든 길은 AI로""…네이버, '에이전트 포털' 꿈꾼다 [IT클로즈업]",네이버는 기존의 검색 구조에서 벗어나 인공지능(AI) 중심의 포털 재편에 착수한다.,호재,2026-04-11 07:00,37.9,사실형,69.4
https://n.news.naver.com/mnews/article/003/0013881521?sid=105,IT/플랫폼,'제페토' 4억명 모았지만 적자…'AI 스트리머'가 구원투수 될까,네이버제트의 매출이 두 자릿수 감소하며 사업 지속 가능성에 대한 우려가 커지고 있다.,악재,2026-04-11 10:00,12.5,사실형,95.6
https://n.news.naver.com/mnews/article/469/0000924748?sid=105,IT/플랫폼,네이버 '클로바X' 종료... 국내 포털 AI도 검색에서 에이전트로,네이버는 하이퍼클로바X 기반 대화형 AI 서비스 '클로바X'와 생성형 AI 검색 서비스 '큐:'를 종료하면서 AI 에이전트 기반 서비스로 전환한다.,호재,2026-04-10 16:21,23.0,사실형,58.6
https://n.news.naver.com/mnews/article/001/0016015370?sid=105,IT/플랫폼,"[AI돋보기] ""AI 갈아타도 맥락 유지""…'기억 연동' 기술 확산",AI 플랫폼이 새로운 기술을 통해 이전에 쌓아 둔 사용자의 대화 맥락과 취향을 다른 AI에 이전할 수 있는 기술이 등장하고 있다.,호재,2026-04-11 06:33,34.4,사실형,77.4
https://n.news.naver.com/mnews/article/003/0013880984?sid=103,IT/플랫폼,‘외국인도 안 헤매는 K-관광’ 위해 민관 의기투합,정부와 민간 업계가 협력하여 외래관광객의 교통수단 이용 편의를 증진하고 지역관광 활성화를 위한 방안을 논의했다.,호재,2026-04-10 17:23,62.6,사실형,55.2
https://n.news.naver.com/mnews/article/011/0004609457?sid=101,IT/플랫폼,AI 사업 불확실성에…눈높이 낮아지는 네카오,"네이버와 카카오의 AI 사업 수익화에 대한 불확실성이 부각되면서 증권가의 시선이 낮아지고 있지만, 최근 주가는 낙폭 과대 인식 속에 반등을 시도하고 있다.",호재,2026-04-10 17:48,17.7,사실형,80.7
https://n.news.naver.com/mnews/article/417/0001137177?sid=102,방산/우주항공,방산기술 현재·미래 보여주는 전시회 진해서 개막,창원시와 해군이 공동 주최하는 '2026 이순신방위산업전(YIDEX)' 개막식이 진해 해군사관학교에서 열렸습니다.,호재,2026-04-02 11:15,47.6,사실형,53.3
https://n.news.naver.com/mnews/article/082/0001373586?sid=102,방산/우주항공,"한화오션, 창원서 ‘K해양방산’ 이끌 ‘비밀무기’ 공개한다",한화오션은 YIDEX에서 '차세대 구축함'을 공개하며 미래 해양 전장에 최적화된 플랫폼을 선보인다.,호재,2026-03-31 13:59,30.8,사실형,91.6
https://n.news.naver.com/mnews/article/050/0000104376?sid=101,방산/우주항공,'LIG D&amp;A' 출범…K방산 강자에서 항공우주로 판 키운다,LIG넥스원이 창립 50주년을 맞아 사명을 'LIG 디펜스&에어로스페이스'로 변경하여 항공·우주를 아우르는 글로벌 종합방산기업으로의 도약을 선언했다.,호재,2026-03-31 11:43,31.0,사실형,85.8
https://n.news.naver.com/mnews/article/020/0003707937?sid=101,방산/우주항공,실전서 입증된 ‘K방산’… “우리 먼저” 전 세계가 줄 섰다,K방산은 UAE에 수출된 유도무기 '천궁-Ⅱ'가 이란의 탄도미사일을 정확히 요격하는 등 실전서 입증된 성과를 거두고 있다.,호재,2026-03-30 04:32,44.0,사실형,78.3
https://n.news.naver.com/mnews/article/018/0006245876?sid=100,방산/우주항공,KAI 민영화·풍산 매각설…K방산 ‘합종연횡’ 신호탄 되나,"방산업계 부는 M&A 바람이 불면서 한국항공우주산업(KAI) 민영화와 풍산 방산부문 매각 가능성이 제기되며, 업계 재편 기대가 커지고 있다.",호재,2026-03-31 05:31,54.4,사실형,99.8
https://n.news.naver.com/mnews/article/016/0002623210?sid=101,방산/우주항공,"[단독] 佛 방산기업 탈레스, 카이스트·전북대 장학금 지원…K-인재 유치...","탈레스가 국내 대학들과 협력하여 장학금 제도를 신설하며, 글로벌 기업들이 국내 인재 확보에 속도를 내는 중이다.",호재,2026-04-01 17:01,15.3,사실형,98.0
https://n.news.naver.com/mnews/article/055/0001345147?sid=101,방산/우주항공,"""이게 그 잠수함이군요""…K-방산 총출동 이순신방위산업전 성황","2026 이순신방위산업전(YIDEX 2026)이 성황리에 개최되며,国内외 방산기업 100여 개사가 참여하여 방위산업 전문 전시회를 이뤘습니다.",호재,2026-04-02 05:13,78.4,추론형,20
https://n.news.naver.com/mnews/article/016/0002623635?sid=101,방산/우주항공,"佛 방산기업 탈레스, 카이스트·전북대 장학금 지원",프랑스 탈레스 그룹은 한국과학기술원(KAIST) 및 전북대 학부생을 대상으로 장학금 제도를 운영할 계획이다.,호재,2026-04-02 11:16,16.3,사실형,80.4
https://n.news.naver.com/mnews/article/018/0006250002?sid=105,IT/플랫폼,지워도 지워도 불어난다…'복붙·저품질 쇼츠'에 점령당한 플랫폼 피드,"플랫폼들은 AI 슬롭을 스팸으로 규정하고 차단하겠다고 공언하지만, 실제로 피드가 데이터 쓰레기장으로 변질되는 것을 방치하고 있다.",악재,2026-04-04 06:02,31.1,사실형,78.1
https://n.news.naver.com/mnews/article/008/0005339757?sid=105,IT/플랫폼,다작 경쟁 줄어든 웹툰 플랫폼… 메가IP 발굴 '선택과 집중',"한국만화영상진흥원 보고서에 따르면, 국내 웹툰 시장 성장세가 둔화되면서 다작보다 지식재산권(IP)을 활용할 수 있는 작품으로 '선택과 집중'한 결과로 풀이된다.",호재,2026-04-04 08:00,58.1,사실형,70.8
https://n.news.naver.com/mnews/article/366/0001153819?sid=105,IT/플랫폼,네이버웹툰·카카오엔터 새 리더십 출범… ‘메가 IP’ 키워 해외 시장...,네이버웹툰과 카카오엔터테인먼트가 새로운 리더십을 출범하여 히트작을 육성하고 해외 사업을 확장하는 전략을 발표했다.,호재,2026-04-02 16:49,30.3,대화형,15.7
https://n.news.naver.com/mnews/article/001/0015994612?sid=101,IT/플랫폼,"[테크스냅] 카카오, 지역 인재 대상 '카카오테크 캠퍼스 4기' 모집",카카오가 지역 대학생들을 AI 시대의 핵심 개발자로 양성하기 위해 카카오테크 캠퍼스를 AI 중심으로 프로그램을 개편하고 4기 교육생 모집한다.,호재,2026-04-01 09:55,31.9,사실형,68.9
https://n.news.naver.com/mnews/article/015/0005269797?sid=101,IT/플랫폼,"핀테크 '빅3' 순이익, 지방은행 맞먹는다","토스, 네이버, 카카오의 합산 순이익이 작년 대비 141% 증가하며 4000억 원에 근접해 부산은행의 순이익 규모에 다가갔다.",호재,2026-04-01 17:34,13.4,사실형,86.9
https://n.news.naver.com/mnews/article/293/0000081870?sid=101,IT/플랫폼,[네이버·두나무 빅딜] 3개월 연기…공정위 심사 지연 '발목',네이버·두나무 빅딜이 3개월 연기되었습니다. 공정위 심사 지연으로 인해 거래가 지연되었습니다.,호재,2026-03-30 18:11,28.4,사실형,90.4
https://n.news.naver.com/mnews/article/277/0005743883?sid=105,IT/플랫폼,"카카오모빌리티, 우버 피인수설에 ""사실무근…지분매각 논의 없어""","카카오모빌리티는 우버 피인수설에 대해 ""사실무근""이라고 밝혔다.",호재,2026-04-02 09:29,29.0,사실형,83.4
https://n.news.naver.com/mnews/article/079/0004131718?sid=102,IT/플랫폼,"네이버웹툰, 만우절 맞아 'SNS 탐색 탭' 썸네일 공개",네이버웹툰이 만우절을 맞아 서비스 내 연재 작품 썸네일을 SNS 탐색 탭 콘셉트로 교체하는 이벤트를 진행한다.,호재,2026-04-01 16:12,18.2,사실형,51.0
https://n.news.naver.com/mnews/article/088/0001004035?sid=103,IT/플랫폼,"웹툰·웹소설 플랫폼, IP 경쟁 격화…글로벌·확장 전략 강화","리디가 역대 최대 매출을 달성하며 '스토리 IP' 산업이 재편되고 있으며, 네이버 웹툰과 카카오엔터테인먼트도 '메가 IP' 확보와 글로벌 시장 공략을 핵심 전략으로 내세웠다.",호재,2026-04-03 16:01,68.2,사실형,45.3
https://n.news.naver.com/mnews/article/015/0005266883?sid=101,IT/플랫폼,"카카오게임즈, 日 라인야후가 품는다",카카오게임즈를 일본 라인야후에 넘기고 인공지능(AI)과 카카오톡 중심 플랫폼에 역량을 집중한다.,호재,2026-03-25 17:26,18.6,사실형,71.0
https://n.news.naver.com/mnews/article/009/0005660143?sid=101,IT/플랫폼,얼굴 결제 질주 vs 맛집 지도 연계 … 토스·네이버 결제 단말기 '맞대결...,"토스와 네이버가 오프라인 결제 단말기를 출시하여 경쟁을 시작하고 있으며, 두 서비스 모두 다양한 기능과 디자인을 제공하고 있다.",호재,2026-04-02 16:06,24.7,사실형,76.2
https://n.news.naver.com/mnews/article/003/0013879980?sid=101,자동차/모빌리티,"현대차·기아, 경상용차 사업 확대 가속…""PBV와 픽업트럭 투트랙""",현대차와 기아가 경상용차 사업을 확대하고있다.,호재,2026-04-10 11:25,17.7,사실형,97.9
https://n.news.naver.com/mnews/article/023/0003970085?sid=004,IT/반도체,10년간 ‘반도체 굴기’ 외치더니... 兩會서 조용해진 중국 반도체,"중국은 10년간 1500억달러를 투자해 반도체 자급률을 높이려 하였지만, 현재는 20%대에 머물러 있다.",악재,2026-04-10 16:01,38.2,추론형,18.8
https://n.news.naver.com/mnews/article/081/0003634287?sid=101,IT/반도체,삼성전‘자’가 아니다…3개월새 ‘2배’ 뛰어 신고가 찍은 ‘이 종목’,"삼성전기가 신고가를 기록하며 102.51% 상승, 엔비디아 AI 생태계 입지 확대 기대",호재,2026-04-10 16:28,14.7,사실형,80.0
https://n.news.naver.com/mnews/article/366/0001155944?sid=101,IT/반도체,[마켓뷰] 美·이란 1차 회담 앞두고 외국인 1조원 순매수…코스피 1.4% 상...,"코스피가 1.4% 상승하며 5858.87에 마감, 미국·이란 1차 회담 기대감에 외국인이 1조원 넘게 순매수했다.",호재,2026-04-10 16:27,63.0,사실형,83.3
https://n.news.naver.com/mnews/article/417/0001138492?sid=101,IT/반도체,AI 수요 확산에 전자 형님 이어 부품 아우도 1분기 '방긋',삼성전기와 LG이노텍이 올해 1분기 기대 이상의 실적을 거둘 것으로 전망된다.,호재,2026-04-10 16:17,24.6,사실형,59.7
https://n.news.naver.com/mnews/article/031/0001021338?sid=105,IT/반도체,"삼성 메모리 유통 대만 슈프림, 1분기 매출 137% 급증","대만 반도체 유통업체 슈프림 일렉트로닉스가 1분기 매출 137% 급증, 사상 최대 실적을 기록했다.",호재,2026-04-10 16:04,40.1,사실형,94.3
https://n.news.naver.com/mnews/article/092/0002418280?sid=105,IT/반도체,"1분기 완제PC 출하량, 불확실성 속 2.5% '반짝성장'","IDC는 1분기 완제PC 출하량이 전년 동기 대비 2.5% 증가했지만, 미국-이란 전쟁과 메모리 반도체 수급난으로 인한 비용 상승 압력으로 연간 시장 위축 가능성이 제기되었다.",호재,2026-04-10 16:38,45.5,사실형,67.8
https://n.news.naver.com/mnews/article/018/0006254702?sid=101,IT/반도체,메모리 초호황·공정 고도화에…반도체 장비 시장도 '쑥쑥',반도체 장비 시장도 메모리 초호황과 공정 고도화로 함께 성장한 것으로 분석된다.,호재,2026-04-10 16:20,48.8,사실형,76.4
https://n.news.naver.com/mnews/article/001/0016014783?sid=105,IT/반도체,대전 과학기술진흥에 4천369억 투입…우주·반도체 산업 육성,대전시는 4대 전략산업에 86개 세부과제를 추진하고 4천369억원을 투입한다.,호재,2026-04-10 16:01,82.2,대화형,41.7
https://n.news.naver.com/mnews/article/030/0003416793?sid=102,IT/반도체,"대전시, 대전과학기술진흥종합계획 2026년도 시행계획 확정…과기분야...",대전시는 2026년 시행계획을 확정하여 4대 전략과제를 추진할 계획이다. ,호재,2026-04-10 16:01,71.8,사실형,37.2
https://n.news.naver.com/mnews/article/374/0000503712?sid=101,방산/우주항공,[증시 인사이트] 국내증시 동반 상승…외국인·기관 코스피 순매수,국내증시가 미국과 이란의 협상을 앞두고 양 시장 모두 상승 출발을 보이며 거래를 마쳤습니다.,호재,2026-04-10 16:38,11.7,추론형,0.0
https://n.news.naver.com/mnews/article/293/0000082557?sid=101,IT/반도체,[미코 줌인]① 1조 클럽 눈앞 '슈퍼을'…투자 성과 기대,"미코가 반도체 업계 '슈퍼 을'로 주목받고 있으며, 매출이 80.7% 증가했지만 수익성은 상대적으로 둔화했다.",호재,2026-04-10 16:31,14.3,사실형,78.5
https://n.news.naver.com/mnews/article/001/0016014800?sid=101,제약/바이오,"코스피, 주말 美·이란 종전협상 앞두고 1.4% 올라 5,850대 마감(종합)","코스피가 미국과 이란의 종전협상 앞두고 1.4% 오른 5,858.87으로 마감했다.",호재,2026-04-10 16:10,57.5,사실형,98.1
https://n.news.naver.com/mnews/article/016/0002627941?sid=101,제약/바이오,‘돌아온 외인’ 1조 사자…코스피 5900선 겨냥 [투자360],코스피가 주말 예정된 미국·이란 종전 협상을 앞두고 상승 마감했다.,호재,2026-04-10 16:32,63.7,사실형,96.5
https://n.news.naver.com/mnews/article/629/0000490358?sid=101,제약/바이오,코스피·코스닥 1%대 상승 마감…'20만전자·102만닉스' 안착,"코스피와 코스닥은 각각 1.40%, 1.64% 오르며 1%대 상승세로 거래를 종료했다.",호재,2026-04-10 16:09,86.4,사실형,84.8
https://n.news.naver.com/mnews/article/087/0001186173?sid=101,제약/바이오,"미국·이란 종전협상 앞두고 코스피 1.4% 올라 5,850대 마감","코스피가 미국·이란 종전협상에 따른 호재로 1.4% 오른 5,858.87으로 마감했다.",호재,2026-04-10 15:57,74.0,사실형,98.9
https://n.news.naver.com/mnews/article/011/0004609420?sid=103,제약/바이오,"K-바이오의약품, 분기 수출액 3조원…역대 최대",K-바이오의약품이 1분기 수출액 3조원으로 역대 최대치를 기록하며 세계 시장 점유율이 증가하고 CDMO 경쟁력도 확대되었다.,호재,2026-04-10 16:30,38.8,사실형,66.3
https://n.news.naver.com/mnews/article/277/0005747892?sid=101,제약/바이오,'중동 우려 완화' 코스피·코스닥 모두 1%대 상승 마감,코스피와 코스닥이 중동 전쟁 우려 완화로 1%대 상승을 기록했다.,호재,2026-04-10 16:00,76.3,사실형,80.7
https://n.news.naver.com/mnews/article/215/0001248611?sid=101,방산/우주항공,[단독] 탄약 빅딜 무산은 풍산의 변심...“노조 최후통첩에 백기“ [방산...,풍산이 노조의 최후통첩에 백기를 들면서 한화와의 탄약 빅딜이 무산되었습니다.,호재,2026-04-10 16:31,57.8,추론형,0.0
https://n.news.naver.com/mnews/article/374/0000503804?sid=104,IT/반도체,AI칩 수요 꺽이지 않았다…TSMC '또 깜짝' 실적,TSMC의 실적 성장은 AI 반도체 수요 확대와 엔비디아 AI 가속기 수요 증가로 견인되었다.,호재,2026-04-11 12:10,43.9,추론형,0.0
https://n.news.naver.com/mnews/article/050/0000104784?sid=101,방산/우주항공,"“한화 K9자주포 써보니 무적” 핀란드, 1조어치 추가 주문",핀란드가 한화 K9자주포를 추가로 주문한 것으로 알려져 있다.,호재,2026-04-09 23:16,26.5,사실형,96.4
https://n.news.naver.com/mnews/article/079/0004135095?sid=101,방산/우주항공,"코트라, 핀란드와 9천억 'K9 자주포' 수출 계약 체결",코트라가 핀란드와 9천억원 규모의 'K9 자주포' 수출 계약을 체결했다.,호재,2026-04-09 20:32,18.2,사실형,42.0
https://n.news.naver.com/mnews/article/081/0003633992?sid=100,방산/우주항공,"‘전장의 제왕’ K9 자주포, 핀란드서 9400억원 또 잭팟…가혹한 북유럽...",K9 자주포가 핀란드에 9400억원 규모의 2차 수출 계약을 체결했다.,호재,2026-04-09 23:57,14.0,사실형,81.6
https://n.news.naver.com/mnews/article/015/0005273203?sid=101,방산/우주항공,"K9 자주포 '성능 입증'…핀란드, 1조어치 샀다",핀란드가 K9 자주포를 1조원어치 구매하여 성능을 입증했다.,호재,2026-04-09 20:42,9.5,사실형,99.8
https://n.news.naver.com/mnews/article/009/0005663862?sid=100,방산/우주항공,"K9 자주포, 핀란드에 또 깃발 … 9400억원 규모 2차 계약 확정",K9 자주포가 핀란드에서 2차 계약을 체결하여 9400억원 규모의 수주 실적을 올렸다.,호재,2026-04-09 23:17,35.6,사실형,84.2
https://n.news.naver.com/mnews/article/021/0002783646?sid=100,방산/우주항공,"K9 자주포, 핀란드와 2차 수출 계약…9400억원 규모 112문","K9 자주포가 핀란드와 2차 수출 계약을 체결하고, 총 9400억원 규모의 계약을 맺었다.",호재,2026-04-10 01:02,22.9,사실형,96.2
https://n.news.naver.com/mnews/article/018/0006253939?sid=101,방산/우주항공,"K-방산 우수력 입증…한화에어로, 핀란드에 K9 자주포 112문 수출",한화에어로가 핀란드에 K9 자주포 112문을 수출하는 계약을 체결했다.,호재,2026-04-09 20:31,62.1,사실형,51.8
https://n.news.naver.com/mnews/article/009/0005663833?sid=101,방산/우주항공,K9 자주포 핀란드에 또 깃발 꽂았다…9400억원 규모 2차수출,K9 자주포가 핀란드에 2차 수출되며 9400억원 규모의 계약을 체결했다.,호재,2026-04-09 20:32,27.4,사실형,99.9
https://n.news.naver.com/mnews/article/030/0003416582?sid=101,방산/우주항공,"핀란드, K9 자주포 9400억원 추가 주문","핀란드, K9 자주포 9400억원 추가 주문",호재,2026-04-09 20:31,14.7,사실형,95.1
https://n.news.naver.com/mnews/article/020/0003711264?sid=100,방산/우주항공,K9 자주포 9400억 규모 핀란드에 2차 수출,"K9 자주포 9400억 규모로 핀란드에 2차 수출, 총 208문 운용",호재,2026-04-10 04:31,68.4,사실형,98.2
https://n.news.naver.com/mnews/article/005/0001842329?sid=101,방산/우주항공,‘K9 자주포’ 112문 9400억 규모 핀란드 수출 계약,핀란드 정부가 K9 자주포를 112문 9400억 규모로 수주했다.,호재,2026-04-09 20:31,20.0,사실형,99.1
https://n.news.naver.com/mnews/article/421/0008881177?sid=101,방산/우주항공,"""한국 무기 믿고 쓴다"" 핀란드 K9 재구매…K-방산 유럽 확산 본격화","핀란드가 K9 자주포를 재구매하여 계약 규모는 9400억 원 수준이며, K-방산의 유럽 내 입지 확대 가능성을 높이는 신호로 읽힌다.",호재,2026-04-09 20:30,16.4,사실형,69.0
https://n.news.naver.com/mnews/article/018/0006253938?sid=100,방산/우주항공,"유럽 포병 지도가 바뀐다…핀란드, K9자주포 112문 추가 구매",핀란드는 K9자주포 112문 추가 구매를 결정하여 유럽 포병 지도가 바뀐다.,호재,2026-04-09 20:31,14.8,사실형,96.5
https://n.news.naver.com/mnews/article/008/0005342311?sid=100,방산/우주항공,"""폭설에도 끄떡없네"" K방산 또 축포...핀란드에 9400억 규모 K9 수출",K방산의 K9 자주포가 9400억원 규모로 핀란드에 수출되는 계약이 체결되었다.,호재,2026-04-09 20:30,43.8,사실형,99.8
https://n.news.naver.com/mnews/article/003/0013879081?sid=100,방산/우주항공,"K9 자주포, 핀란드와 2차 수출 계약…9400억원 규모 112문",K9 자주포가 핀란드와 2차 수출 계약을 체결하여 9400억원 규모의 계약을 맺었다.,호재,2026-04-09 20:30,32.9,사실형,97.5
https://n.news.naver.com/mnews/article/009/0005663498?sid=101,방산/우주항공,"KTC, 군포 본원에 ‘방산·우주 시험평가센터’ 구축… 2030년까지 188억...",KTC는 2030년까지 188억 원을 투입해 '방산·우주 시험평가 센터'를 군포 본원에 조성할 계획이다. ,호재,2026-04-09 14:06,31.9,대화형,37.1
https://n.news.naver.com/mnews/article/119/0003078813?sid=101,방산/우주항공,"KTC, 공공형 '방산·우주 시험평가 센터' 구축","한국기계전기전자시험연구원(KTC)이 공공형 방산·우주 시험평가 센터를 구축하고, 2030년까지 총 사업비 188억원을 투입할 예정입니다.",호재,2026-04-09 11:36,19.8,사실형,47.9
https://n.news.naver.com/mnews/article/011/0004608889?sid=101,방산/우주항공,"KTC, ‘우주 시험평가 센터’ 구축...K-방산 수출 교두보로","KTC는 '우주 시험평가 센터'를 군포시 본원에 188억 원 투입, 2030년 완공을 목표로 하고 있다.",호재,2026-04-09 10:57,25.7,대화형,39.7
https://n.news.naver.com/mnews/article/001/0016013182?sid=100,방산/우주항공,"한화에어로, 핀란드에 K9 자주포 112문 추가 수출…9천400억규모","한화에어로, 핀란드에 K9 자주포 112문 추가 수출, 9천400억 규모",호재,2026-04-09 20:30,41.9,예측형,5.8
https://n.news.naver.com/mnews/article/005/0001842350?sid=101,방산/우주항공,풍산은 왜 돌연 탄약사업부 매각을 접었나,풍산은 한화에어로스페이스와의 탄약사업부 매각 인수에 대해 돌연 중단을 통보했다.,호재,2026-04-10 00:13,28.0,사실형,77.3
https://n.news.naver.com/mnews/article/030/0003414955?sid=101,IT/반도체,"공장 넘어 도시로…박승현 화성시 AI실장, MARS 해법 제시",박승현 화성시 AI실장이 제조 AI 전환 확산을 위한 4자 협약을 발표했다.,호재,2026-04-06 13:13,20.0,사실형,91.6
https://n.news.naver.com/mnews/article/277/0005745527?sid=104,IT/반도체,중국 AI·기술기업 몰리자…홍콩 IPO 5년 만에 최대,홍콩 증시에 중국 AI·기술기업 38개가 새로 입성했다.,호재,2026-04-06 11:12,9.5,사실형,80.9
https://n.news.naver.com/mnews/article/088/0001003901?sid=101,2차전지,"전쟁 속 '나홀로 역주행'…배터리株, ESS·탈중국 기대에 반등",배터리株가 ESS·탈중국 기대에 반등하는 중이다.,호재,2026-04-02 15:51,25.8,사실형,92.6
https://n.news.naver.com/mnews/article/018/0006248005?sid=101,2차전지,"“2차전지, 1분기 저점 통과 기대…비중 확대 ‘적기’”",국내 2차전지 업종이 올 1분기를 실적 저점으로 반등 국면에 진입할 것이라는 전망이 나왔다.,호재,2026-04-02 08:03,10.1,사실형,96.5
https://n.news.naver.com/mnews/article/018/0006245848?sid=101,2차전지,“인구감소·산업쇠퇴 해결위해… 韓스타트업·배터리기업 유치 절실”,도쿠시마가 배터리 산업에 집중하는 이유는 주요 공급망 설비를 갖췄기 때문이다.,호재,2026-03-30 21:16,7.7,사실형,49.9
https://n.news.naver.com/mnews/article/382/0001261975?sid=101,2차전지,고려아연 인터배터리 2026 접수…전략광물 존재감 터졌다,고려아연이 전략광물 분야 경쟁력을 보여주며 전시회에 참가했다.,호재,2026-03-16 16:59,16.8,사실형,96.9
https://n.news.naver.com/mnews/article/366/0001154546?sid=104,IT/반도체,AI 열풍에 돈 몰렸다… 홍콩 IPO 5년 만에 최대,"홍콩 IPO 시장은 5년 만에 최대 규모를 기록하며, 중국 인공지능 열풍에 따른 글로벌 자금 몰림으로 풀이된다.",호재,2026-04-06 13:36,11.7,사실형,75.9
https://n.news.naver.com/mnews/article/374/0000502470?sid=104,IT/반도체,中 AI 투자 열풍…홍콩 IPO 시장 5년래 최대 호황,홍콩 증시의 기업공개(IPO) 시장은 중국 인공지능(AI) 및 기술 기업들의 상장 열풍에 힘입어 5년 만에 최대 규모를 기록했습니다.,호재,2026-04-06 11:13,23.1,추론형,20
https://n.news.naver.com/mnews/article/082/0001374553?sid=102,IT/반도체,"국립부경대·KIST, 생성형 AI로 차세대 반도체 메모리 물질 후보 발굴",국립부경대학교와 KIST가 생성형 AI를 사용하여 차세대 반도체 메모리 물질 후보를 발굴했다.,호재,2026-04-06 13:47,54.7,사실형,96.8
https://n.news.naver.com/mnews/article/366/0001154551?sid=101,IT/반도체,"크레버스, 퓨리오사AI ‘Renegade 2026 서밋’서 AI 자동평가 엔진 ‘허밍...",크레버스가 퓨리오사AI 'Renegade 2026 서밋'에서 AI 교육 서비스를 AI 반도체 환경에서 시연했다.,호재,2026-04-06 13:50,17.4,사실형,99.4
https://n.news.naver.com/mnews/article/015/0005271399?sid=101,IT/반도체,"""32만전자 갈 것""…반도체 대박에 삼성전자 '최대실적 예고'","삼성전자, 역대급 실적 예고에 반도체 가격 급등으로 인해 전사 실적이 끌어올릴 것으로 보인다.",호재,2026-04-06 13:48,22.1,대화형,10.1
https://n.news.naver.com/mnews/article/422/0000850489?sid=101,2차전지,"""10명 중 7명 집에서 충전""…전동 배터리 화재 급증",전동 이동장치 배터리 화재가 실제 인명 피해로 이어질 수 있는 위험으로 지적됩니다.,악재,2026-04-01 16:14,27.5,추론형,50.0
https://n.news.naver.com/mnews/article/016/0002625252?sid=101,제약/바이오,‘천당·지옥 ’ 삼천당제약…결국 블록딜 철회,삼천당제약이 블록딜을 철회한 이유는 투자자 불신을 이유로 한다.,악재,2026-04-06 11:21,24.4,추론형,18.2
https://n.news.naver.com/mnews/article/003/0013869935?sid=102,제약/바이오,중소제약·바이오·AI벤처 '협력 모델' 만든다…행사 개최,한국제약바이오협회가 중소기업기술정보진흥원과 한국혁신의약품컨소시엄과 함께 협력 모델을 만든다.,호재,2026-04-06 13:49,7.6,사실형,87.8
https://n.news.naver.com/mnews/article/023/0003969131?sid=105,IT/반도체,[단독] “엔비디아에 맞설 준비 끝”...MS가 야심차게 내놓은 AI칩 ‘마...,"MS가 개발한 AI칩은 엔비디아에 대한 대안으로 여겨지고 있으며, 한국 반도체에 호재가 되고 있다.",호재,2026-04-06 14:29,34.2,사실형,48.8
https://n.news.naver.com/mnews/article/032/0003438044?sid=101,IT/반도체,"크레버스, 퓨리오사AI ‘Renegade 2026 서밋’서 AI 자동평가 엔진 ‘허밍...",요약 실패,중립,2026-04-06 14:31,26.8,사실형,50.0
https://n.news.naver.com/mnews/article/032/0003438233?sid=101,IT/반도체,"“AI가 ‘센서 안으로’ 들어간다” 고려대 세종캠, 40억 반도체 초대형...",고려대 세종캠퍼스는 '대학 ICT 연구센터' 사업에 선정되어 40억원의 연구비 지원을 받게 된다.,호재,2026-04-07 09:36,52.1,대화형,49.4
https://n.news.naver.com/mnews/article/421/0008874251?sid=101,IT/반도체,'반도체의 힘' 삼성전자 하루에만 6356억 벌었다…연간 200조 돌파,삼성전자가 1분기 영업이익 57조 2000억 원을 기록하며 한국 기업 사상 최초의 분기 영업이익 50조 원 시대를 열었다.,호재,2026-04-07 09:34,37.6,사실형,78.5
https://n.news.naver.com/mnews/article/016/0002625664?sid=101,IT/반도체,변동장 속 ‘반도체 투톱’ 혼합 통했다…‘RISE 삼성전자SK하이닉스채...,KB자산운용의 'RISE 삼성전자SK하이닉스채권혼합50' ETF가 개인 순매수 800억원을 돌파하며 인기를 얻고 있다.,호재,2026-04-07 08:34,12.7,사실형,72.9
https://n.news.naver.com/mnews/article/030/0003415369?sid=101,IT/반도체,"반도체 슈퍼사이클…삼성전자, 1분기 영업이익 '57조' 신기록","삼성전자, 1분기 영업이익 57조원 신기록을 달성하며 반도체 슈퍼사이클에 힘입은 듯하다.",호재,2026-04-07 11:10,25.7,사실형,77.9
https://n.news.naver.com/mnews/article/052/0002339861?sid=101,IT/반도체,[자막뉴스] 이란 사태에 12% 급락한 코스피...6천피 탈환 가능성은?,반도체 경기 호황의 지속성 여부가 국내 증시 향방을 결정한다.,호재,2026-04-13 08:33,44.9,추론형,2.4
https://n.news.naver.com/mnews/article/031/0001021568?sid=105,IT/반도체,"딥엑스, 日 'DX 위크 2026' 참가…피지컬AI 칩 선보여","딥엑스, 일본에서 DX 위크 2026에서 저전력 고성능 AI 반도체를 선보여",호재,2026-04-13 09:07,14.9,사실형,57.5
https://n.news.naver.com/mnews/article/088/0001005258?sid=110,IT/반도체,"[화요초대석-전병서] 다윗의 돌팔매, 호르무즈의 교훈",한국의 강력한 반도체 기술은 강대국 틈을 doldur기 위한 핵심 요소이다.,호재,2026-04-13 09:00,17.1,예측형,4.1
https://n.news.naver.com/mnews/article/011/0004606756?sid=101,2차전지,"동화일렉트로라이트, 전해액 첨가제로 ‘국가전략기술’ 공인",동화일렉트로라이트의 전해액 첨가제 기술이 '국가전략기술'로 공인되었습니다.,호재,2026-04-03 10:18,26.8,사실형,81.4
https://n.news.naver.com/mnews/article/001/0016017187?sid=105,IT/반도체,"[AI픽] 딥엑스, 일본 피지컬 AI 시장 공략 박차",딥엑스가 일본 최대 IT 전시회 '재팬 DX 위크 2026'에서 AI 반도체 양산품 'DX-M1'을 선보였다.,호재,2026-04-13 08:49,26.4,사실형,48.6
https://n.news.naver.com/mnews/article/366/0001153605?sid=101,2차전지,[특징주] LFP 배터리용 인산철 제조 특허 소식에 코스모화학 7% 상승,코스모화학이 LFP 배터리용 인산철 제조 특허 소식으로 7% 상승했다.,호재,2026-04-02 10:14,9.7,사실형,94.2
https://n.news.naver.com/mnews/article/001/0015991723?sid=101,2차전지,"이차전지 ETF, 증시 파란불 뚫고 반등…ESS 모멘텀 수혜(종합)",이차전지 ETF가 증시 파란불을 뚫고 반등하며 ESS 모멘텀 수혜가 기대된다.,호재,2026-03-31 10:11,12.0,사실형,53.4
https://n.news.naver.com/mnews/article/001/0015991280?sid=101,2차전지,"이차전지 ETF, 증시 파란불 뚫고 반등…ESS 모멘텀 수혜",이차전지 ETF가 증시 파란불을 뚫고 반등하며 ESS 수요 증가로 국내 기업 수혜가 확대될 것으로 기대된다.,호재,2026-03-31 07:03,11.2,사실형,53.4
https://n.news.naver.com/mnews/article/002/0002434739?sid=102,2차전지,"이원택 의원 대표 발의 '전북특별법 개정안' 국회 통과…""도민 체감 변...","이원택 의원 대표 발의 '전북특별법 개정안'이 국회 통과, 도민 체감 변화를 가져올 것으로 기대된다.",호재,2026-04-01 05:23,22.7,사실형,99.8
https://n.news.naver.com/mnews/article/374/0000501217?sid=101,2차전지,"이차전지 ETF, 증시 파란불 뚫고 반등…ESS 모멘텀 수혜",LG에너지솔루션과 테슬라 간 대규모 공급 계약과 삼성SDI의 ESS 배터리 수주 확대로 이차전지 ETF가 반등했다.,호재,2026-03-31 07:06,15.4,사실형,49.5
https://n.news.naver.com/mnews/article/014/0005499307?sid=101,2차전지,"삼성SDI, 실적 바닥인데 목표가 42만→58만원…성일하이텍, 12개 분기 만...",삼성SDI의 목표 주가는 42만에서 58만원으로 상향 조정되었습니다.,호재,2026-03-30 11:01,18.3,사실형,99.5
https://n.news.naver.com/mnews/article/014/0005499130?sid=101,2차전지,"""ESS 확대·제품 다변화 지아이텍, 매출 430억 예상""",지아이텍의 매출이 430억 원으로 예상되는 이유는 ESS 확대와 제품 다변화 때문이다.,호재,2026-03-30 08:53,31.8,사실형,91.2
https://n.news.naver.com/mnews/article/025/0003512773?sid=110,2차전지,"[최준호의 혁신창업의 길] 50년 ‘축적의 시간’…대덕, K딥테크의 심장...",대덕특구에 있는 스타트업 K딥테크가 세계 최초로 화재나 폭발 위험이 없는 차세대 이차전지 기술을 개발중이다.,호재,2026-03-31 00:14,21.7,사실형,45.3
https://n.news.naver.com/mnews/article/008/0005336612?sid=101,2차전지,"""양팔로봇·BMS 반도체까지""…모험자본, 딥테크 투자 이어간다",모험자본이 양팔로봇과 BMS 반도체에 투자하여 딥테크 산업을 확장하고 있다.,호재,2026-03-29 17:30,18.4,사실형,99.5
https://n.news.naver.com/mnews/article/025/0003512633?sid=101,2차전지,"50년 ‘축적의 시간’…대덕, K딥테크의 심장으로 부상 [최준호의 혁신...",대덕 특구의 K딥테크는 차세대 ESS 바나듐이온배터리(VIB) 개발로 주목받고 있다.,호재,2026-03-30 15:24,17.8,사실형,45.3
https://n.news.naver.com/mnews/article/277/0005741027?sid=101,2차전지,"파인디앤씨, 북미 EV 고객사 배터리 핵심 부품 양산 수주…글로벌 사업...",파인디앤씨가 북미 EV 고객사로부터 배터리 핵심 부품 양산 수주를 받았다.,호재,2026-03-27 09:19,6.0,사실형,87.9
https://n.news.naver.com/mnews/article/018/0006244751?sid=101,2차전지,"[VC’s Pick]“K엔비디아 노린다”…리벨리온, 국민성장펀드로부터 자금...",스마일게이트인베는 아나배틱세미가 이차전지 산업의 국가 경쟁력을 확보하기 위해 BMS 국산화를 진행 중이라고 밝혔다.,호재,2026-03-28 15:31,26.1,추론형,13.8
https://n.news.naver.com/mnews/article/014/0005506205?sid=103,제약/바이오,'중동사태' 속 의약품 사재기 우려..제약업계 공급 관리 강화,중동사태로 의약품 사재기 우려가 있어 제약업계가 공급 관리를 강화하고 있다.,호재,2026-04-12 14:08,25.7,사실형,99.0
https://n.news.naver.com/mnews/article/014/0005506221?sid=103,제약/바이오,약가인하·고환율·중동 '삼중고' K제약 위기 속 체질 전환 가속,K제약이 제네릭 사업에서 벗어나 고부가가치 신약과 바이오의약품으로 전환해야 한다는 목소리가 높아지고 있다.,호재,2026-04-12 14:43,28.7,예측형,11.4
https://n.news.naver.com/mnews/article/215/0001248724?sid=101,제약/바이오,이란 전쟁 이후...눈길 끄는 중국 주식,이란 전쟁 이후 중국 주식이 주목받고 있다.,호재,2026-04-12 16:06,22.6,사실형,99.7
https://n.news.naver.com/mnews/article/003/0013882355?sid=102,제약/바이오,"""암세포만 골라 공격한다""…ADC 영역 넓히는 K바이오",K바이오는 암세포만 골라 공격하는 기술을 개발하여 글로벌 경쟁력을 높이고 있다.,호재,2026-04-12 14:01,69.6,추론형,2.6
https://n.news.naver.com/mnews/article/015/0005273811?sid=101,제약/바이오,"금감원, 제약·바이오 공시 개편 착수…“개미투자자도 이해하도록 재설...","금감원, 제약·바이오 공시 개편을 위해 착수하고 있습니다.",호재,2026-04-12 14:20,16.6,사실형,79.7
https://m.sports.naver.com/esports/article/144/0001105282,엔터/미디어,게임하며 아이돌 덕질···최애로운 ‘SMiniz’ 세상속으로,카카오게임즈가 SM엔터테인먼트와 함께 만든 아이돌 게임 'SMiniz'가 K-팝 팬덤의 문화와 정서적 유대감을 담고 있다.,호재,2026-03-24 06:01,36.9,사실형,74.2
https://n.news.naver.com/mnews/article/262/0000019231?sid=103,엔터/미디어,"중국 AI 영상 제작의 역습, K-콘텐츠도 안전지대 아니다!","중국 AI 영상 제작 기술이 급격히 발전하여 할리우드까지 영향을 미치고 있으며, K-콘텐츠도 안전지대가 아니다.",호재,2026-03-15 07:01,24.6,사실형,50.8
https://m.entertain.naver.com/article/003/0013814613,엔터/미디어,"'젠더리스 K팝 그룹' 엑스러브, 알비더블유 품에","WM엔터테인먼트 공동대표로 새롭게 취임한 엑스러브, 기존 대표와 함께 공동 경영한다.",호재,2026-03-11 10:43,40.3,사실형,59.3
https://n.news.naver.com/mnews/article/052/0002330415?sid=103,엔터/미디어,BTS가 걸어온 13년...그 길이 곧 K팝 역사였다,BTS는 평범한 아이돌에서 세계가 열광하는 아이콘으로 13년 동안의 경력을 통해 K팝 역사에 새겨진 기록을 남겼습니다.,호재,2026-03-21 17:17,37.5,추론형,0.0
https://m.entertain.naver.com/article/437/0000482397,엔터/미디어,"RBW, 엑스러브 품었다…257엔터 인수",RBW가 엑스러브를 인수하여 아이돌 최초 젠더리스 아이돌을 데뷔시키는 움직임을 보인다.,호재,2026-03-11 11:29,24.9,사실형,58.2
https://m.entertain.naver.com/article/015/0005260887,엔터/미디어,"RBW, '젠더리스 그룹' 엑스러브 품었다…257엔터 인수",RBW가 젠더리스 그룹 엑스러브를 인수하여 아이돌 최초 젠더리스 그룹으로 데뷔시켰다.,호재,2026-03-11 11:39,22.8,사실형,36.3
https://n.news.naver.com/mnews/article/009/0005651884?sid=004,엔터/미디어,BTS 드디어 컴백 잠자던 K엔터주 ‘벌떡’,BTS의 컴백으로 K엔터테인먼트 주식이 상승할 것으로 예상된다.,호재,2026-03-18 09:49,21.1,사실형,75.1
https://m.entertain.naver.com/article/144/0001102275,엔터/미디어,"버추얼 아이돌 SKINZ × 크리에이티브멋, 콘텐츠 쇼룸 오픈","버추얼 아이돌 그룹 SKINZ가 콘텐츠 쇼룸을 오픈하며, 언리얼 엔진 기반의 고도화된 그래픽 기술과 세계관 중심 스토리텔링을 선보일 예정입니다.",호재,2026-03-09 22:35,23.6,추론형,15.9
https://m.entertain.naver.com/article/477/0000597097,엔터/미디어,"RBW, '글로벌 루키' 엑스러브 품었다…257엔터 인수하며 '글로벌 확장 본...",RBW가 257엔터를 인수하며 글로벌 확장 본격화,호재,2026-03-11 10:31,25.4,사실형,62.6
https://n.news.naver.com/mnews/article/009/0005645436?sid=101,엔터/미디어,"‘왕의 귀환’ 알린 빅뱅, YG엔터 투자 매력도 높아진다 [오늘 나온 보고...","YG엔터테인먼트에 대한 시장의 기대감이 커지고 있으며, 빅뱅의 글로벌 투어 계획으로 2026년 예상 영업이익이 935억원으로 상향조정되었다.",호재,2026-03-05 08:31,31.4,사실형,56.4
https://m.entertain.naver.com/article/469/0000919218,엔터/미디어,"K팝, 장르인가 산업인가","K팝은 글로벌 팝 음악의 집합체에 가깝고, 아이돌 트레이닝 시스템과 글로벌 시장 구조로 특징지어질 수 있다.",중립,2026-03-13 10:19,34.1,사실형,40.9
https://m.entertain.naver.com/article/112/0003789870,엔터/미디어,"[KPOP NOW]이수만 돌아오고, SM·민희진 맞붙는다...요동치는 K팝 판도",SM엔터테인먼트와 오케이 레코즈가 보이그룹 론칭을 알리면서 K팝 판도가 요동치고 있다.,호재,2026-03-08 09:02,13.6,추론형,44.3
https://m.entertain.naver.com/article/469/0000919786,엔터/미디어,"""서울에서 녹음, 스웨덴에서 작곡""… 확장된 K팝 세계지도",유럽의 팝 제작 시스템을 이해하는 작곡가들과의 협업은 세계 음악 시장에서의 경쟁력 확보와 산업적 효율성을 높여준다.,호재,2026-03-16 22:16,23.0,추론형,3.9
https://m.entertain.naver.com/article/018/0006230991,엔터/미디어,지코·박재범·김재중…아이돌 제작자가 히트 아이돌 키운다[스타in 포커...,아이돌 출신 제작자들이 K팝 업계 제작 패러다임을 변화시키고 있음을 시사하는 신호이다.,호재,2026-03-09 14:08,62.5,예측형,12.2
https://n.news.naver.com/mnews/article/031/0001012523?sid=102,엔터/미디어,"RBW, '4인조 다국적 보이그룹' 엑스러브 품었다! 257엔터 인수…글로벌...","종합 콘텐츠 기업 알비더블유(RBW)가 글로벌 확장에 나선다. WM엔터테인먼트가 257엔터테인먼트를 인수하고, 4인조 다국적 보이그룹 엑스러브를 품었다.",호재,2026-03-12 09:12,81.3,사실형,73.9
https://n.news.naver.com/mnews/article/032/0003414599?sid=101,엔터/미디어,"​유니콘 기업 갤럭시코퍼레이션, K-팝 로봇 아이돌 비전 제시…엔터테...",유니콘 기업 갤럭시코퍼레이션은 K-팝 로봇 아이돌 비전을 제시하고 차세대 비전을 발표했다.,호재,2025-12-11 14:25,30.0,사실형,63.9
https://m.entertain.naver.com/article/241/0003461222,엔터/미디어,"[심재걸 엔터잡학사전] 아이돌 조기 해체…K팝 위기 신호인가, 건강한 ...",S2엔터테인먼트가 벤처캐피털로부터 50억 규모의 투자를 끌어내는 등 아이돌 시장의 자금력 부족이 심화하는 신호가 나타나고 있다.,호재,2025-08-21 05:35,16.8,예측형,14.3
https://n.news.naver.com/mnews/article/008/0005294360?sid=101,엔터/미디어,"갤럭시코퍼, 매출 3천억 '점프'… 지드래곤·로봇 아이돌 업고 IPO '속도...","갤럭시코퍼레이션은 올해 매출 3000억원을 예고하며, 2026년 기업공개(IPO)를 향한 9부 능선을 넘었다.",호재,2025-12-19 15:00,37.9,사실형,57.3
https://m.entertain.naver.com/article/117/0003966979,엔터/미디어,"손예진, K팝 아이돌 그룹 기획…엔터사 대표 된다 [버라이어티]",손예진이 K팝 아이돌 그룹을 기획하는 엔터테인먼트 대표로 새로 임명되었다.,호재,2025-07-21 09:01,22.9,사실형,74.0
https://m.entertain.naver.com/article/445/0000354055,엔터/미디어,"'아이돌 명가' 큐브의 파격 영입…日 아나운서 타니 아사코, 성공할까?",큐브엔터가 다국적 인재를 영입해 글로벌 OTT 시대를 대비하는 전략적 의지로 타니 아사코를 영입했다.,호재,2025-10-16 09:35,14.9,사실형,36.9
https://n.news.naver.com/mnews/article/001/0016001534?sid=101,IT/반도체,"삼성 DS부문 상생협력 행사…""파트너십으로 반도체 기술 혁신""",삼성전자 DS부문은 협력회사와 동반성장 의지를 다지는 상생협력 행사를 열고 기술 로드맵을 공유했다.,호재,2026-04-03 16:00,19.1,사실형,86.8
https://n.news.naver.com/mnews/article/031/0001018971?sid=105,IT/반도체,아르테미스2에 K반도체 탑재…우주 환경서 성능 검증,삼성전자와 SK하이닉스의 반도체가 유인 달 탐사선 아르테미스 2호에 탑재돼 우주 환경에서 성능 검증에 나섰다.,호재,2026-04-02 08:24,43.9,사실형,85.3
https://n.news.naver.com/mnews/article/092/0002417321?sid=105,IT/반도체,"퓨리오사AI ""올해 2세대 NPU 2만장 양산 목표...제품 공급 시작""",퓨리오사AI는 2세대 AI칩 '레니게이드(RNGD)'의 상용화 성과를 알리며 제품 공급을 시작했다.,호재,2026-04-02 16:09,32.1,사실형,63.3
https://n.news.naver.com/mnews/article/092/0002417431?sid=105,IT/반도체,AI 전력난 게임 체인저될까…반도체 '엑시톤 ' 83배 증폭 첫 발견,"POSTECH 연구팀이 2차원 반도체 '엑시톤'의 이동을 나노미터 공간에서 정밀 제어하고, 이를 기존 대비 최대 8,300%까지 증폭시키는 물리 현상을 세계 처음 발견했다.",호재,2026-04-03 17:58,71.3,사실형,44.5
https://n.news.naver.com/mnews/article/009/0005660257?sid=105,IT/반도체,퓨리오사 개발한 AI반도체 … 삼성SDS 클라우드서 쓴다,퓨리오사AI가 개발한 인공지능(AI) 반도체인 '레니게이드'가 오는 7월부터 삼성SDS 클라우드로 이용할 수 있게 된다.,호재,2026-04-02 17:40,35.0,사실형,77.9
https://n.news.naver.com/mnews/article/001/0016000652?sid=105,IT/반도체,"안산시, 청년창업펀드2호로 로봇·AI 반도체 유망 기업 2곳 유치",안산시는 로봇과 인공지능(AI) 반도체 분야 유망 기업 2곳을 관내로 유치했다.,호재,2026-04-03 11:14,40.3,사실형,63.6
https://n.news.naver.com/mnews/article/417/0001137368?sid=102,IT/반도체,"안산시, 로봇·AI반도체 기업 동시유치… 첨단산업 도시 전환 속도",안산시는 로봇과 인공지능(AI) 반도체 기업을 동시에 유치하여 첨단산업 중심 도시로의 전환에 속도를 내고 있다.,호재,2026-04-03 13:40,21.7,사실형,57.1
https://n.news.naver.com/mnews/article/001/0015998909?sid=105,IT/반도체,"엔비디아에 도전장…퓨리오사AI, '전력 효율 7배' 2세대 칩 공개","퓨리오사AI는 2세대 인공지능(AI) 반도체 '레니게이드(RNGD)'를 공개하며, 엔비디아에 도전장을 내걸었다.",호재,2026-04-02 15:20,23.8,사실형,65.1
https://n.news.naver.com/mnews/article/293/0000082089?sid=101,IT/반도체,"퓨리오사AI, 2세대 NPU '레니게이드' 공개…추론시장 정조준",퓨리오사AI가 2세대 NPU '레니게이드'를 공개하며 AI 추론 시장에 대한 강력한 도전을 제시했다.,호재,2026-04-02 15:50,13.4,사실형,88.0
https://n.news.naver.com/mnews/article/018/0006250067?sid=101,IT/반도체,[VC’s Pick]K엔비디아 후보에 쏠린 관심…AI 반도체 투자 유치 속속,국내 AI 반도체 기업 리벨리온이 6400억원 규모의 프리 IPO 라운드를 마무리하며 기업가치를 3조 4000억원으로 인정받았습니다.,호재,2026-04-04 10:08,13.4,사실형,70.9
https://n.news.naver.com/mnews/article/056/0012155199?sid=102,IT/반도체,"안산시, ‘청년창업펀드’ 2호로 로봇·인공지능 반도체 유망 기업 2곳 ...",안산시는 로봇과 인공지능(AI) 반도체 분야 유망 기업 2곳을 유치하여 청년창업펀드 2호를 조성하였습니다.,호재,2026-04-03 11:54,51.9,추론형,20
https://n.news.naver.com/mnews/article/003/0013865399?sid=101,IT/반도체,"이재용·최태원·구광모 등 재계 총수들, 글로벌 광폭행보…AI시대 신사...",재계 총수들은 글로벌 시장에선 AI 시대 '글로벌 네트워크 경쟁'을 가열하고 빅테크 협력과 시장 경쟁력을 강화하고 있다.,호재,2026-04-03 11:07,33.7,사실형,74.7
https://n.news.naver.com/mnews/article/003/0013864007?sid=105,IT/반도체,"""엔비디아보다 전력 효율 좋다""…퓨리오사AI, 2세대 칩 양산 본격화","퓨리오사AI가 2세대 칩 '레니게이드'를 양산 본격화하고, AI 데이터센터 추론 수요 대응을 위해 국내외 주요 IT 기업들과 파트너십을 확장한다.",호재,2026-04-02 16:37,9.7,사실형,66.5
https://n.news.naver.com/mnews/article/030/0003414584?sid=105,IT/반도체,"안산 청년창업펀드, 로봇 싣고 AI칩 품으며 미래산업 투자판 더 크게 키...",안산시가 청년창업펀드를 통해 로봇 및 AI 반도체 분야의 유망기업을 투자하여 미래산업을 확대하고 있다.,호재,2026-04-04 20:49,25.6,사실형,86.3
https://n.news.naver.com/mnews/article/008/0005339070?sid=101,IT/반도체,"포스코DX, AI솔루션에 모빌린트 NPU 탑재 추진",포스코DX와 모빌린트는 AI 솔루션에 모빌린트의 NPU를 탑재하여 공동으로 개발하고 상용화한다.,호재,2026-04-02 16:00,25.1,사실형,86.5
https://n.news.naver.com/mnews/article/382/0001265981?sid=102,IT/반도체,"전남도, AI·반도체 등 미래 첨단전략산업 발굴 본격화","전라남도는 2026년 1월에 전남도 성장동력기획위원회를 본격 운영하여, 미래 신성장동력 사업을 발굴하고 국가 정책 대응을 강화하기로 결정했다.",호재,2026-04-02 17:22,46.4,사실형,72.6
https://n.news.naver.com/mnews/article/366/0001153589?sid=105,IT/반도체,포스코DX “국산 NPU로 제조 AI 혁신 가속”,"포스코DX는 국산 NPU를 활용해 제조 인공지능(AI) 혁신을 가속화하고, 현장에서 즉각적인 분석과 제어가 가능한 인텔리전트 팩토리를 구축한다.",호재,2026-04-02 09:49,13.7,사실형,64.7
https://n.news.naver.com/mnews/article/138/0002223294?sid=105,IT/반도체,"美, '규제' 판단 미스였나… 中 반도체기업, 엔비디아 빈자리 메우며 매...",미국의 고강도 수출 규제가 오히려 중국 반도체 산업의 '자급자족' 열풍에 기름을 부으며 중국 주요 반도체 기업들이 역대급 매출 기록을 세웠다.,호재,2026-04-04 10:34,23.3,사실형,81.5
https://n.news.naver.com/mnews/article/011/0004605988?sid=101,IT/반도체,반도체의 힘…3월 수출 800억弗 사상 최대,3월 수출액이 800억 달러를 넘어 월간 기준 역대 최고 기록을 달성했다.,호재,2026-04-01 15:22,42.5,사실형,91.2
https://n.news.naver.com/mnews/article/346/0000107493?sid=103,제약/바이오,"‘매출 1兆 이상’ 제약·바이오기업, 연구에는 얼마나 썼나 보니","제약·바이오기업 9곳의 평균 연구·개발비가 약 2100억원에 달하며, 셀트리온이 가장 많은 금액을 투자한 것으로 확인됐다.",호재,2026-04-05 14:08,41.5,사실형,58.78846080042421
https://n.news.naver.com/mnews/article/014/0005502580?sid=105,제약/바이오,"경구용 비만치료제 시대 본격화, K제약바이오 '중장기' 승부",국내 제약바이오 기업들이 글로벌 빅파마들과 경쟁하며 중장기 승부수를 던지고 있다.,호재,2026-04-05 15:11,48.6,예측형,41.47071766472602
https://n.news.naver.com/mnews/article/009/0005661239?sid=105,제약/바이오,의약품 관세 또 꺼낸 트럼프…삼성바이오로직스 '이상 무',"삼성바이오로직스는 미국의 관세 정책으로 인해 영향을 받는 것으로 보이지 않으며, 글로벌 제약사와의 위탁개발생산 계약으로 인해 관세 적용이 고객사 단계에서 이뤄질 것이라는 분석이다.",호재,2026-04-05 17:47,25.4,사실형,77.39767620668691
https://n.news.naver.com/mnews/article/015/0005271026?sid=101,제약/바이오,'임상 실패'에 급락했는데…상위 1% 초고수들은 쓸어 담았다,임상 실패로 급락한 한올바이오파마와 삼천당제약에 대해 상위 1% 초고수들은 저가 매수로 시세 차익을 노리며 순매수했다.,호재,2026-04-05 15:58,17.5,사실형,80.46052666114909
https://n.news.naver.com/mnews/article/014/0005502650?sid=103,제약/바이오,'먹는 비만약' 세대교체 국내제약사도 참전,"국내 제약사들은 글로벌 빅파마들과 경쟁하는 중이다. 종근당, 일동제약, 셀트리온 등이 초기 임상 단계에서 기술력을 선보이며 중장기 승부수를 던지고 있다.",호재,2026-04-05 18:32,55.0,예측형,42.868302425813454
https://n.news.naver.com/mnews/article/009/0005661238?sid=105,제약/바이오,"K바이오, 중국 CRO타면 임상 70% 빨라져요",장팡닝 맥킨지 파트너는 중국의 부상이 한국 바이오 기업들에게 전략적 기회로 삼아야 한다고 제언했다.,호재,2026-04-05 17:47,63.3,사실형,70.03262295172765
https://n.news.naver.com/mnews/article/011/0004607220?sid=105,제약/바이오,코오롱생명과학·아리바이오·마크로젠…제약바이오 CEO 줄교체,제약바이오 기업들이 전문경영인 체제를 강화하고 글로벌 사업을 가속화하기 위해 대표이사를 대거 교체했다.,호재,2026-04-05 17:22,54.0,사실형,69.61798793994464
https://n.news.naver.com/mnews/article/015/0005271074?sid=101,제약/바이오,한올바이오·삼천당제약…저가 매수 나선 고수들,부자들이 한올바이오와 삼천당제약을 저가 매수로 사들인 것으로 나타났다.,호재,2026-04-05 17:37,12.2,사실형,82.47076123952866
https://n.news.naver.com/mnews/article/648/0000045983?sid=101,제약/바이오,[글로벌 바이오워치]임상서 효과 확인…판 커진 '인비보 CAR-T',"인비보 CAR-T 치료제 'ESO-T01'은 초기 임상에서 긍정적인 성과를 거두며, 환자의 몸 안에서 직접 항암 면역세포를 만들어내는 차세대 세포 치료 기술로 급부상하고 있다.",호재,2026-04-05 10:00,59.3,사실형,55.00432224838402
https://n.news.naver.com/mnews/article/020/0003707884?sid=101,제약/바이오,"삼성바이오, 창사 이래 첫 파업 위기…파업 투표 95%로 가결","삼성바이오로직스의 노동조합이 파업 찬반투표에서 95% 이상의 찬성률을 얻어 파업이 현실화하고, 이는 글로벌 수주 경쟁력에 타격을 줄 수 있다.",호재,2026-03-29 20:16,17.9,사실형,65.81553190946579
https://n.news.naver.com/mnews/article/029/0003020023?sid=105,제약/바이오,삼성바이오 파업 위기…‘무노조’ 셀트리온도 예의주시,"삼성바이오로직스 노조가 파업을 계획하고 있는 가운데, 셀트리온도 예의주시하고 있다. 노조는 성과급 상한폐지와 임금 인상, 자사주 배정 등 요구하고 있으며, 사측은 쟁의행위 금지 가처분신청을 법원에 냈다.",호재,2026-04-05 17:11,24.1,사실형,72.9298149002716
https://n.news.naver.com/mnews/article/003/0013855650?sid=101,제약/바이오,"K바이오, 동남아 공공조달 진출 추진…싱가포르 정부와 협력","K바이오산업은 동남아시아 공공조달 부문으로 시장 확대를 추진하고, 산업부와 대한무역투자진흥공사(COFTA)가 싱가포르 정부와 협력하고 있습니다.",호재,2026-03-31 06:00,19.4,사실형,70.60626172102414
https://n.news.naver.com/mnews/article/421/0008864160?sid=103,제약/바이오,"제약바이오협회, 캐나다 국제통상부 장관 초청해 간담회…협력 약속",한국제약바이오협회는 한-캐나다 제약바이오산업 국제 협력 간담회를 열고 양국 간 실질적인 협력을 모색했다.,호재,2026-04-01 16:52,24.5,사실형,64.16850415989757
https://n.news.naver.com/mnews/article/022/0004118008?sid=101,제약/바이오,"“24시간 멈추면 끝”…삼성바이오로직스 파업 예고, 생산 중단 우려 커...","삼성바이오로직스 노사 갈등로 파업 예고, 생산 공정 유지를 위한 법적 대응에 나서며 긴장이 고조되고 있다.",악재,2026-04-03 10:58,7.5,사실형,68.9
https://n.news.naver.com/mnews/article/011/0004606998?sid=101,제약/바이오,"주가 반토막 삼천당제약, 대표 간담회 ‘정면승부’ 통할까 [마켓 시그...",삼천당제약은 주가 반토막 난 상황에서 기자간담회를 열어 향후 주가 향방을 결정할 것으로 관측된다.,호재,2026-04-04 06:35,53.3,사실형,64.3
https://n.news.naver.com/mnews/article/008/0005339657?sid=102,제약/바이오,파주시 '바이오 경제자유구역' 위해 글로벌 브레인 모였다,파주시는 '2026 파주 경제자유구역 바이오 컨퍼런스'를 개최하여 바이오산업의 미래를 논의하고 파주가 국제적 바이오산업 거점으로 성장하기 위한 중요한 출발점을 마련했습니다.,호재,2026-04-03 17:47,27.2,대화형,37.7
https://n.news.naver.com/mnews/article/079/0004132259?sid=101,제약/바이오,"제약바이오협회 ""제네릭 약가 대폭 인하 충격 최소화 총력""","제약바이오협회는 정부의 '약가제도 개선방안' 대응 계획 등을 논의하고, 산업계 충격을 최소화하는 데 총력을 기울이기로 했다.",호재,2026-04-02 16:46,32.8,대화형,34.7
https://n.news.naver.com/mnews/article/009/0005660887?sid=101,IT/반도체,“일본 어지간히 좋아하네”…AI인프라 100억달러 투자하겠단 MS,마이크로소프트는 일본에서 데이터센터 등 인공지능 서비스 기반을 구축하기 위해 2029년까지 100억달러를 투자할 계획이라고 밝혔다.,호재,2026-04-03 22:10,37.0,사실형,89.4
https://n.news.naver.com/mnews/article/123/0002380745?sid=101,IT/반도체,"삼성전자, 협력사에 8000억 인센티브…반도체 생태계 결속 강화",삼성전자 DS부문이 협력사에 지급한 인센티브가 누적 8000억원을 넘어선 것으로 나타나 반도체 공급망 안정성과 생태계 경쟁력 강화를 위한 지원 전략이 본격화되고 있다.,호재,2026-04-03 16:24,18.0,사실형,91.8
https://n.news.naver.com/mnews/article/015/0005270876?sid=110,IT/반도체,[토요칼럼] 반복되는 'AI 쇼크'의 공통 공식,"반복되는 'AI 쇼크'의 공통 공식은 기술 공개 단계에서 무반응, 실제 제품으로 구현되면 여전히 조용, 대중의 주목을 받으면 분위기가 달라지기 시작, 기술이 누군가의 손익계산서에 영향을 줄 때 투자자는 매도 버튼을 눌렀다.",호재,2026-04-04 00:38,43.7,사실형,58.0
https://n.news.naver.com/mnews/article/003/0013864107?sid=105,IT/반도체,"류제명 과기정통부 차관 ""퓨리오사AI, 글로벌 AI 전쟁서 주목할 기업""","정부는 퓨리오사AI를 글로벌 경쟁에서 주목할 만한 기업으로 평가하고, 국산 AI 반도체 산업 지원 의지를 강조했다.",호재,2026-04-02 16:55,16.4,사실형,54.6
https://n.news.naver.com/mnews/article/022/0004117864?sid=101,IT/반도체,"‘엔비디아, AMD 덤벼라!’… 퓨리오사AI 2세대 AI 반도체로 승부수","퓨리오사AI가 2세대 인공지능(AI) 반도체 '레니게이드(RNGD)'를 공개하며, 고성능 NPU 수요 상승에 대응한다.",호재,2026-04-02 20:00,27.7,사실형,96.7
https://n.news.naver.com/mnews/article/015/0005270771?sid=105,IT/반도체,인터넷 연결 안돼도 AI 작동…구글 '젬마4' 출격,"구글이 크기가 20분의 1로 줄인 AI 모델 '젬마4'를 출시하여 스마트폰, 노트북 등에 탑재하여 인터넷 없이도 AI를 작동시키는 '온디바이스 AI' 시장을 대비하고 있다.",호재,2026-04-03 17:37,25.5,사실형,59.5
https://n.news.naver.com/mnews/article/138/0002223251?sid=105,IT/반도체,"""AI 시대 원팀 경쟁력 강화""…삼성전자 DS부문, '상생협력 DAY' 개최",삼성전자 DS부문이 협력회사와의 상생협력 DAY를 개최하여 건강한 산업 생태계 구축에 박차를 가했다.,호재,2026-04-03 16:00,14.1,사실형,81.8
https://n.news.naver.com/mnews/article/003/0013866031?sid=102,IT/반도체,"포스텍, AI 시대 전력난 난제 풀 실마리 찾았다",포스텍 연구팀이 새로운 물리 현상을 발견하여 AI 시대 전력난 난제를 풀어주는 실마리를 찾았다.,호재,2026-04-03 14:19,73.2,사실형,38.1
https://n.news.naver.com/mnews/article/003/0013865459?sid=101,IT/반도체,"'1조달러 시대' 내다보는 반도체 시장…""글로벌 투자 확대·기술 경쟁""","반도체 시장은 1조 달러를 넘어설 것으로 예상되고, 각국이 생산 구도 재편을 위한 투자 확대에 나서고 있다.",호재,2026-04-03 11:19,32.9,사실형,86.2
https://n.news.naver.com/mnews/article/001/0016001653?sid=101,IT/반도체,"美 AI전력 인프라 액티브 등 ETF 4종, 7일 신규상장",한국거래소에서 4종의 ETF를 7일 신규상장할 예정입니다.,호재,2026-04-03 16:50,30.6,사실형,98.2
https://n.news.naver.com/mnews/article/022/0004118248?sid=100,IT/반도체,김영록 “광주 공항 이전부지 ‘솔레어시티’로 개발”…AI·반도체·문...,김영록 더불어민주당 전남광주특별시장 예비후보가 광주 민간·군공항 이전 부지를 첨단산업과 문화관광이 결합된 미래형 도시 '솔레어시티'로 개발하겠다는 구상을 내놨다.,호재,2026-04-04 21:02,11.4,사실형,95.8
https://n.news.naver.com/mnews/article/003/0013867313?sid=102,IT/반도체,"의왕시, 포일2지구에 반도체·AI 등 혁신기업 유치…30일까지 공모","의왕시가 반도체, AI 등 혁신기업 유치에 나서고, 포일2지구의 도시지원시설용지 공모를 30일까지 진행한다.",호재,2026-04-04 16:03,51.3,사실형,69.2
https://n.news.naver.com/mnews/article/003/0013867261?sid=101,IT/반도체,"LG이노텍, '피지컬AI' 타고 '영업익 1조 클럽' 재진입 노린다",LG이노텍은 스마트폰 카메라 모듈 사업을 넘어 로보틱스와 자율주행 등 '피지컬 AI' 시장에서 선점을 거두고 있다.,호재,2026-04-04 14:00,24.6,사실형,60.3
https://n.news.naver.com/mnews/article/293/0000082119?sid=101,IT/반도체,"삼성SDS도 쓴다…퓨리오사AI, 2세대 AI칩 7월 탑재",퓨리오사AI가 삼성SDS를 신규 고객사로 확보하여 2세대 AI칩 레니게이드를 7월 서버에 탑재할 예정이다.,호재,2026-04-02 21:05,17.0,사실형,93.2
https://n.news.naver.com/mnews/article/243/0000095692?sid=105,IT/반도체,"삼성전자 DS부문, 협력사 '반도체 혈맹' 강화…전영현 ""기술 혁신 뿌리...",삼성전자 DS부문이 협력사와의 기술 혁신 및 상생 협력에 힘을 실었다.,호재,2026-04-03 16:01,26.1,사실형,77.6
https://n.news.naver.com/mnews/article/001/0015997458?sid=105,IT/반도체,"포스코DX·롯데이노베이트, AI 기반 NPU 적용…""K반도체 활성화""","포스코DX와 롯데이노베이트가 AI 기반 NPU를 도입하며 GPU 중심 구조에 변화를 꾀하고 있으며, 향후에는 철강과 이차전지, 물류 등으로 적용 범위를 확대할 계획이다.",호재,2026-04-02 09:51,14.9,사실형,69.5
https://n.news.naver.com/mnews/article/366/0001154170?sid=105,IT/반도체,[인터뷰] LLM 추론 특화 AI 반도체 설계 회사 하이퍼엑셀… 이진원 CTO “...,"하이퍼엑셀은 LLM 추론 특화 AI 반도체 '베르다'를 개발하고, 가성비를 높이고자 엔비디아를 압도할 것이라고 밝혔다.",호재,2026-04-04 06:02,22.5,사실형,63.9
https://n.news.naver.com/mnews/article/009/0005660244?sid=105,IT/반도체,GPU 대신 국산 NPU로 K반도체 키운다,"포스코DX와 롯데이노베이트는 국산 NPU를 도입하여 GPU 중심 구조를 변화시키고, 인공지능(AI) 연산에 특화된 반도체를 개발하여 스마트공장을 구현한다.",호재,2026-04-02 17:36,15.0,사실형,75.1
https://n.news.naver.com/mnews/article/081/0003632133?sid=102,IT/반도체,"안산시 청년창업펀드 2호, 로봇·AI반도체 기업 2곳 투자 유치",안산시는 로봇·AI반도체 기업 2곳에 대한 투자 유치를 발표했다.,호재,2026-04-03 09:50,59.3,사실형,72.1
https://n.news.naver.com/mnews/article/001/0016017176?sid=102,IT/반도체,"아산시, 삼성전자에 반도체 후공정 생산시설 투자 요청","아산시, 삼성전자에 반도체 후공정 생산시설 투자 요청",호재,2026-04-13 08:43,17.2,추론형,97.3
https://n.news.naver.com/mnews/article/661/0000074521?sid=101,IT/반도체,노트북.스마트폰.게임기까지 줄인상…반도체 쇼크에 전자제품 줄줄이,반도체 칩 수요 폭발로 전자제품 가격이 상승하고 있다.,악재,2026-04-13 07:21,10.0,사실형,92.5
https://n.news.naver.com/mnews/article/052/0002339855?sid=101,IT/반도체,'반도체 기업 통째로 살 돈'...삼성전자 노조 요구에 주주 '분통' [굿모...,삼성전자 노조가 노동자 RIGHTS를 요구하며 40조원 규모의 인수·합병을 제안함에 따라 주주들은 분통을 터뜨렸다.,호재,2026-04-13 08:25,14.0,추론형,50.0
https://n.news.naver.com/mnews/article/417/0001138629?sid=101,IT/반도체,움직이는 서학개미…엔비디아·테슬라 팔고 '코스피' 투자한다,글로벌 반도체시장 호황과 AI 열풍에 힘입어 엔비디아·테슬라를 팔고 '코스피'에 투자한다.,호재,2026-04-13 06:00,35.3,사실형,52.0
https://n.news.naver.com/mnews/article/011/0004609927?sid=101,IT/반도체,"삼성, 로봇 AI ‘섈로파이’ 발표…판단 속도 2배·성공률 95%",삼성은 로봇 AI '섈로파이'를 발표하여 판단 속도가 2배로 높아지고 성공률이 95%로 향상된다고 발표했다.,호재,2026-04-13 06:50,16.8,사실형,99.8
https://n.news.naver.com/mnews/article/215/0001248757?sid=101,IT/반도체,"""작년 11월 이후 가장 화끈한 상승장""…메가캡 AI 모멘텀 지속 -[ 美증시...",엔비디아가 8거래일 연속 상승하며 반도체 섹터의 리더로 부상하고 있습니다.,호재,2026-04-13 08:43,7.1,추론형,50.0
https://n.news.naver.com/mnews/article/056/0012160763?sid=101,IT/반도체,“1년간 주가 300% 올랐다”…칩 붙이는 기술이 중요한 이유는? [잇슈 머...,한미반도체 장비 수요가 급증하는 이유는 AI 반도체 수요가 폭발하면서 HBM 생산 증가 때문입니다.,호재,2026-04-13 07:02,20.0,추론형,100.0
https://n.news.naver.com/mnews/article/243/0000096222?sid=101,IT/반도체,"“시장 살까, 종목 살까”…패시브 vs 액티브 ETF 올해 결과는","수익률 상위 ETF 상품은 DAISHIN343 AI반도체&amp;인프라액티브, WON 반도체밸류체인액티브 등",호재,2026-04-13 07:31,20.9,사실형,98.4
https://n.news.naver.com/mnews/article/052/0002339859?sid=101,IT/반도체,"삼성전자 노조 ""성과급 40.5조원 달라""…주주는 분통",삼성전자 노조가 성과급 40.5조원 달라고 요구하자 주주는 분통을 질렀다.,악재,2026-04-13 08:45,12.4,사실형,46.6
https://n.news.naver.com/mnews/article/011/0004609930?sid=101,IT/반도체,"고유가 피해지원금 27일 지급 시작…소득 하위 70%, 최대 60만원","고유가 피해지원금이 27일부터 지급되기 시작하며, 소득 하위 70%까지 최대 60만원까지 지원될 예정이다.",호재,2026-04-13 06:55,10.1,사실형,84.8
https://n.news.naver.com/mnews/article/011/0004609923?sid=105,IT/반도체,"삼성, 로봇 AI 연산 3분의 1로 축소…속도 2배 혁신","삼성, 로봇 AI 연산 속도 2배로 혁신하고 가상공장을 통해 노동 효율성을 극대화하는 새로운 기술을 도입한다.",호재,2026-04-13 06:47,12.9,사실형,98.9
https://n.news.naver.com/mnews/article/008/0005343125?sid=101,IT/반도체,"금융주 실적, 사모신용 경고음 울리나…ASML·TSMC 실적 발표[이번주 美...",ASML과 TSMC가 실적 발표로 AI 하드웨어주에 큰 영향을 미칠 것으로 예상된다.,호재,2026-04-13 05:35,24.3,대화형,47.2
https://n.news.naver.com/mnews/article/050/0000104868?sid=101,IT/반도체,"""삼성·하이닉스 언제까지 가냐고? 금리 보면 답 나온다""[3고시대 투자법...",이 대표는 전쟁 이후 반도체와 AI 투자 흐름이 가속화할 것으로 예상한다.,호재,2026-04-13 06:01,17.1,사실형,80.5
https://n.news.naver.com/mnews/article/008/0005343127?sid=101,IT/반도체,"57조 버는 삼성전자, 그런 기업 대하는 한국 정치 수준",삼성전자 1분기 영업이익 57조원이라는 기록을 세웠다.,호재,2026-04-13 05:50,19.9,사실형,45.7
https://n.news.naver.com/mnews/article/119/0003079706?sid=105,IT/반도체,AI·반도체 ‘인재 가뭄’…기술 패권 경쟁력 놓친다[기자수첩-정책경제...,"정부가 이공계 인력 양성을 위한 대책을 내놓지만, 반도체와 AI 분야의 인재가 부족한 문제는 해결되지 않았다.",악재,2026-04-13 07:00,22.0,추론형,49.8
https://n.news.naver.com/mnews/article/018/0006255959?sid=101,제약/바이오,서울대 의대 3인방이 꿈꾼 진단기기의 미래[디시젠 대해부①],서울대 의대 3인방이 개발한 진단기기 디시젠의 미래에 대한 기대가 높아지고 있다.,호재,2026-04-13 08:32,71.6,대화형,54.7
https://n.news.naver.com/mnews/article/374/0000503923?sid=101,제약/바이오,[어제장 오늘장] 중동 협상 결렬에 경계감 고조…시장 낙관론 깨지나,중동 협상 결렬로 시장 낙관론이 깨지나보는 분위기다.,호재,2026-04-13 08:27,33.0,추론형,100.0
https://n.news.naver.com/mnews/article/018/0006255923?sid=101,제약/바이오,"""현직 피부과 의사가 직접 만든 피부미용의료기기기업""[아그네스메디컬...",아그네스메디컬 창업자와 최고기술책임자는 최근 인터뷰에서 올해가 큰 성과가 될 것이라고 말했다.,호재,2026-04-13 08:12,44.7,추론형,99.9
https://n.news.naver.com/mnews/article/018/0006255941?sid=105,제약/바이오,"'19년 집념' HLB의 항암제 리보세라닙...진양곤의 뚝심일까, 희망고문일...","HLB그룹이 계열사를 급격히 확장하며 기술과 인력, 파이프라인을 확보하는 전략을 택했지만, 이에 대한 우려의 시선도 존재한다.",호재,2026-04-13 08:22,18.9,사실형,31.9
https://n.news.naver.com/mnews/article/374/0000503906?sid=101,제약/바이오,[마켓 프리뷰] 美·이란 1차 종전 협상 '불발'…변동성 확대 우려,미국과 이란 간 협상이 불발되면서 변동성이 확대될 우려가 있다.,호재,2026-04-13 07:35,33.7,추론형,100.0
https://n.news.naver.com/mnews/article/018/0006255838?sid=101,제약/바이오,"절차 간소화 대세...시장 바뀐다[클릭, 글로벌 제약·바이오]",미국과 중국이 규제를 완화하는 것은 자국 내 약가 인하와 글로벌 제약바이오 기업들의 온쇼어링을 유도하기 위한 전략적 선택이다.,호재,2026-04-12 23:57,16.5,추론형,97.4
https://n.news.naver.com/mnews/article/014/0005492171?sid=101,금융/밸류업,“주총 시즌이 온다”...자사주 소각 릴레이에 ‘밸류업 장세’ 재점화,국내 증시의 밸류업 기대가 주주총회 시즌을 계기로 다시 부각될 전망이다.,호재,2026-03-16 15:40,20.4,사실형,34.9
https://n.news.naver.com/mnews/article/003/0013870597?sid=105,IT/반도체,'16조 몸값' 프랑스 미스트랄AI가 韓 찾은 이유,삼성전자와 미스트랄AI가 AI 반도체 공급망 및 기술 협력을 협의했다.,호재,2026-04-06 15:59,24.5,사실형,98.1
https://n.news.naver.com/mnews/article/030/0003415167?sid=105,IT/반도체,산업부 'AI 광반도체 공모 최종 선정…아산시에 143억 투입 제조 기반 마...,충남도는 산업부 주관 '인공지능(AI) 광반도체 핵심부품 제조 기반 구축' 공모에 최종 선정되어 아산시에 차세대 AI 반도체 시장 선점을 위한 산업 생태계를 조성한다.,호재,2026-04-06 16:53,62.2,사실형,34.3
https://n.news.naver.com/mnews/article/008/0005340460?sid=105,IT/반도체,"건설硏 ""AI 데이터센터부터 SMR까지…국가전략산업 인프라 주도""","건설연(KICT)은 반도체, AI, 소형모듈원자로(SMR) 등 국가전략산업을 뒷받침하기 위해 기술 혁신에 나선다.",호재,2026-04-06 16:53,53.7,사실형,67.3
https://n.news.naver.com/mnews/article/030/0003415104?sid=105,IT/반도체,"건설연, 반도체·AI·SMR 지원 '미래 비전' 공유...국가전략산업 인프라...",건설연이 국가전략산업 인프라 기술 혁신 방향을 공유하고 실행 의지를 결집한다.,호재,2026-04-06 15:51,18.3,추론형,17.6
https://n.news.naver.com/mnews/article/023/0003969154?sid=105,IT/반도체,中 주요 반도체 업체 전 분야에서 사상 최대 매출...AI 붐과 칩 자립화 ...,"중국 반도체 업체가 사상 최대 매출을 기록한데다, 칩 자립 전략의 성과로 인해 AI 붐과 글로벌 반도체 수퍼 사이클에 성공적으로 참여했다는 분석이다.",호재,2026-04-06 16:19,20.9,사실형,77.4
https://n.news.naver.com/mnews/article/015/0005271480?sid=105,IT/반도체,엔비디아가 번 돈 수조원씩 베팅…'젠슨 황 AI 제국' 만든다,엔비디아가 AI프런티어랩에 수조원씩 투자하여 AI 제국을 구축 중이다.,호재,2026-04-06 15:56,29.8,사실형,39.6
https://n.news.naver.com/mnews/article/009/0005661782?sid=105,IT/반도체,"“SMR·데이터센터·반도체팹, 건설 기술없이 경쟁력 확보어려워”",반도체와 SMR과 같은 국가전략산업은 안정적이고 정밀한 인프라가 뒷받침되지 않으면 지속적인 경쟁력을 확보하기 어렵다.,호재,2026-04-06 16:42,46.5,사실형,25.1
https://n.news.naver.com/mnews/article/215/0001248056?sid=101,IT/반도체,"크레버스, 퓨리오사AI ‘Renegade 2026 서밋’서 AI 자동평가 엔진 ‘허밍...",크레버스는 퓨리오사AI 'Renegade 2026 서밋'에서 AI 자동평가 엔진 '허밍고(HUMMINGo)'를 시연하며 실사용 가능한 AI 서비스 사례를 제시했다.,호재,2026-04-06 16:11,27.9,사실형,41.3
https://n.news.naver.com/mnews/article/015/0005271474?sid=105,IT/반도체,"백준호 ""터보퀀트가 메모리 효율의 시작…반도체 수요 확대될 것""","백준호 대표는 '터보퀀트' 기술이 메모리 효율화를 위한 시도의 시작이며, 경제성이 확보되면 반도체 수요가 확대될 가능성이 있다.",호재,2026-04-06 15:53,31.3,사실형,53.5
https://n.news.naver.com/mnews/article/011/0004607616?sid=101,IT/반도체,반도체 ‘대학원대학’ 만든다…에이스 인재 年 300명 육성,대만 정부가 반도체 인재를 육성하기 위해 10년간 14조 원을 투입하기로 함,호재,2026-04-06 16:01,13.4,사실형,81.0
https://n.news.naver.com/mnews/article/584/0000037075?sid=105,IT/반도체,"건설연 ""반도체·데이터센터·SMR 등 국가전략산업 인프라 뒷받침""",건설연이 국가전략산업 인프라 뒷받침을 위해 기술 혁신 방향을 공유하고 실행 의지를 결집했다.,호재,2026-04-06 15:47,14.0,사실형,96.2
https://n.news.naver.com/mnews/article/031/0001019896?sid=101,제약/바이오,"롯데바이오, 日 제약사와 항암 신약 CDMO 계약",롯데바이오로직스는 일본 소재 글로벌 제약사와 항암 신약 위탁개발생산 계약을 맺었다.,호재,2026-04-06 14:14,11.7,사실형,66.3
https://n.news.naver.com/mnews/article/421/0008873078?sid=103,제약/바이오,기자 간담회 참석하는 전인석 삼천당제약 대표,삼천당제약 대표가 기자간담회에 참석해 지분매각 철회 경위와 S-PASS 기술 의혹 등 주요 현안에 대한 설명을 하고 있다.,호재,2026-04-06 15:22,15.8,사실형,98.3
https://n.news.naver.com/mnews/article/031/0001019928?sid=101,제약/바이오,"SK바이오사이언스, R&amp;D 지원 조직 정비",SK바이오사이언스는 연구개발(R&D) 실행력을 높이기 위해 마상호 연구지원실장 부사장을 영입했다.,호재,2026-04-06 14:58,14.3,대화형,43.9
https://n.news.naver.com/mnews/article/016/0002539410?sid=101,금융/밸류업,"약세 금융주 ‘다시 밸류업’…5대 금융지주 회장, 해외 투자자 세일즈",금융지주 회장들이 IMF 총회에서 직접 IR를 진행하며 밸류업 의지를 전하는 것으로 보인다.,호재,2025-10-07 08:16,20.2,사실형,62.9
https://n.news.naver.com/mnews/article/417/0001067555?sid=101,금융/밸류업,공매도 재개 첫날 '밸류업' 금융주 흔들… 하나·신한·우리금융 3% 하락,공매도가 재개되면서 금융주가 약 3% 하락했다.,악재,2025-03-31 17:36,35.3,사실형,54.6
https://n.news.naver.com/mnews/article/009/0005500121?sid=101,금융/밸류업,“주주환원 기대되네”…밸류업에 환율 내리자 금융주 ‘화색’,밸류업 정책의 지속과 주주환원율의 우상향으로 금융주가 긍정적인 영향을 받을 것으로 예상된다.,호재,2025-05-28 16:46,30.7,사실형,48.3
https://n.news.naver.com/mnews/article/029/0002977692?sid=101,금융/밸류업,‘밸류업’ 기대 꺾인 금융주… 정부 청구서에 ‘흔들’,금융주가 주주환원 확대 기대가 꺾인 것으로 보인다.,악재,2025-08-25 15:58,24.6,사실형,72.8
https://n.news.naver.com/mnews/article/003/0013876975?sid=105,IT/반도체,"""韓이 CDMA 전세계 처음 상용화했다고?""…성인 2명 중 1명은 ""몰랐다""","1996년 한국이 CDMA를 상용화하여 휴대폰 번호 전성시대가 시작되었고, 디지털 전환으로 통화 품질 저하와 용량 부족 문제를 해결하는 데 큰 역할을 했다.",호재,2026-04-09 10:00,63.7,예측형,39.8
https://n.news.naver.com/mnews/article/119/0003078710?sid=105,IT/반도체,"수출 30% 책임진 'CDMA 신화' 넘어… SKT, 'AI 고속도로'로 제 2도약",SK텔레콤이 30년간의 경쟁력을 위한 'AI 고속도로' 구축을 추진한다.,호재,2026-04-09 10:00,50.7,사실형,76.8
https://n.news.naver.com/mnews/article/030/0003416269?sid=105,IT/반도체,"CDMA 신화 이끈 SKT, 다음 30년은 'AI 네트워크'가 게임체인저",SK텔레콤은 다음 30년을 'AI 네트워크'로 이끌며 제2의 CDMA 신화를 달성하고자 한다.,호재,2026-04-09 10:01,61.2,사실형,71.1
https://n.news.naver.com/mnews/article/293/0000082437?sid=101,IT/반도체,"심텍, AI 검사 자동화 성과…삼성 '우수협력사' 선정",심텍이 삼성전자와 협력하여 AI 기반 검사 자동화 기술을 개발하여 우수협력사로 선정되었습니다.,호재,2026-04-09 09:43,29.8,사실형,56.7
https://n.news.naver.com/mnews/article/018/0006253340?sid=101,IT/반도체,"RF머트리얼즈, AI데이터센터향 설비투자 위한 유증 계획에 5%↑[특징주]",RF머트리얼즈가 AI 데이터센터 향 설비 투자에 280억원 규모의 유상증자를 결정했다.,호재,2026-04-09 09:10,19.7,사실형,41.3
https://n.news.naver.com/mnews/article/018/0006253373?sid=101,IT/반도체,[마켓무버] 美-이란 2주 휴전에 뉴욕증시 ‘리스크 온’ 반등,미국과 이란이 조건부 2주 휴전에 합의했음으로써 글로벌 금융시장이 반등하는 중이다.,호재,2026-04-09 09:31,15.0,사실형,73.0
https://n.news.naver.com/mnews/article/092/0002418030?sid=105,IT/반도체,"앤트로픽, 인프라 책임자에 MS 임원 영입…AI 수요 폭증 대응",앤트로픽이 인공지능(AI) 서비스 수요에 대응하기 위해 인프라 역량을 강화한다.,호재,2026-04-09 09:29,13.3,사실형,62.5
https://n.news.naver.com/mnews/article/081/0003633728?sid=101,IT/반도체,[서울데이터랩]개장 직후 인기 검색 종목 20選,"삼성전자, 개장 직후 인기 검색 종목 1위로 많은 투자자의 관심을 받고 있다.",호재,2026-04-09 09:36,68.6,사실형,83.3
https://n.news.naver.com/mnews/article/277/0005747001?sid=101,IT/반도체,"가장 보수적인 사모펀드, AI 투자에 꽂힌 이유는",사모펀드는 AI 기업에 투자하는 이유는 AI 업체들의 빠른 성장세와 유동성 몰림으로 인해 이익을 크게 거둘 것이라는 기대 때문이다.,호재,2026-04-09 09:32,18.2,사실형,75.5
https://n.news.naver.com/mnews/article/016/0002626997?sid=101,IT/반도체,"중기부, AI·딥테크 ‘차세대 유니콘 펀드’ 본격 시동","중기부, AI·딥테크 '차세대 유니콘 펀드' 운영 계획을 발표했다.",호재,2026-04-09 09:31,14.7,사실형,90.6
https://n.news.naver.com/mnews/article/018/0006253362?sid=105,IT/반도체,"이세돌 ""알파고 대전 후 10년, AI 이해조차 어려운 수준 진화""","이세돌은 10년 전 알파고 대전 후 AI가 이해조차 어려운 수준에 이르렀다고 평가하며, AI를 활용하는 사람과 그렇지 않은 사람의 격차가 벌어지고 있다고 진단했다.",호재,2026-04-09 09:26,38.8,사실형,63.8
https://n.news.naver.com/mnews/article/277/0005746988?sid=105,IT/반도체,안개·야간 뚫는 'AI의 눈'…저비용 적외선 센서 판 바꿨다[과학을읽다...,대구경북과학기술원(DGIST)은 양자점과 2차원 반도체를 결합한 차세대 근적외선 이미지 센서 기술을 개발했다.,호재,2026-04-09 09:23,72.1,예측형,44.7
https://n.news.naver.com/mnews/article/030/0003416240?sid=105,IT/반도체,"가비아, 국산 NPU 기반 클라우드 서비스 출시",가비아가 국내 AI 반도체 기업 리벨리온의 신경망처리장치(NPU) '아톰 맥스' 기반 클라우드 서비스 'NPUaaS'를 출시했다.,호재,2026-04-09 09:26,14.8,사실형,65.8
https://n.news.naver.com/mnews/article/366/0001155406?sid=101,IT/반도체,AI·딥테크 기업에 최대 600억원…‘차세대 유니콘 펀드’ 가동,중소벤처기업부는 '차세대 유니콘 펀드'를 통해 AI·딥테크 기업에 최대 600억원 규모의 성장 자금을 공급할 계획이다.,호재,2026-04-09 09:31,13.6,사실형,90.9
https://n.news.naver.com/mnews/article/047/0002511307?sid=101,2차전지,"오봉옥 금양 소액주주대표 ""80만가족 상폐열차에 올라 벼랑 향해""","오봉옥 금양 소액주주대표가 이재명 대통령에게 공개 탄원서를 보내, 금양의 상장폐기 위기를 '상폐 열차'에 비유하며 주주들의 위기에 호소했다.",호재,2026-04-08 20:06,56.9,사실형,86.8
https://n.news.naver.com/mnews/article/648/0000046104?sid=101,IT/반도체,"삼성전기, '그록3' 기판 납품…퍼스트 벤더 확보","삼성전기는 엔비디아의 차세대 AI 반도체 '베라 루빈'에 들어가는 핵심 기판을 공급하며, 퍼스트 벤더 지위를 확보했다.",호재,2026-04-09 09:09,8.1,사실형,79.9
https://n.news.naver.com/mnews/article/020/0003711017?sid=101,2차전지,전쟁이 앞당긴 태양의 시대: 호르무즈 위기를 피한 나라들 [딥다이브],호르무즈 해협 봉쇄로 파키스탄과 스페인이 재생에너지 전환에 성공하여 에너지 안보를 보장했습니다.,호재,2026-04-09 10:01,28.5,추론형,16.4
https://n.news.naver.com/mnews/article/015/0005272529?sid=102,2차전지,"""최태원 동거인 中간첩설"" 퍼뜨린 '배터리 아저씨' 재판행",유튜버 박순혁이 최태원 SK그룹 회장의 동거인 김희영에 대한 허위 사실을 유포한 혐의로 불구속 기소되었다.,호재,2026-04-08 16:33,27.9,사실형,84.2
https://n.news.naver.com/mnews/article/277/0005746769?sid=101,2차전지,"나신평 ""철강산업, 단기적 업황 전환 가능성 높지 않아""",국내 철강산업이 정책 지원과 중국의 감산 추세에도 부진했던 업황을 단기간에 살리기는 어려울 것이라는 전망이 나왔다.,악재,2026-04-08 17:14,16.9,사실형,84.9
https://n.news.naver.com/mnews/article/092/0002417754?sid=103,2차전지,사업구조 재편에 속도내는 현대모비스…노사 갈등 확대,현대모비스가 사업구조 재편을 위해 노사 갈등을 겪고 있다.,악재,2026-04-07 14:28,21.5,사실형,77.4
https://n.news.naver.com/mnews/article/056/0012156069?sid=100,방산/우주항공,"[더 보다] 질주하는 ‘K-방산’, 세계 4강에 도전하다",한국의 국산 방위산업이 세계 4강에 도전하고 있다.,호재,2026-04-05 23:01,57.7,사실형,72.4
https://n.news.naver.com/mnews/article/018/0006251621?sid=101,방산/우주항공,"전쟁 장기화·탈세계화 맞물린다…“K-방산, 구조적 성장 국면 진입”",K-방산은 전쟁 장기화와 탈세계화 흐름 속에서 구조적 성장 국면에 진입했다는 보고서가 나왔다.,호재,2026-04-07 07:56,11.6,사실형,92.4
https://n.news.naver.com/mnews/article/056/0012156071?sid=100,방산/우주항공,"[더 보다] 질주하는 K-방산, 세계 4강에 도전하다 外","K-방산은 세계적인 관심을 받고 있으며, 높은 성능과 가격 경쟁력, 빠른 납기, 현지화 전략으로 글로벌 무기 시장의 강자로 부상하고 있다.",호재,2026-04-05 22:18,56.7,사실형,74.2
https://n.news.naver.com/mnews/article/079/0004133008?sid=102,방산/우주항공,"2026 이순신방위산업전, 3일간 일정 마무리…K-방산 비전 제시","2026 이순신방위산업전은 3일간의 일정 마무리, 수출상담 80건·MOU 3건 성과를 기록했다.",호재,2026-04-05 21:07,65.0,사실형,76.6
https://n.news.naver.com/mnews/article/117/0003892460?sid=103,금융/밸류업,[창간 20주년] 밸류업 훈풍 올라탄 금융주…상승률 높은 곳은,"정부의 밸류업 정책으로 금융주가 상승하고 있으며, KB금융, 삼성생명, 삼성화재 등이 상승률이 높은 종목으로 주목받고 있다.",호재,2024-11-29 17:44,41.1,사실형,82.3
https://n.news.naver.com/mnews/article/366/0001154444?sid=101,방산/우주항공,"DB證 “LIG넥스원, 중동 리스크 확대로 무기 수요 증가 기대…목표가 12...",DB증권은 LIG넥스원에 대해 중동 전쟁 이후 구조적인 무기 수요 확대가 기대되어 목표 주가를 60만원에서 120만원으로 올려잡았다.,호재,2026-04-06 09:00,8.3,사실형,67.4
https://n.news.naver.com/mnews/article/629/0000488466?sid=101,IT/플랫폼,"사령탑 정비한 네이버웹툰·카카오엔터, 글로벌 시장 '정조준'",네이버웹툰과 카카오엔터테인먼트가 경영진 재정비를 마치고 글로벌 시장 공략에 나선다.,호재,2026-04-06 00:01,46.7,대화형,33.8
https://n.news.naver.com/mnews/article/421/0008871303?sid=105,IT/플랫폼,"5년만에 부활한 네이버 별점…""2점 이하 리뷰 테러 막는다""","네이버가 5년만에 부활시킨 별점 리뷰 시스템은 무분별하게 3점 미만 별점을 주는 행위를 금지하고, 악성 리뷰를 막기 위해 신뢰성과 공정성을 높일 수 있는 정책을 운영할 예정입니다.",호재,2026-04-06 06:40,63.5,사실형,61.3
https://n.news.naver.com/mnews/article/015/0005271469?sid=105,IT/플랫폼,군살 빼는 'AI 기업' 카카오…日 라인야후에 카카오게임즈 경영권 매각,카카오가 게임 계열사 카카오게임즈의 경영권을 라인야후에 매각하며 조직 효율화를 추진한다.,호재,2026-04-06 15:48,28.6,사실형,58.4
https://n.news.naver.com/mnews/article/022/0004119735?sid=101,방산/우주항공,"[경제 단신] 올리브영, 지역 매장 확대 600명 고용 외","CJ올리브영이 비수도권 지역 신규 매장 출점과 리뉴얼, 물류 인프라 강화에 1238억원을 투입하고 600명의 신규 인력을 채용한다.",호재,2026-04-10 05:02,27.6,사실형,92.3
https://n.news.naver.com/mnews/article/421/0008883577?sid=102,IT/반도체,"대전시, 글로벌 과학산업 허브 도약 시동…과학기술 4369억 투자",대전시가 과학기술 인프라를 실질적인 산업 성장으로 연결하기 위한 본격적인 행보에 나섰다.,호재,2026-04-11 10:59,79.8,대화형,24.2
https://n.news.naver.com/mnews/article/293/0000082540?sid=101,IT/반도체,"㈜두산, 전자BG 中 선전 법인 청산 '운영 효율화'",㈜두산이 중국 전자BG 영업 법인을 통합하여 운영 효율화를 통해 전자 소재 시장에 대응하겠다는 의도로 풀이된다.,호재,2026-04-10 15:12,68.1,사실형,81.3
https://n.news.naver.com/mnews/article/119/0003079271?sid=105,IT/반도체,"KAIST, 4월 과학의 달 맞아 ‘KAIST Play World’ 공개",KAIST는 4월 과학의 달을 맞아 'KAIST Play World'라는 대규모 체험형 전시관을 운영한다.,호재,2026-04-10 14:21,76.0,대화형,13.8
https://n.news.naver.com/mnews/article/030/0003416769?sid=105,IT/반도체,"제이스, 반도체 산업 이해부터 정밀 측정까지… 실무형 교육 과정 주목",제이스 교육장에서 반도체 산업 이해부터 정밀 측정까지 실무형 교육 과정 개최,호재,2026-04-10 14:28,38.1,사실형,66.8
https://n.news.naver.com/mnews/article/011/0004609402?sid=101,IT/반도체,“왜 이렇게 비싸졌어?”라고 할 때 그냥 살 걸…부품값 급등에 PC·태블...,"LG전자와 삼성전자 노트북·태블릿 가격이 인상되며, 메모리 반도체 부족으로 인한 PC·태블릿 가격 상승이 스마트폰까지 번질 것이라는 전망이 제기된다.",악재,2026-04-10 15:24,17.5,사실형,85.8
https://n.news.naver.com/mnews/article/018/0006254610?sid=101,IT/반도체,"미래에셋자산운용, TIGER ETF 국내 주식 테마형 25조원 돌파",미래에셋자산운용 'TIGER ETF'가 국내 주식 테마형 상품에서 순자산 규모 25조원을 돌파했다.,호재,2026-04-10 14:18,14.3,사실형,94.1
https://n.news.naver.com/mnews/article/028/0002800180?sid=101,IT/반도체,"아마존, ‘엔비디아 독주’ 인공지능 반도체 시장에 ‘자체칩’ 도전장...",아마존이 자체 개발한 인공지능 반도체 '트라이니움'을 외부 기업들에게 판매할 가능성을 열어뒀다.,호재,2026-04-10 14:28,22.3,사실형,83.5
https://n.news.naver.com/mnews/article/366/0001155927?sid=101,IT/반도체,AI·로봇·바이오·에너지 스타트업 총출동…‘IBK창공’ 데모데이 개최,국내 스타트업들이 IBK창공 데모데이에 참여하여 연구개발 역량을 선보였다.,호재,2026-04-10 15:57,12.6,사실형,93.2
https://n.news.naver.com/mnews/article/023/0003970071?sid=105,IT/반도체,트럼프가 ‘구원투수’ 나선 인텔 살아나나...테슬라 이어 구글과도 협...,"인텔이 구글 클라우드와 CPU 공급 및 IPU 공동 개발을 하기로 하면서, 미 정부의 구원투수로 나선 인텔이 살아나나 보인다.",호재,2026-04-10 14:13,37.7,사실형,81.4
https://n.news.naver.com/mnews/article/366/0001155881?sid=105,IT/반도체,"로이터 “앤트로픽, 자체 AI 칩 개발 검토”","앤트로픽이 자체 AI 칩 개발을 검토 중이며, 이는 전 세계적인 반도체 공급 부족 현상에 대응하기 위한 조치로 해석된다.",호재,2026-04-10 14:21,33.4,사실형,81.1
https://n.news.naver.com/mnews/article/366/0001155866?sid=101,2차전지,"오렉스 “고농도 게르마늄 이온 액 개발·상용화""",오렉스가 고농도 게르마늄 이온 액을 개발하고 상용화할 가능성이 있다.,호재,2026-04-10 13:54,31.7,사실형,97.2
https://n.news.naver.com/mnews/article/015/0005273438?sid=101,IT/반도체,"초호황에 40조 잭팟 예고…""200만닉스 간다"" 역대급 전망 [테크로그]",SK하이닉스가 올해 1분기 실적이 역대급 성적을 기록할 것으로 기대된다.,호재,2026-04-10 14:16,29.8,사실형,61.5
https://n.news.naver.com/mnews/article/437/0000486853?sid=100,IT/반도체,"하정우 “이 대통령 '작업' 발언, 액면 그대로 지시하신대로 봐야""","하정우 청와대 AI미래기획 수석이 이 대통령의 부산 출마에 대한 언급이 없다는 점을 강조하며, 최종 결정은 대통령의 뜻에 따를 것이라고 말했다.",호재,2026-04-10 14:02,49.0,추론형,17.3
https://n.news.naver.com/mnews/article/417/0001138479?sid=101,제약/바이오,"[오늘증시] 5900 찍고 유턴 코스피, 개인 1.2조 매도…환율 1482.5원",코스피와 코스닥이 상승세를 유지하며 장을 마쳤지만 개인 매도량이 높아졌다.,호재,2026-04-10 15:48,59.4,사실형,98.8
https://n.news.naver.com/mnews/article/008/0005342628?sid=101,제약/바이오,코스피 완연한 상승세…휴전 협상 기대에 외인 조단위 순매수,코스피가 미국과 이란의 대면 휴전 협상에 대한 기대감에 완연한 상승세를 보이며 외국인이 1조원 넘게 순매수했다.,호재,2026-04-10 15:55,82.4,사실형,93.2
https://n.news.naver.com/mnews/article/015/0005273477?sid=105,제약/바이오,"1분기에만 20억달러…K바이오의약품, 역대 최대 규모 수출액 달성",우리나라 바이오의약품 수출 규모가 20억달러를 기록하며 역대 최대치를 달성했다.,호재,2026-04-10 15:36,28.8,사실형,54.3
https://n.news.naver.com/mnews/article/018/0006254685?sid=101,제약/바이오,"코스피, 종전 협상 앞두고 1%대 상승…2거래일 만에 5800선 회복[마감]",코스피는 미국과 이란의 종전 협상을 앞두고 1%대 강세로 마감했다.,호재,2026-04-10 16:00,69.3,사실형,92.4
https://n.news.naver.com/mnews/article/366/0001155898?sid=101,제약/바이오,"시지메드텍, 인체조직 은행 인수…바이오 소재 사업 본격화",시지메드텍이 인체조직 은행 인수하여 바이오 소재 사업을 본격화한다.,호재,2026-04-10 14:52,16.9,예측형,27.0
https://n.news.naver.com/mnews/article/366/0001155896?sid=101,제약/바이오,K-바이오의약품 1분기 수출 ‘역대 최대’…20억달러,K-바이오의약품 1분기 수출이 역대 최대 20억달러를 기록했다.,호재,2026-04-10 14:52,28.0,사실형,60.6
https://n.news.naver.com/mnews/article/022/0004119861?sid=101,제약/바이오,"K-바이오 1분기 수출액 20억 달러, 전년比11.1%↑…사상 최대",K-바이오의약품 수출액 20억 달러로 사상 최대치를 기록했다.,호재,2026-04-10 14:04,30.2,사실형,46.6
https://n.news.naver.com/mnews/article/024/0000104697?sid=101,제약/바이오,“기대했는데 왜 이래”…액티브 ETF 한 달 성적표 ‘한숨’,코스닥 액티브 ETF가 상장 한 달 만에 두 자릿수 손실을 내며 혹독한 신고식을 치렀다.,악재,2026-04-10 14:58,24.8,사실형,91.8
https://n.news.naver.com/mnews/article/081/0003634205?sid=101,제약/바이오,D-8 돌입… 바이오 코리아 2026 사전등록 마감 앞두고 열기 고조,"바이오 코리아 2026 사전등록 마감 임박, 업계 관심 집중",호재,2026-04-10 13:44,30.1,사실형,36.9
https://n.news.naver.com/mnews/article/366/0001156192?sid=101,제약/바이오,"“난해한 바이오 공시 손본다”…금감원, 제약·바이오 공시 전면 개편","금감원, 제약·바이오 공시를 전면 개편한다.",호재,2026-04-12 12:01,9.0,사실형,49.2
https://n.news.naver.com/mnews/article/001/0016016012?sid=101,제약/바이오,"""의약품 사재기 안 돼""…제약사들, 중동사태에 과잉주문 제한",제약사들은 중동사태로 인한 과잉주문 제한을 시행한다.,호재,2026-04-12 06:13,35.2,사실형,88.0
https://n.news.naver.com/mnews/article/003/0013882214?sid=101,제약/바이오,"금감원, '바이오 공시' 개선 속도…언론보도 가이드라인 만든다","금융감독원은 제약·바이오 공시 개선 작업을 속도 내고, 투자자가 이해하기 쉽도록 공시를 개편하고 언론보도 가이드라인을 마련할 계획이다.",호재,2026-04-12 12:00,14.6,사실형,72.0
https://n.news.naver.com/mnews/article/018/0006255459?sid=104,제약/바이오,트럼프 관세·중국 굴기에…유럽 제약 왕국 흔들린다,유럽 제약 산업이 미국의 관세 공세와 중국의 바이오테크 굴기에 구조적으로 흔들리고 있다.,호재,2026-04-12 11:36,27.5,사실형,58.2
https://n.news.naver.com/mnews/article/088/0000997042?sid=101,금융/밸류업,"주주환원책 쏟아진다…금융株, 저평가 매력 부각에 '밸류업'",금융주가 실적 개선과 주주환원 기대에 힘입어 급등하고 있으며 주요 금융 지수들이 코스피·코스닥 수익률을 크게 웃도는 등 재평가 기대가 확산되고 있다.,호재,2026-02-13 10:38,40.1,사실형,87.4
https://n.news.naver.com/mnews/article/009/0005636635?sid=101,금융/밸류업,출렁이는 장세 생존법…'한 방'버리고 '밸런스' 맞추세요 [지갑을 불려...,적립식 투자는 변동성을 활용해 평균 매입 단가를 낮추고 심리적 안정감을 유지하는 강력한 관리 전략이다.,호재,2026-02-12 16:02,22.9,사실형,49.7
https://n.news.naver.com/mnews/article/009/0005636842?sid=101,금융/밸류업,'반도체 투톱' 끌고 증권株 밀고 … 또 고점 뚫은 코스피,"코스피 사상 첫 5500선을 돌파하고, 반도체주가 강세를 보이며 증권주가 오르는 등 증시가 활황을 보였다.",호재,2026-02-12 17:55,38.7,사실형,84.3
https://n.news.naver.com/mnews/article/009/0005636950?sid=101,금융/밸류업,‘진격의 코스피’ 1년새 2548→5522…개미 던지자 외국인이 넙죽,코스피는 반도체 훈풍과 정부의 밸류업 정책 기대감에 힘입어 사상 최초로 5500선을 돌파했다.,호재,2026-02-13 06:24,41.4,사실형,87.0
https://n.news.naver.com/mnews/article/081/0003617299?sid=101,금융/밸류업,"‘60조’ KB, 금융지주 첫 시총 돌파","KB금융지주는 시총 60조원 돌파와 함께 PBR 1배 달성, 기업 가치가 주가에 반영되는 대상으로 재평가되기 시작했다.",호재,2026-02-12 05:05,50.8,사실형,94.5
https://n.news.naver.com/mnews/article/009/0005636275?sid=101,금융/밸류업,"KB금융, 은행주 최초 PBR 1배 돌파…만성적 저평가 시대 마침표","KB금융이 은행주 최초로 주가순자산비율(PBR) 1배를 돌파했으며, 이는 이자수익 증가와 배당, 자사주 매입·소각으로 주주환원을 높인 결과로 풀이된다.",호재,2026-02-12 07:24,34.8,사실형,87.2
https://n.news.naver.com/mnews/article/088/0000996730?sid=101,금융/밸류업,"'파죽지세' iM금융 주가, 역대 최고 또 경신…""주당 3만원 간다""",iM금융지주 주가가 역대 최고가를 또 경신하면서 주당 3만원 달성을 목표로 주주환원 정책을 강화할 방침이다.,호재,2026-02-11 18:12,30.8,사실형,93.3
https://n.news.naver.com/mnews/article/020/0003696842?sid=101,금융/밸류업,"KB금융지주, 국내 금융지주 최초로 60조 돌파…다시 주목받는 금융주",KB금융지주는 국내 금융지주 최초로 시가총액 60조 원을 돌파했다.,호재,2026-02-11 16:35,37.8,사실형,86.1
https://n.news.naver.com/mnews/article/009/0005635724?sid=101,금융/밸류업,TCK인베 회장 “FOMO가 지배하는 위험한 시장...업종·시장 리밸런싱 필...,"TCK인베스트먼트 회장 오하드 토포는 현재 시장은 포모(FOMO)가 지배하고 있으며, 일부 업종은 밸류에이션 극단적 수준에 도달했다고 지적했다.",호재,2026-02-11 11:06,33.6,사실형,90.7
https://n.news.naver.com/mnews/article/009/0005636158?sid=101,금융/밸류업,"""배당·자사주소각 통했다""… KB금융, 은행주 최초 PBR 1배 돌파",KB금융이 은행주 최초로 PBR 1배를 돌파하며 주가가 30% 이상 오르면서 주주환원정책의 결실을 거두고 있다.,호재,2026-02-11 17:53,28.8,사실형,88.2
https://n.news.naver.com/mnews/article/011/0004609980?sid=101,방산/우주항공,“천궁Ⅱ좀 빨리 보내줘” 한국에 SOS 보낸 중동…한화·LIG넥스원에 조...,중동 국가들이 미국에 의존하는 무기 조달 구조를 균열시키고 한국의 한화와 LIG넥스원에 천궁Ⅱ를 주문하는 움직임이 보인다.,호재,2026-04-13 09:06,13.3,사실형,89.2
https://n.news.naver.com/mnews/article/008/0005316908?sid=101,금융/밸류업,"코스피 0.3% 오를 때 12% 폭발…""아직도 싸다"" 더 뛴다는 이 업종","코스피가 0.3% 오를 때 4대 금융지주가 12% 폭발, 아직도 싸다""라고 전문가들은 말한다.",호재,2026-02-11 07:00,55.5,사실형,81.9
https://n.news.naver.com/mnews/article/016/0002628438?sid=104,방산/우주항공,"사우디, 韓 천궁Ⅱ 조기 인도 타진…걸프, ‘탈미’ 방공망 재편",사우디아라비아와 아랍에미리트(UAE)가 한국산 중거리 방공체계 '천궁Ⅱ'와 요격미사일을 조기 인도 및 추가 확보에 나선다.,호재,2026-04-13 06:11,21.1,사실형,88.2
https://n.news.naver.com/mnews/article/052/0002339865?sid=104,방산/우주항공,"한국에 ""빨리 달라""...방공망 비상 걸린 사우디 이어 UAE도 SOS [지금이뉴...",중동 국가들이 미국 중심의 무기 조달구조에서 벗어나 한국과 영국 등으로 눈을 돌고 있는 것으로 전해졌습니다.,호재,2026-04-13 08:56,26.3,추론형,6.1
https://n.news.naver.com/mnews/article/005/0001842813?sid=104,방산/우주항공,"‘천궁Ⅱ 좀 빨리, 더 달라’… 한국에 요청한 사우디·UAE",사우디아라비아와 UAE는 한국에 천궁Ⅱ의 인도 일정을 앞당길 수 있는지 타진했다.,호재,2026-04-13 05:46,14.6,사실형,89.9
https://n.news.naver.com/mnews/article/050/0000102217?sid=101,금융/밸류업,"코스피 5000 시대, ‘금융 배당주’를 재발견하다[재무제표 AI 독해]",금융 배당주가 장기적으로 고배당을 약속하며 성장주의 파티가 끝날 때 소외된 가치주의 매력을 보인다.,호재,2026-02-11 08:38,26.8,사실형,54.5
https://n.news.naver.com/mnews/article/088/0001004994?sid=101,방산/우주항공,1조5천억 풍산 탄약사업 매각 결국 무산…단독 입찰 한화에어로스페이...,풍산의 1조5천억원 수준의 탄약사업부 매각이 사실상 무산되었습니다.,악재,2026-04-09 19:10,28.4,사실형,89.9
https://n.news.naver.com/mnews/article/658/0000140639?sid=101,방산/우주항공,美·이란 휴전…전문가들 “코스피 비중 늘릴 때”,코스피가 실적 상승 및 이익 전망 개선에 힘입어 추세 상승을 이어갈 전망이다.,호재,2026-04-09 19:21,9.5,사실형,91.5
https://n.news.naver.com/mnews/article/014/0005505087?sid=100,방산/우주항공,"""절충교역, 수출 확장 물꼬"" 방사청 英 방산기업과 韓 중소기업 매칭","방위사업청은 영국의 MBDA와 국내 중소기업을 잇는 절충교역 사업 설명회를 열어, 국산 부품의 해외 수출 및 기술 협력을 위한 비즈니스 장을 마련했다.",호재,2026-04-09 12:44,32.6,사실형,86.1
https://n.news.naver.com/mnews/article/003/0013879300?sid=105,IT/플랫폼,"""보안 사고 내고 로그 없으면 인증 취소""…정부, IT 대기업 ISMS-P 대수술","정부가 IT 대기업의 정보보호 관리체계 인증기준을 확대하고, 심사 사후 관리를 거부하거나 로그를 보관하지 않는 등 중대한 결함 행위가 있는 기업에 대해 인증을 취소할 방침이다.",호재,2026-04-10 08:00,24.7,사실형,74.1
https://n.news.naver.com/mnews/article/374/0000503470?sid=101,IT/플랫폼,야놀자도 떼어냈다…유통·플랫폼 공룡 '전금업 라이선스' 반납 속출,유통·플랫폼 기업들이 자체 결제 시스템을 유지할 유인이 약화되면서 전금업 라이선스를 반납하는 사례가 속출하고 있습니다.,호재,2026-04-09 17:08,14.8,사실형,49.8
https://n.news.naver.com/mnews/article/056/0012159551?sid=101,IT/플랫폼,“고점에 샀는데 아직도 한숨만”…네카오 주가 미스터리 [잇슈 머니],"네이버와 카카오의 주가가 크게 하락하는 이유는 AI 공포감과 AI 투자 비용 부담, 그리고 경쟁력 부족 때문입니다.",호재,2026-04-10 06:54,69.0,추론형,0.0
https://n.news.naver.com/mnews/article/018/0006254284?sid=101,IT/플랫폼,"온플법, 美 통상 갈등으로 번질라...""공정거래법 보완하자"" 목소리","온플법이 미국의 통상 압박 대상으로 오르면서 입법 동력이 약화되고, 정부와 여당 내부에서도 장기 보류를 고려하고 있다.",호재,2026-04-10 06:32,13.0,사실형,79.7
https://n.news.naver.com/mnews/article/030/0003416298?sid=101,IT/플랫폼,게임에 빠진 인터넷은행…앱테크로 '비이자수익' 확보,인터넷은행들이 앱테크로 수익모델을 확대하고 있다.,호재,2026-04-09 10:28,24.6,사실형,43.4
https://n.news.naver.com/mnews/article/079/0004134737?sid=103,IT/플랫폼,쿠팡 등 온라인플랫폼 비료 광고 및 표시사항 점검 실시,쿠팡 등 온라인 플랫폼에서 비료 광고 및 표시사항을 점검한다.,중립,2026-04-09 11:02,21.2,추론형,0.0
https://n.news.naver.com/mnews/article/092/0002418166?sid=105,IT/플랫폼,"""라이브커머스, 자사몰·버티컬에서도 잘된다...300만원 넘는 제품 판매...",라이브커머스 솔루션이 카테고리별 플랫폼과 브랜드 자사몰에서 활용 가능하다.,중립,2026-04-09 18:39,20.0,사실형,49.8
https://n.news.naver.com/mnews/article/024/0000104674?sid=101,IT/플랫폼,중동에 베팅한 ‘네카오’ 한숨 왜?...믿던 사우디에 발등 찍혔다,네이버가 사우디에 베팅한 사업이 실패로 끝나면서 한숨을 쉬고 있다.,악재,2026-04-09 15:41,23.2,사실형,95.4
https://n.news.naver.com/mnews/article/374/0000503368?sid=101,IT/플랫폼,카드 추월한 선불충전...'간편결제' 네카토 1조 시대 눈앞,"네카토의 1조 시대가 도래하고 있으며, 선불충전금은 고객 충성도를 확인하는 중요한 지표로 여겨지고 있습니다.",호재,2026-04-09 13:35,61.1,추론형,0.0
https://n.news.naver.com/mnews/article/014/0005505447?sid=103,엔터/미디어,"지드래곤 소속사 갤럭시코퍼레이션 대표 ""우리는 테크 마에스트로"" 어떤...","갤럭시코퍼레이션은 AI 글라스와 로봇을 앞세운 '엔터테크 2.0' 비전을 제시하며, 기술 기반 팬 경험 혁신과 플랫폼 비즈니스로의 확장을 본격화한다.",호재,2026-04-09 18:56,39.4,사실형,61.3
https://n.news.naver.com/mnews/article/016/0002627086?sid=103,엔터/미디어,“GD가 매출 80%”…한 해에 2391억 버는 슈퍼 IP 의존도 벗는 갤럭시의...,갤럭시코퍼레이션의 첫 흑자 전환과 지드래곤의 슈퍼 IP 의존도가 줄어든 엔터테크 사업 확대에 대한 발표,호재,2026-04-09 10:46,38.7,사실형,66.3
https://n.news.naver.com/mnews/article/015/0005273267?sid=101,자동차/모빌리티,"""벌써 20만대"" 미국서 '기아 車' 대박 터지더니…'깜짝 전망'","기아가 미국에서 현대자동차를 추월한 것은 하이브리드카 수요가 급증하고 스포티지, 텔루라이드 등 인기 차종의 하이브리드 모델을 발 빠르게 내놓았기 때문이다.",호재,2026-04-10 08:01,13.8,사실형,78.1
https://n.news.naver.com/mnews/article/011/0004609230?sid=101,자동차/모빌리티,"기아, 49조 베팅…2029년 美공장 휴머노이드 로봇·도심 자율주행","기아가 49조 원을 투자해 전동화, 자율주행, 로보틱스 등 미래 사업에 본격 나선다.",호재,2026-04-10 07:18,11.9,사실형,72.1
https://n.news.naver.com/mnews/article/008/0005342379?sid=101,자동차/모빌리티,현대차 전기차 67%에 탑재된 SK온 배터리..실적 개선 청신호,"현대차가 전기차 시장에서 큰 점유율을 차지하고 있으며, SK온 배터리의 실적 개선으로 청신호를 보인다.",호재,2026-04-10 05:50,13.6,사실형,56.3
https://n.news.naver.com/mnews/article/366/0001155722?sid=103,자동차/모빌리티,"BYD는 전 세계에 파는데… 미국 비중 30%나 되는 현대차, 다변화 통할까",현대차와 기아가 미국 관세 영향과 전기차 둔화로 1분기 재무적 타격을 입을 것이라고 예상된다.,악재,2026-04-10 06:01,24.8,사실형,97.6
https://n.news.naver.com/mnews/article/648/0000046160?sid=101,IT/반도체,[ETF워치]코스피 6000 탈환 눈앞…ETF 400조 시대 '초읽기',"코스피가 회복세를 보이며 6000포인트를 넘보고 있는 가운데, ETF 시장도 활기를 띠고 있으며 400조원 시대를 눈앞에 두고 있습니다.",호재,2026-04-11 09:00,37.0,추론형,0.1
https://n.news.naver.com/mnews/article/020/0003711569?sid=101,IT/반도체,‘데이터 센터’ 막으려 총질까지…“전기료-소음 못 참아”[딥다이브...,미국에서 데이터센터 반대 여론이 심각해 정치권이 데이터센터 건설을 막아 세우려는 움직임을 보인다.,호재,2026-04-11 10:01,63.2,추론형,4.5
https://n.news.naver.com/mnews/article/138/0002224110?sid=105,IT/반도체,"""삼성 결국 자리 내줬다""…애플, 1Q 글로벌 스마트폰 점유율 1위 등극","애플이 1Q 글로벌 스마트폰 점유율 1위 등극, 삼성은 질적 성장 과도기",호재,2026-04-11 07:03,40.3,사실형,66.3
https://n.news.naver.com/mnews/article/119/0003079441?sid=101,IT/반도체,"12조 상속세 마침표 찍은 이재용, 실리콘밸리서 ‘AX 속도전’ 구광모 ...","이재용 삼성전자 회장이 12조 원 상속세를 마무리하고, 구광모 LG그룹 회장이 실리콘밸리에서 AI 관련 사업을 본격화했다.",호재,2026-04-11 07:00,27.9,사실형,92.0
https://n.news.naver.com/mnews/article/016/0002627662?sid=101,2차전지,반도체 ‘슈퍼사이클 온기’ 중견·중소기업에 퍼진다… 실적 기대감 ‘...,"반도체 시장의 '슈퍼사이클'이 중견·중소기업까지 확산되며, 한미반도체 등에 실적 기대감이 높아지고 있다.",호재,2026-04-10 10:19,13.7,사실형,81.0
https://n.news.naver.com/mnews/article/024/0000104717?sid=101,2차전지,석화·車부품·2차전지 ‘불면의 밤’ 왜?,"미국 이스라엘-이란 전쟁 여파로 금리 인상 우려가 커지면서 석유화학, 2차전지 등 고금리 민감도 높은 업종에 긴장감이 팽배하다.",호재,2026-04-10 21:01,32.2,사실형,79.7
https://n.news.naver.com/mnews/article/008/0005343095?sid=101,제약/바이오,"""호재야 악재야"" 외계어에 피보는 개미들…제약·바이오 공시 손본다",금융감독원이 제약·바이오업종 공시제도를 전면개편하여 일반투자자가 이해하기 쉽게 하기 위해 노력하고 있다.,호재,2026-04-13 04:00,22.6,사실형,49.4
https://n.news.naver.com/mnews/article/023/0003970373?sid=100,제약/바이오,"[에디터의 Q] “美, 이란 전쟁에서 군사기술 혁신 진전시켜… 중국은 결...","미국은 이란 전쟁에서 군사 혁신과 실전 경험을 보이며, 핵심 기술에서도 비슷한 양상을 보이고 있다.",호재,2026-04-12 23:32,10.2,사실형,96.1
https://n.news.naver.com/mnews/article/018/0006255899?sid=101,제약/바이오,"""종전 협상 결렬은 저점 매수 기회""…코스피 PER 7배 초반으로 저렴해져","종전 협상 결렬은 저점 매수 기회로 보이며, 2차전지, 인터넷, 제약·바이오 등 부문에 관심을 기울일 것을 권고했다.",호재,2026-04-13 07:52,18.1,사실형,49.9
https://n.news.naver.com/mnews/article/020/0003711705?sid=101,제약/바이오,제2 ‘삼천당제약 사태’ 없게… 제약-바이오 ‘깜깜이 공시’ 손본다,제약·바이오 기업 공시 내용이 개인투자자가 이해하기 쉽게 개편될 예정이다.,호재,2026-04-13 00:31,12.8,사실형,46.9
https://n.news.naver.com/mnews/article/123/0002381196?sid=101,제약/바이오,금주 한국은행 및 금융당국(금융위·금감원) 주요 일정,"금융감독원, 제약·바이오 공시 개선 TF 출범하고 불법 핀플루언서를 파헤치기로 함",호재,2026-04-13 06:28,19.9,사실형,75.3
https://n.news.naver.com/mnews/article/023/0003970426?sid=102,제약/바이오,"제약사들, 의약품 사재기 못하게 주문량 제한",제약사들이 의약품 사재기를 막기 위해 주문량을 제한하는 조치를 취한다.,호재,2026-04-13 00:45,24.3,사실형,37.6
https://n.news.naver.com/mnews/article/003/0013882729?sid=102,제약/바이오,"신약 개발 맞잡은 두 손…""생태계 키우고 환자 살린다""[같이의 가치]",대형 제약바이오 기업이 기술 개발에 성공하면 공중보건에도 혜택이 돌아간다.,호재,2026-04-13 01:01,38.9,예측형,48.1
https://n.news.naver.com/mnews/article/008/0005343093?sid=102,제약/바이오,머니투데이 오프라인 헤드라인-13일,"코스피가 외인 투자자가 돌아와 상승했지만, 지정학 리스크와 전쟁 리스크가 계속되는 등 여러 변수가 존재한다.",중립,2026-04-13 04:00,32.2,사실형,84.9
https://n.news.naver.com/mnews/article/003/0013882821?sid=102,제약/바이오,"""중국 CDMO 고속 성장""…더 거세진 글로벌 수주 경쟁",이노벤트가 글로벌 파트너십을 통해 CDMO 사업을 확장할 계획이다.,호재,2026-04-13 07:01,24.3,대화형,71.1
https://n.news.naver.com/mnews/article/023/0003970390?sid=101,제약/바이오,"삼천당 논란에… 금감원, 난해한 제약·바이오 공시 손 본다","금융감독원, 제약·바이오 공시 내용을 일반 투자자가 이해하기 쉬운 방식으로 개선한다.",호재,2026-04-13 00:32,7.7,사실형,93.5
https://n.news.naver.com/mnews/article/366/0001156294?sid=101,제약/바이오,[K-신약 혁신가들]② 난청 치료 신약 도전 뉴라클사이언스 “2만 유전자...,한국 바이오기업 뉴라클사이언스가 난청 치료제 개발에 도전장을 냈다.,호재,2026-04-13 06:03,35.0,예측형,70.9
https://n.news.naver.com/mnews/article/011/0004609932?sid=101,제약/바이오,"“외부 파트너사 협력 넘어 자체 역량 강화”…K바이오, AI 전담 조직·플...",K바이오가 AI 전담 조직과 자체 플랫폼을 구축하여 제약 바이오 기업들의 AI 기반 구축을 가속화할 것이라고 전망된다.,호재,2026-04-13 07:00,15.2,사실형,49.7
https://n.news.naver.com/mnews/article/018/0006255833?sid=101,제약/바이오,"'2900억 밸류' 아델, 본격 IPO 도전 재점화 [바이오 다크호스 펀딩]",아델이 약 490억원 규모의 상장 전 지분투자 라운드를 성료해 화제다.,호재,2026-04-12 22:20,12.6,사실형,95.4
https://n.news.naver.com/mnews/article/243/0000096215?sid=101,제약/바이오,"‘초기 흥행’ 코스닥 액티브 ETF 수익률은 부진, 공시 구조 한계 부각",코스닥 액티브 ETF는 초기 흥행에도 불구하고 3월 말부터 4월 초까지 수익률이 부진했다.,악재,2026-04-13 06:31,30.0,사실형,97.6
https://n.news.naver.com/mnews/article/469/0000924821?sid=100,방산/우주항공,"미·러, 직접 충돌 없이 이익 주고받아… 냉전 세력 균형과 딴판인 ‘전...",미국과 러시아는 전쟁을 통해 국익을 추구하는 '외교적 수단'으로 사용하고 있다.,호재,2026-04-11 09:00,23.6,사실형,56.7
https://n.news.naver.com/mnews/article/021/0002783781?sid=101,방산/우주항공,"풍산, 탄약사업 매각 중단… 한화 단독입찰 후 돌연철회",풍산이 한화에어로스페이스와의 탄약사업 매각을 중단했다.,악재,2026-04-10 11:48,38.0,사실형,89.9
https://n.news.naver.com/mnews/article/003/0013880950?sid=104,방산/우주항공,"젤렌스키 ""우크라군 228명 중동 여러 국가들에서 이란 드론 격추 도와""",우크라이나 대통령 젤렌스키는 우크라이나군이 중동 국가에서 이란의 샤헤드 드론을 격추한 사실을 밝혔다.,호재,2026-04-10 16:59,11.5,사실형,99.1
https://n.news.naver.com/mnews/article/024/0000104723?sid=101,방산/우주항공,전쟁 끝나면 방산주도 끝?...“군비 경쟁 확대될 것”,전쟁 종전 이후 중동 국가의 군비 지출이 확대될 가능성이 높아 한국 방산 기업의 수혜가 기대된다.,호재,2026-04-11 09:01,12.1,사실형,98.1
https://n.news.naver.com/mnews/article/011/0004609394?sid=101,방산/우주항공,"한화에어로, K9 자주포 수출 14조 원 돌파…서방 표준 노린다",한화에어로스페이스의 K9 자주포 수출액이 14조 원을 돌파했다.,호재,2026-04-10 15:04,9.9,사실형,96.2
https://n.news.naver.com/mnews/article/293/0000082529?sid=101,방산/우주항공,"[풍산 방산사업 인수전]④ 한화, K9+탄약 '수직계열화' 마침표 찍나",한화에어로스페이스가 풍산 탄약사업부를 인수하면 지상 무기 체계의 수직계열화가 가능해져 가격 경쟁력을 확보하고 공급망 리스크를 원천 차단할 수 있다.,호재,2026-04-10 13:41,55.2,사실형,44.5
https://n.news.naver.com/mnews/article/030/0003416754?sid=101,방산/우주항공,"[ET특징주] 한화에어로, 풍산 탄약사업부 인수 검토 중단…풍산홀딩스 ...",한화에어로스페이스가 풍산 탄약사업부 인수를 검토 중단함에 따라 풍산홀딩스 주가는 급락했다.,악재,2026-04-10 13:34,22.1,사실형,83.8
https://n.news.naver.com/mnews/article/243/0000096117?sid=101,방산/우주항공,"한화에어로 ""풍산 방산 인수 안 한다""…풍산홀딩스 '급락'",한화에어로스페이스가 풍산 방산 부문 인수를 중단했다는 소식에 풍산홀딩스 주가가 급락하고 있다.,호재,2026-04-10 10:51,36.2,사실형,96.0
https://n.news.naver.com/mnews/article/277/0005747659?sid=101,방산/우주항공,"풍산, 탄약사업부 매각 중단 의사에 한화 측 당혹",한화에어로스페이스가 추진하던 풍산 탄약사업부 인수가 무산되었습니다.,악재,2026-04-10 10:23,38.7,사실형,95.2
https://n.news.naver.com/mnews/article/016/0002627645?sid=101,방산/우주항공,한화·풍산 ‘방산 빅딜’ 돌연 중단…왜? [비즈360],한화에어로스페이스의 풍산 방산 부문 인수 절차가 중단되었습니다.,악재,2026-04-10 10:02,31.2,사실형,79.9
https://n.news.naver.com/mnews/article/014/0005505611?sid=100,방산/우주항공,"북유럽 혹한 뚫은 K9 자주포, 핀란드와 9400억 규모 2차 수출 계약",K9 자주포가 핀란드와 9400억 규모의 2차 수출 계약을 체결했다.,호재,2026-04-10 09:39,22.4,사실형,96.3
https://n.news.naver.com/mnews/article/031/0001021201?sid=101,방산/우주항공,"한화에어로, 핀란드에 K9 자주포 추가 공급⋯9400억원 규모","한화에어로스페이스가 핀란드에 K9 자주포 추가 공급, 9400억원 규모의 계약 체결",호재,2026-04-10 10:08,20.9,사실형,97.8
https://n.news.naver.com/mnews/article/092/0002418215?sid=103,자동차/모빌리티,오디오 명가인 줄 알았는데…SDV 전장판 흔드는 하만',"하만코리아가 중국 전기차 업체 차량에 SDV 기술을 적용하고, 글로벌 완성차 업체 및 국내 완성차 업체와 협력 확대 추진 중이다.",호재,2026-04-10 10:31,24.3,사실형,96.0
https://n.news.naver.com/mnews/article/018/0006254477?sid=103,자동차/모빌리티,기아 '인베스터 데이'에 AVP본부·BD 총출동…중장기 미래 전략 제시,기아가 하이브리드차와 전기차를 아우르는 친환경차 풀라인업을 구축하고 5년간 49조원을 투입해 모빌리티 전환을 위한 중장기 미래 전략을 제시했다.,호재,2026-04-10 10:21,24.4,사실형,97.2
https://n.news.naver.com/mnews/article/009/0005659181?sid=103,자동차/모빌리티,"“새 고객 환영해요”…현대차그룹, 전기차 ‘웰컴 199원’ 충전 프로모...",현대차그룹이 전기차 신규 출고 고객을 대상으로 '웰컴 199원' 충전 요금 프로모션을 진행한다.,호재,2026-04-01 09:22,17.1,사실형,84.6
https://n.news.naver.com/mnews/article/366/0001153491?sid=103,자동차/모빌리티,기아 역대 1분기 최다 판매에 중견 3사도 성장… 현대차는 주춤,"기아가 전기차 호조에 힘입어 역대 1분기 중 최다 판매량을 기록했고, 현대차는 지정학적 리스크 확대로 내수와 해외 모두 3월 판매량이 감소했다.",호재,2026-04-01 18:05,25.0,사실형,97.3
https://n.news.naver.com/mnews/article/020/0003709332?sid=103,자동차/모빌리티,"美 픽업트럭 시장 공략나선 현대차, 콘셉트카 ‘볼더’ 공개","현대차그룹은 미국 시장 공략 강화를 위해 픽업트럭부터 전기차, 하이브리드, 프리미엄 모델까지 신규 콘셉트카와 신차를 대거 공개했다.",호재,2026-04-02 16:32,21.3,사실형,76.8
https://n.news.naver.com/mnews/article/016/0002621009?sid=101,자동차/모빌리티,“기름값 때문에 안되겠어” 2월 국내 전기차 신규등록 역대 최다,올해 2월 국내 전기차 신규 등록 대수가 3만5693대를 기록하며 역대 최다를 기록했다.,호재,2026-03-29 09:34,28.6,사실형,73.5
https://n.news.naver.com/mnews/article/029/0003019593?sid=101,자동차/모빌리티,"현대차·기아, 美서 1분기 최대 실적…SUV·친환경차 견인",현대차와 기아가 미국 시장에서 1분기 최대 실적을 기록하며 SUV와 친환경차 수요가 견인했다.,호재,2026-04-02 14:04,5.8,사실형,96.4
https://n.news.naver.com/mnews/article/023/0003967547?sid=101,자동차/모빌리티,보조금 늘고 값 내리니… 전기차 판매 불 붙었다,"전기차 판매가 비수기인 2월에 역대 최대를 기록했으며, 보조금 제도 개편과 가격 인하 경쟁이 주요 원인으로 작년 2월 대비 172% 급증했다.",호재,2026-03-30 00:35,18.1,사실형,74.3
https://n.news.naver.com/mnews/article/629/0000487556?sid=103,자동차/모빌리티,"현대차·기아, 3월 판매량 64만4613대…전년比 0.2%↓",현대차·기아의 3월 판매량이 전년 동월 대비 0.2% 감소한 64만4613대를 기록했다.,호재,2026-04-01 17:56,21.0,사실형,81.8
https://n.news.naver.com/mnews/article/001/0015987850?sid=101,자동차/모빌리티,2월 국내 전기차 신규등록 역대 최다…이란전쟁에 강세 이어질듯,올해 2월 국내 전기차 신규 등록 대수가 3만5천693대로 처음으로 3만대 넘어 역대 최다를 기록했다.,호재,2026-03-29 09:12,33.4,사실형,98.2
https://n.news.naver.com/mnews/article/003/0013861643?sid=101,자동차/모빌리티,미래차 드라이브 건 현대차…한진칼은 '지배구조' 강조 [2026주총결산②...,"현대차그룹은 미래차에 대한 로드맵을 공개하고, 2030년까지 북미 시장에 현대차 브랜드 신차 36종을 출시할 계획을 발표했다.",호재,2026-04-02 06:30,8.6,사실형,94.5
https://n.news.naver.com/mnews/article/092/0002417181?sid=103,자동차/모빌리티,"고유가 시대, 전기차·하이브리드 내수 급증…전동화 급물살",전기차와 하이브리드 중심으로 재편되는 국내 자동차 시장에서 기아와 현대차가 전동화 전략에 성공했다.,호재,2026-04-01 18:30,44.9,사실형,94.7
https://n.news.naver.com/mnews/article/081/0003632072?sid=101,자동차/모빌리티,현대차 ‘픽업의 성지’ 북미 공략…뉴욕에서 콘셉트카 ‘볼더’ 공개,현대차는 미국 뉴욕에서 차세대 픽업트럭 비전을 공개하며 북미 시장에 최적화한 라인업을 대거 선보였다.,호재,2026-04-03 05:11,16.6,사실형,75.6
https://n.news.naver.com/mnews/article/081/0003631958?sid=101,자동차/모빌리티,"현대차, ‘픽업의 성지’ 북미 공략…뉴욕에서 콘셉트카 ‘볼더’ 공개",현대차그룹은 미국 뉴욕에서 차세대 픽업트럭 비전을 공개하는 등 북미 시장에 최적화한 라인업을 대거 선보였다.,호재,2026-04-02 18:44,16.9,사실형,86.4
https://n.news.naver.com/mnews/article/008/0005339090?sid=101,자동차/모빌리티,현대차·기아 픽업트럭·SUV 신차로 美시장점유율 끌어올린다,현대차와 기아가 미국 고객들의 선호도가 높은 픽업트럭과 SUV로 신차 라인업을 강화해 시장 점유율을 끌어올린다는 전략을 발표했다.,호재,2026-04-02 16:20,18.6,사실형,67.9
https://n.news.naver.com/mnews/article/015/0005269303?sid=101,자동차/모빌리티,[단독] 현대차그룹 '배터리 이원화' 승부수…가성비 전기차로 中 잡는다,현대차그룹이 중저가 배터리 도입을 통해 중국 전기차와 경쟁할 계획을 발표했다.,호재,2026-03-31 17:44,36.1,사실형,68.9
https://n.news.naver.com/mnews/article/215/0001247412?sid=101,자동차/모빌리티,"현대차 ""전기차 사면 초고속 충전 ㎾h당 199원에""",현대차그룹은 전기차 신규 출고 고객을 대상으로 '웰컴 199원' 초고속 충전 요금 프로모션을 2026년 4월부터 7월까지 시행한다.,호재,2026-04-01 10:00,15.9,사실형,72.7
https://n.news.naver.com/mnews/article/079/0004130249?sid=103,자동차/모빌리티,"지난달 전기차 신규 등록 3만 5693대로, 역대 최다 기록","전기차 신규 등록이 역대 최다 기록을 달성했으며, 중동 전쟁 장기화로 전기차 선호가 지속될 전망이다.",호재,2026-03-29 12:59,51.2,사실형,74.1
https://n.news.naver.com/mnews/article/030/0003413937?sid=103,자동차/모빌리티,"현대차·기아, '2026 뉴욕 국제 오토쇼' 참가...픽업 '볼더' 콘셉트 등 공...","현대차와 기아가 2026 뉴욕 국제 오토쇼에서 콘셉트 모델 '볼더'와 셀토스, EV3 등을 공개했다.",호재,2026-04-02 10:36,15.1,사실형,98.6
https://n.news.naver.com/mnews/article/008/0005338547?sid=101,자동차/모빌리티,"""보조금에 살아난 수요""…현대차·기아 1분기 판매실적 전기차로 선방","현대차와 기아의 1분기 판매실적이 전기차로 선방했으며, 전기차 판매량이 크게 늘어났습니다.",호재,2026-04-01 17:36,17.7,사실형,86.2
https://n.news.naver.com/mnews/article/016/0002623363?sid=101,자동차/모빌리티,"현대차·기아, 美서 1분기 역대 최다 판매…무뇨스 사장 “58개 신차로 ...",현대차와 기아가 1분기 미국 시장에서 역대 최다 판매 기록을 달성했다.,호재,2026-04-02 07:52,14.4,사실형,93.9
https://n.news.naver.com/mnews/article/022/0004116629?sid=101,자동차/모빌리티,"현대차·기아, 공장 가동률 2년새 10%P ‘뚝’",현대차와 기아의 합산 공장 가동률이 2년 새 10%포인트 떨어진 것으로 나타났습니다.,호재,2026-03-30 06:04,21.9,사실형,94.9
https://n.news.naver.com/mnews/article/215/0001247745?sid=101,자동차/모빌리티,고유가 시대 전기차 수요 급증…월 10만원 대로 이용,"고유가로 전기차 판매량이 급증하고 있으며, 금융사들의 저금리 상품은 소비자들의 부담을 완화하고 있다.",호재,2026-04-03 09:21,23.7,사실형,76.8
https://n.news.naver.com/mnews/article/374/0000500891?sid=101,자동차/모빌리티,'캐즘 끝났나'…전기차 등록 월 3.5만대 역대 최다,올해 2월 국내 전기차 신규 등록 대수가 역대 최다인 3만 5693대를 기록했다.,호재,2026-03-29 09:36,47.1,추론형,20
https://n.news.naver.com/mnews/article/081/0003630284?sid=101,자동차/모빌리티,2월 국내 전기차 신규등록 역대 최다…이란 전쟁에 강세 이어질듯,"2월 국내 전기차 신규등록이 역대 최다를 기록했으며, 이란 전쟁에 따른 유가 상승에 따라 전기차 강세가 계속될 전망이다.",호재,2026-03-29 15:02,53.6,사실형,87.0
https://n.news.naver.com/mnews/article/366/0001153452?sid=103,자동차/모빌리티,4월 車 구매 혜택… 전기차 할인에 유류비 특별지원까지,4월 국내 완성차 업계가 전기차와 인기 차종을 대상으로 할인 혜택을 발표했다.,호재,2026-04-01 16:47,23.3,사실형,78.5
https://n.news.naver.com/mnews/article/001/0015987804?sid=101,자동차/모빌리티,현대차·기아 공장 가동률 2년새 10%p↓…관세·전기차 캐즘 영향,현대차와 기아의 합산 공장 가동률이 2년 새 10%포인트 떨어진 것으로 나타났습니다.,악재,2026-03-29 08:00,19.5,사실형,93.6
https://n.news.naver.com/mnews/article/018/0006247078?sid=103,자동차/모빌리티,"현대차그룹, 새 전기차 고객 충전 kWh당 199원 프로모션",현대차그룹이 전기차 구매 심리를 완화하고 신규 고객의 초기 부담을 줄이기 위한 '웰컴 199원' 충전 요금 프로모션을 시행한다.,호재,2026-04-01 09:22,21.9,사실형,65.5
https://n.news.naver.com/mnews/article/014/0005500850?sid=101,자동차/모빌리티,"현대차그룹, 신규 전기차 고객 '충전요금 지원' 프로모션 실시",현대차그룹이 신규 전기차 고객을 대상으로 E-pit 초고속 충전 요금을 kWh당 199원에 제공하는 프로모션을 시행한다.,호재,2026-04-01 12:35,21.4,사실형,56.2
https://n.news.naver.com/mnews/article/123/0002380607?sid=101,자동차/모빌리티,현대차 1분기 판매량 2.6% 줄어 '주춤'…기아는 '역대 최다',"현대차는 1분기 판매량 2.6% 줄어 '주춤'했지만, 기아는 역대 최다 판매 실적을 달성했다.",호재,2026-04-02 07:02,13.4,사실형,92.8
https://n.news.naver.com/mnews/article/001/0015996661?sid=101,자동차/모빌리티,완성차 5사 3월 판매 71.5만대…이란전쟁에도 현대차 제외 반등,"완성차 5사 3월 판매량이 전년 동월 대비 1.4% 증가했으며, 이란 전쟁 여파에도 현대차를 제외한 나머지 4개 업체가 판매량을 늘렸다.",호재,2026-04-01 17:55,39.7,사실형,93.6
https://n.news.naver.com/mnews/article/009/0005661147?sid=101,방산/우주항공,"LIG D&amp;A, 정지궤도급 위성 주도…지상·해상 넘어 우주서도 K방산 입지 ...","LIG D&A는 정밀 유도무기, 감시정찰, 지휘통제·통신, 항공전자·전자전 등 육해공 전 분야에서 첨단 무기체계를 개발·양산해온 자주국방 역사의 산증인이다.",호재,2026-04-05 16:06,40.8,사실형,75.65637079626322
https://n.news.naver.com/mnews/article/016/0002615618?sid=101,IT/플랫폼,"나이스디앤비, K-웹툰 글로벌 플랫폼 만든다",나이스디앤비가 K-웹툰 글로벌 플랫폼을 구축하여 국내 대형 플랫폼에 의존하는 좁은 문을 넓히고 창작자와 수요자를 직접 잇는 새로운 생태계를 만들 계획이다.,호재,2026-03-18 12:33,27.3,사실형,77.10002958774567
https://n.news.naver.com/mnews/article/079/0004125751?sid=102,IT/플랫폼,"네이버웹툰 ""창작자 수익 4조1500억""…700억 추가 투자",네이버웹툰이 최근 5년간 창작자에게 지급한 누적 수익이 4조1500억원을 돌파했다고 밝혔다.,호재,2026-03-17 14:57,42.2,사실형,71.84928590477284
https://n.news.naver.com/mnews/article/015/0005270958?sid=103,자동차/모빌리티,현대차 '아이오닉6 N' 결국 일냈다…'포르쉐까지 잡을 줄은',현대차그룹의 아이오닉6 N이 '2026 월드카 어워즈'에서 '세계 올해의 고성능 자동차' 부문 최고상을 수상했다.,호재,2026-04-05 09:01,24.9,사실형,82.26198335178196
https://n.news.naver.com/mnews/article/011/0004607167?sid=101,자동차/모빌리티,"“현대차·기아, 이제 포르쉐랑 동급” 이 말 진짜?…‘아이오닉6 N’ 대...",현대차그룹의 아이오닉6 N이 월드카 어워즈 '세계 올해의 고성능 자동차' 부문에서 최고상을 수상했다.,호재,2026-04-05 14:41,20.2,사실형,74.23074087128043
https://n.news.naver.com/mnews/article/016/0002624917?sid=101,자동차/모빌리티,"현대차 ‘아이오닉 6 N’, 포르쉐·맥라렌·BMW 주름잡던 무대서 주인공...",현대차그룹의 전기차 전용 플랫폼 E-GMP를 기반으로 한 아이오닉 6 N이 2026 월드카 어워즈에서 고성능 차 부문 '최고상'을 수상했다.,호재,2026-04-05 18:43,30.8,사실형,73.69358986616135
https://n.news.naver.com/mnews/article/030/0003414650?sid=103,자동차/모빌리티,"“포르쉐·아우디·BMW 비켜”...현대차, 고성능차 시장 '지각변동'","현대차그룹이 포르쉐, 아우디, BMW와 같은 프리미엄 브랜드가 주도하던 고성능차 시장에 지각변동을 일으키고 있다.",호재,2026-04-05 11:17,29.4,사실형,65.21409451961517
https://n.news.naver.com/mnews/article/003/0013867874?sid=101,자동차/모빌리티,"현대차 아이오닉 6 N, 월드카 어워즈 석권…""고성능차 게임 체인저""",현대차 아이오닉 6 N이 월드카 어워즈에서 세계 올해의 고성능 자동차 부문에서 석권하며 고성능차 게임 체인저로 부상하고 있다.,호재,2026-04-05 11:37,30.6,사실형,90.57579398155212
https://n.news.naver.com/mnews/article/008/0004906502?sid=101,엔터/미디어,JYP·SM 팔고 대신 사들인 주식…기관이 이끈 '퀸카' '킹카',엔터테인먼트 업계 중소형 주식이 기관의 순매수로 인해 상승세를 보이고 있다.,호재,2023-07-01 08:30,38.3,사실형,70.0
https://n.news.naver.com/mnews/article/008/0004326017?sid=101,엔터/미디어,엔터 삼총사 2020 키워드…에스엠·JYP '실적'·YG '내실',엔터 삼총사 2020년 신인 아티스트 데뷔로 실적을 기대한다.,호재,2019-12-17 10:24,60.6,사실형,52.8
https://n.news.naver.com/mnews/article/008/0004464217?sid=101,엔터/미디어,"방탄, 빌보드 싱글 1위 새 역사…엔터주 3社 설레는 이유","방탄소년단의 빌보드 싱글 1위 소식에 엔터주가 동반 강세를 보이며, 빅히트엔터테인먼트 상장에 따른 기업 가치 재평가가 예상된다.",호재,2020-09-01 10:22,57.2,사실형,58.2
https://n.news.naver.com/mnews/article/023/0003621910?sid=101,엔터/미디어,"“브라보 K팝” 엔터株 4형제, 기립 박수","BTS의 신곡 '버터'가 4주 연속 빌보드 1위에 오르며 하이브의 주가와 시가총액이 급등하는 가운데, 엔터테인먼트 4대 천왕의 주식이 모두 상승세를 이어가고 있다.",호재,2021-06-23 21:07,51.7,사실형,80.7
https://n.news.naver.com/mnews/article/215/0000975678?sid=101,엔터/미디어,"K팝, 온라인 영토 확장…""디지털 음악 제국 건설"" [이슈플러스]","K팝 4.0 시대가 시작되며, 온라인 영토 확장과 디지털 음악 제국 건설이 이뤄지고 있습니다.",호재,2021-08-02 17:24,39.1,추론형,0.0
https://n.news.naver.com/mnews/article/277/0005274959?sid=101,엔터/미디어,[실전재테크]내부 경쟁으로 단련된 K팝…글로벌 엔터산업 호령,K팝의 인기가 전 세계로 확산하면서 국내 엔터테인먼트 회사의 주가도 고공행진 중이다.,호재,2023-06-20 10:10,9.7,사실형,60.0
https://n.news.naver.com/mnews/article/015/0005273700?sid=101,IT/반도체,"삼성전자, 중국 사업 구조조정 시작하나…""반도체 분야 집중"" 전망","삼성전자, 중국 사업 구조조정 시작하나... 반도체 분야 집중 전망",호재,2026-04-11 16:43,41.1,사실형,79.0
https://n.news.naver.com/mnews/article/009/0005664429?sid=101,IT/반도체,“반도체 수퍼사이클 안 믿는다”...개인 9조원 매도 폭탄,반도체 수퍼사이클을 믿지 않는 개인이 9조원 매도 폭탄을 날렸다.,악재,2026-04-11 12:58,20.3,사실형,97.0
https://n.news.naver.com/mnews/article/092/0002418320?sid=105,IT/반도체,"[AI는 지금] 엔비디아, GPU 시장서 86% 독주 가능한 까닭은",엔비디아가 GPU 시장에서 86%의 독주 가능성을 이유는 전용 컴파일러 고도화와 거대언어모델 추론 소프트웨어 최적화에 집중하는 국내 AI 반도체 기업들의 노력 때문이다.,호재,2026-04-11 13:13,26.1,사실형,87.3
https://n.news.naver.com/mnews/article/243/0000096152?sid=101,IT/반도체,"새 역사 쓴 삼성전자…""내년 엔비디아 넘어 세계 1위""",삼성전자가 내년 엔비디아를 넘어 세계 1위가 될 가능성이 높아졌다.,호재,2026-04-11 08:35,16.4,사실형,96.5
https://n.news.naver.com/mnews/article/092/0002418318?sid=105,IT/반도체,메모리 품귀 '장기화' 진입… 韓 팹리스 수급난 고조,메모리 품귀 현상이 장기화 될 것이라는 전망이 나온다.,호재,2026-04-11 10:06,53.4,사실형,96.7
https://n.news.naver.com/mnews/article/029/0003021023?sid=100,IT/반도체,"“법률기술자 대신 반도체 전문가를”… 국힘 양향자, 경기지사 출마 선...",양 최고위원은 반도체 전문가로서의 정체성을 강조하며 출퇴근 시간 광역버스 이용 불편을 해결하기 위해 AI 빅데이터 분석을 제안했다.,호재,2026-04-11 09:11,46.6,사실형,99.8
https://n.news.naver.com/mnews/article/009/0005664383?sid=101,IT/반도체,삼전닉스 살까 팔까…증권가 목표가 줄줄이 올리는 이유 보니,삼성전자와 SK하이닉스의 목표가가 올리는 이유는 인공지능 시대에 따른 메모리 반도체 수요 급증과 산업 구조 변화 때문이다.,호재,2026-04-11 08:03,25.7,사실형,86.6
https://n.news.naver.com/mnews/article/079/0004135587?sid=102,IT/반도체,경남 주력산업 '퀀텀점프' 노린다…'제조 AX' 유망산업 육성,경남 주력산업 '퀀텀점프' 노린다…'제조 AX' 유망산업 육성,호재,2026-04-11 12:58,22.9,사실형,85.7
https://n.news.naver.com/mnews/article/003/0013881520?sid=101,IT/반도체,엔비디아 맞선 구글·브로드컴 동맹 강화…K반도체 협상력 강화 전망,엔비디아를 맞선 구글과 브로드컴이 동맹을 강화하여 K반도체 협상력 강화 전망이다.,호재,2026-04-11 10:00,13.9,사실형,52.1
https://n.news.naver.com/mnews/article/421/0008883440?sid=102,IT/반도체,"반도체 산단은…김영록 ""클러스터 조성"" vs 민형배 ""값싼 전기료""",전남광주통합특별시장 후보들 중 김영록 후보는 수도권에 몰려 있는 반도체 산업을 클러스터 조성으로 해결하자는 주장을 내세운다.,호재,2026-04-11 07:33,45.7,사실형,74.9
https://n.news.naver.com/mnews/article/003/0013881442?sid=101,IT/반도체,"""20만 전자·100만 닉스""…덩달아 뜨거워진 '취업 전선'",AI 반도체 수요 지속으로 반도체 특화 교육 콘텐츠에 대한 관심이 지속될 것으로 예상된다.,호재,2026-04-11 08:01,13.9,예측형,12.1
https://n.news.naver.com/mnews/article/011/0004609555?sid=101,IT/반도체,상장 리츠 시총 10조 돌파…도입 25년 만의 이정표,상장 리츠 시총이 10조원을 돌파했다.,호재,2026-04-11 05:39,24.3,사실형,99.9
https://n.news.naver.com/mnews/article/011/0004609552?sid=101,IT/반도체,"SKT, Arm·리벨리온과 GPU 대체 AI 서버 솔루션 공동 개발",SK텔레콤이 Arm와 리벨리온과 함께 차세대 AI 서버 솔루션을 공동 개발한다.,호재,2026-04-11 05:33,9.2,사실형,97.0
https://n.news.naver.com/mnews/article/011/0004609551?sid=101,IT/반도체,앤스로픽도 자체 칩 개발 검토…AI 빅테크 ‘탈엔비디아’ 가속,"앤스로픽이 자체 칩 개발을 검토하고 있는 것으로 알려졌으며, 이는 엔비디아가 데이터센터 칩 시장에서 지배적인 위치를 차지하는 구조에서 탈엔비디아 흐름이 가속화될 수 있는 신호로 여겨지고 있습니다.",호재,2026-04-11 05:32,16.2,대화형,11.8
https://n.news.naver.com/mnews/article/138/0002224102?sid=105,IT/반도체,[알쓸신기] ① 냉장고 문이 열리면 왜 '삐' 소리가 날까,삼성은 가전 제품에 신경망처리장치를 포함한 고성능 AI 반도체를 내장하여 새로운 기능을 제공하고 있다.,호재,2026-04-11 06:01,30.7,사실형,46.0
https://n.news.naver.com/mnews/article/366/0001156025?sid=105,IT/반도체,[인터뷰] 라미 라힘 HPE 수석부사장 “AI 시대 네트워크 시장 승부처는...,라미 라힘 HPE 수석부사장은 AI 시대 네트워크 시장 승부처에 대해 설명했다.,호재,2026-04-11 06:02,21.5,사실형,99.3
https://n.news.naver.com/mnews/article/029/0003021011?sid=105,IT/반도체,"‘40만전자·200만닉스 시대’ 열리나… 반도체 양강, 사상 초유 ‘슈퍼...",국내 반도체 기업들에게는 유례없는 '골든 타임'이 시작된 것으로 보인다.,호재,2026-04-11 06:30,25.5,사실형,61.2
https://n.news.naver.com/mnews/article/421/0008883419?sid=104,IT/반도체,"엔비디아 2.55% 상승, 반도체지수 2.31%↑ 사상 최고(상보)","반도체지수 사상 최고치를 기록, 엔비디아 2.55% 상승",호재,2026-04-11 06:46,26.8,사실형,95.0
https://n.news.naver.com/mnews/article/018/0006254978?sid=101,IT/반도체,"브로드컴, AI 인프라 핵심 플레이어 될까…지지부진 주가도 반등?","브로드컴, AI 인프라 핵심 플레이어 될 가능성이 높아졌다.",호재,2026-04-11 08:02,15.1,사실형,90.3
https://n.news.naver.com/mnews/article/022/0004119975?sid=105,IT/반도체,SKT·Arm·리벨리온 CPU·NPU AI데이터센터 구축 협력,"SK텔레콤, 암과 리벨리온과 함께 AI 데이터센터 구축을 위한 협력을 시작한다.",호재,2026-04-11 06:37,13.6,사실형,33.5
https://n.news.naver.com/mnews/article/293/0000082582?sid=110,IT/반도체,"[디깅노트] AI도 못 믿는 삼성전자 실적, 만든 건 결국 '사람'",삼성전자 실적은 인재 확보와 유지에서 결정된다고 분석된다.,호재,2026-04-11 07:00,9.5,사실형,42.3
https://n.news.naver.com/mnews/article/008/0005338467?sid=101,제약/바이오,"제약바이오협, 한-캐나다 제약바이오 협력 간담회 개최",한국제약바이오협회가 캐나다 국제통상부 장관 초청으로 '한-캐나다 제약바이오산업 국제 협력 간담회'를 개최했다.,호재,2026-04-01 16:28,27.2,사실형,55.96396364271641
https://n.news.naver.com/mnews/article/028/0002798715?sid=103,제약/바이오,"[제약바이오 소식] 한국아스트라제네카, 오하드 골드버그 신임 대표이사...",한국아스트라제네카 신임 대표이사로 오하드 골드버그가 선임되었습니다.,호재,2026-04-01 16:04,56.0,예측형,39.5324489645039
https://n.news.naver.com/mnews/article/003/0013849010?sid=102,제약/바이오,"'제네릭 약가' 53.55%→45%로…제약사들 ""암담하다""",제약업계는 제네릭 약가가 오리지널 의약품의 45%로 조정된 것에 대해 타격을 받을 것이라고 우려했다.,악재,2026-03-26 18:33,67.6,사실형,58.554317979988724
https://n.news.naver.com/mnews/article/079/0004131721?sid=101,제약/바이오,"제약바이오협회, 한-캐나다 제약바이오 협력 간담회 개최",한국제약바이오협회가 한-캐나다 제약바이오산업 국제 협력 간담회를 개최하여 양국 간 협력 확대 방안을 논의했다.,호재,2026-04-01 16:17,36.6,사실형,44.96313646581257
https://n.news.naver.com/mnews/article/277/0005745084?sid=101,방산/우주항공,총도 미사일도 아니다…K방산 다음 투자처는? [주末머니],"K방산의 다음 수출 품목은 위성이 될 것이라 관측되며, 투자자들이 주목해야할 최선호주로는 쎄트렉아이, 차선호주로는 한화시스템과 인텔리안테크가 꼽혔다.",호재,2026-04-05 09:52,18.4,사실형,82.15381161176732
https://n.news.naver.com/mnews/article/018/0006253318?sid=101,제약/바이오,[마켓인]'490억 프리IPO 유치' 성공한 아델…연내 코스닥 상장 노린다,바이오 투자심리가 위축된 가운데 중추신경계(CNS) 신약 개발사 아델이 약 500억원 규모 자금을 끌어모았습니다.,호재,2026-04-09 08:57,10.2,사실형,60.2
https://n.news.naver.com/mnews/article/648/0000046101?sid=101,제약/바이오,진양곤 HLB 의장 공격적 M&amp;A…실적·지배구조 '숙제',"진양곤 HLB 의장이 공격적 M&A로 지배구조를 복잡하게 만들었고, 계열사들의 재무 실적이 부진한 점이 문제가 되고 있다.",악재,2026-04-09 08:53,20.8,사실형,74.0
https://n.news.naver.com/mnews/article/293/0000082282?sid=110,금융/밸류업,[박종면칼럼] 잘나가던 메리츠금융 왜 멈춰 섰나,"메리츠금융지주는 1년 전만 해도 한국 자본시장의 눈부신 스타였지만, 1년이 지난 지금은 시총 순위가 급락하고 주가도 5%만큼 떨어졌습니다.",악재,2026-04-07 06:00,30.0,추론형,0.3
https://n.news.naver.com/mnews/article/421/0008834342?sid=101,금융/밸류업,'밸류업 트레이드' 삼성그룹 강세…금융·지주株 상승[핫종목](종합),금융주와 지주 종목들이 안정적인 이익 구조로 주주환원 여력이 크다.,호재,2026-03-18 17:10,21.7,사실형,44.8
https://n.news.naver.com/mnews/article/648/0000045436?sid=101,금융/밸류업,"대통령 만나자 벤처업계 불만 쏟아졌다...""정책지원 더 필요""","벤처업계가 정책지원을 요청하며, 상장사 부담을 줄여 장기투자를 장려하고 회수시장 확대를 제안했다.",호재,2026-03-18 19:01,53.1,추론형,22.4
https://n.news.naver.com/mnews/article/018/0006253277?sid=105,제약/바이오,창사 후 첫 파업 위기 직면한 삼성바이오로직스...영향은?,"삼성바이오로직스가 창사 이래 첫 파업 위기에 직면해 공급망 전체에 타격을 입을 것으로 예상되며, 기업 신뢰도 하락과 조단위 손실, 환자의 생명과 직결되는 국가적 손실 등 여러 가지 우려가 제기된다.",악재,2026-04-09 08:32,11.8,사실형,66.5
https://n.news.naver.com/mnews/article/009/0005651142?sid=101,금융/밸류업,“주식 가치 오를 일만 남았다”...상장사 자사주 소각 올해만 벌써 46조,정부 정책에 따라 상장사들의 자사주 소각이 올 들어 폭증하고 있다.,호재,2026-03-16 20:17,15.0,사실형,99.5
https://n.news.naver.com/mnews/article/014/0005492303?sid=101,금융/밸류업,"주총 앞둔 증시,'밸류업' 덕 제대로 볼까",국내 증시의 밸류업 기대가 주주총회 시즌을 계기로 다시 부각될 전망이다.,호재,2026-03-16 18:40,20.6,사실형,34.9
https://n.news.naver.com/mnews/article/138/0002219180?sid=101,금융/밸류업,"‘美, 이란 공습’에 금융시장 초긴장… 코스피 ‘6000’ 지킬 수 있을까...",코스피가 6000선을 지킬 수 있을지 관심이 쏠린다.,중립,2026-03-01 14:00,48.0,사실형,75.1
https://n.news.naver.com/mnews/article/009/0005646587?sid=101,금융/밸류업,주가 두달만에 180% 뛰자 일어난 일…삼성생명·신한지주 시총 넘보는 미...,"미래에셋증권의 주가가 180% 이상 급등하여 국내 금융주 시가총액 순위 4위에 오르며, 삼성생명과 신한지주를 가시권 내 접전을 벌이고 있다.",호재,2026-03-07 13:39,15.7,사실형,89.7
https://n.news.naver.com/mnews/article/001/0016010952?sid=101,방산/우주항공,"하나證 ""종전 이후 중동 무기수요 확장예상…韓방산기업 우호적""",하나증권은 미국·이스라엘과 이란간 전쟁 종전에도 한국 방산기업의 중동 무기 수출 환경이 우호적일 것으로 내다봤다.,호재,2026-04-09 08:24,11.3,사실형,87.0
https://n.news.naver.com/mnews/article/014/0005480792?sid=101,금융/밸류업,"5대은행 PB들은 뭘 살까… ""반도체 다음은 금융·바이오""","5대 은행의 자산관리 전문가들은 자산 포트폴리오의 재배치를 권유하며, 단기적으로 반도체와 금융, 바이오 업종의 주식비중을 늘리고 장기적으로 유동성을 확보하라고 조언한다.",호재,2026-02-22 18:26,19.0,사실형,90.7
https://n.news.naver.com/mnews/article/011/0004594438?sid=105,금융/밸류업,"하나금융, SWIFT 대체 블록체인 송금망 구축",하나금융그룹이 두나무의 블록체인 네트워크 '기와(GIWA)' 체인을 활용한 외화 송금 기술검증(PoC)을 성공적으로 완료했다.,호재,2026-02-28 06:32,25.0,사실형,74.2
https://n.news.naver.com/mnews/article/014/0005483629?sid=101,금융/밸류업,반도체·밸류업… ETF 시장 움직이는 키워드 둘,금융·고배당 관련 ETF와 반도체 관련 ETF가 국내 주식형 ETF 수익률 상위 10개 종목을 장악했다.,호재,2026-02-26 18:27,20.1,사실형,78.7
https://n.news.naver.com/mnews/article/032/0003438665?sid=110,방산/우주항공,[정동칼럼]한국의 실력과 운,한국의 경제성장은 미국 주도한 전후 세계질서와 자유무역 체제의 수혜로 가능했다.,호재,2026-04-08 20:00,57.1,사실형,52.1
https://n.news.naver.com/mnews/article/011/0004608757?sid=101,방산/우주항공,코스피 6.87% 급등에…개미 5조 역대 최대 매도,코스피가 6.87% 급등하며 개인이 역대 최대 5조 4165억 원을 순매도한 반면 외국인과 기관은 순매수로 지수 급등을 견인했다.,호재,2026-04-09 07:49,18.8,사실형,76.0
https://n.news.naver.com/mnews/article/014/0005480680?sid=101,금융/밸류업,반도체 다음은 금융·바이오·인프라·로봇주...가상자산은 3% 이하[5대 ...,5대 은행의 자산관리 전문가들은 코스피가 빠른 속도로 상승하고 있는 만큼 자산 포트폴리오의 재배치를 권했다.,호재,2026-02-22 12:20,21.0,사실형,87.4
https://n.news.naver.com/mnews/article/011/0004608758?sid=101,방산/우주항공,전쟁이 증명한 ‘가성비 무기’…K방산 수출 200억弗 넘본다,"K방산 4사의 올해 영업이익이 41% 급증할 것으로 전망되며, 해외 수출액이 377억 달러를 돌파할 가능성이 있다.",호재,2026-04-09 07:49,17.1,사실형,66.5
https://n.news.naver.com/mnews/article/011/0004594371?sid=101,금융/밸류업,[ETF 줌인] 상법 개정發 밸류업 기대감…올해 수익률 32.6%,PLUS 자사주매입고배당주 ETF는 상법 개정안 통과로 수익률 32.6%를 기록했다.,호재,2026-02-27 18:05,18.1,사실형,79.8
https://n.news.naver.com/mnews/article/011/0004608740?sid=101,방산/우주항공,K방산 빅4 올해 ‘영업이익 7조’ 넘을까[biz-플러스],"K방산 4사 올해 영업이익 7조원 이상 전망, 가격 경쟁력과 성능으로 글로벌 시장 공략",호재,2026-04-09 07:01,35.3,사실형,78.2
https://n.news.naver.com/mnews/article/469/0000924402?sid=102,IT/플랫폼,"""구청서 여권만 받고 나오면 안 되나요""… 차량 2부제·5부제 첫날 '혼란...",서울 도심과 전국 곳곳에서 차량 운행 문제로 혼란이 빚어졌습니다.,호재,2026-04-08 19:39,58.2,사실형,75.7
https://n.news.naver.com/mnews/article/008/0005341774?sid=101,IT/플랫폼,"""아, 삼전 샀어야 돼"" 네카오 개미들 '비명'...코스피 오르는데 뒷걸음...","네이버, 카카오가 지난해 최대 매출·영업이익을 기록해 시장에 큰 충격을 주었다.",호재,2026-04-09 04:20,48.5,사실형,59.8
https://n.news.naver.com/mnews/article/024/0000104662?sid=101,IT/플랫폼,역대급 실적에도 주가 부진…커머스주 전락한 네이버,네이버의 주가 부진이 길어지고 있으며 최근 실적에도 주가가 반영되지 않고 있다.,악재,2026-04-08 21:01,49.0,사실형,94.7
https://n.news.naver.com/mnews/article/079/0004134488?sid=102,IT/플랫폼,"창원시, 시민 크리에이터·쇼호스트 키운다",창원시가 소상공인 온라인 홍보와 판로 확대를 지원하는 사업을 진행하고 있다.,호재,2026-04-08 17:28,26.8,사실형,81.4
https://n.news.naver.com/mnews/article/008/0005341674?sid=101,IT/플랫폼,"다른 주식은 쭉쭉 오르는데...""목표가 줄하향"" 네카오 개미 또 운다",네이버·카카오가 목표주가 하향을 맞아 주주들의 원성이 커지는 추세다.,악재,2026-04-08 17:34,24.8,사실형,88.3
https://n.news.naver.com/mnews/article/015/0005272686?sid=102,IT/플랫폼,"공영주차장 5부제 곳곳 혼란…""잠깐 화장실 간다"" 꼼수 주차도",공영주차장 5부제 시행으로 시민 불편이 이어지고 있다.,악재,2026-04-08 19:01,61.7,사실형,52.8
https://n.news.naver.com/mnews/article/009/0005663049?sid=101,IT/플랫폼,중동 진출 밀어붙였는데 … 맘 졸이는 네이버·카카오,"네이버와 카카오의 사우디 사업이 전쟁으로 인해 위협받고 있으며, 국가 예산이 전쟁 후유증 회복과 안보에 우선적으로 사용되기 때문에 IT 관련 사업은 후순위로 밀릴 수 있다.",악재,2026-04-08 17:20,53.2,사실형,72.3
https://n.news.naver.com/mnews/article/031/0001020698?sid=101,IT/플랫폼,"제일기획, AI 배너 자동화 '베리에이드' 도입","제일기획이 AI 기반 배너 자동화 솔루션 '베리에이드'를 도입하여 제작비를 90% 이상 절감하고, 해외 법인 확대 계획을 발표했다.",호재,2026-04-08 17:24,23.9,사실형,45.9
https://n.news.naver.com/mnews/article/009/0005663099?sid=101,IT/플랫폼,신분증 없는 AI도 돈을 쓴다...디지털 지갑 시대의 도래[엠블록레터],"AI가 직접 돈을 쓸 수 있는 지갑이 개발되면서, 우리의 돈 쓰는 방식이 달라질 수 있습니다.",호재,2026-04-08 17:47,53.3,추론형,0.3
https://n.news.naver.com/mnews/article/092/0002417956?sid=105,IT/플랫폼,"주병기 공정거래위원장 ""쿠팡 끼워팔기, 혁신 없이 시장 잠식 우려""","주병기 공정거래위원장은 쿠팡의 '끼워팔기' 의혹에 대해 강도 높은 경고 메시지를 내놨고, 시장 지배적 플랫폼이 기존 이용자 기반을 활용해 신규 사업 영역을 손쉽게 확장하는 행태는 공정 경쟁을 훼손할 수 있다고 지적했다.",호재,2026-04-08 16:41,16.2,사실형,87.3
https://n.news.naver.com/mnews/article/421/0008876299?sid=101,IT/플랫폼,생방송 중 폭행·위법 행위 난무…플랫폼 제재 책임 어디까지,인터넷 생방송에서 폭행 등 위법 행위가 계속 발생해 플랫폼 사업자의 책임을 강화해야 한다는 지적이 나온다.,악재,2026-04-08 06:30,13.8,사실형,75.7
https://n.news.naver.com/mnews/article/016/0002626386?sid=101,IT/플랫폼,"택배값 올리는 세븐일레븐, 편의점 줄인상 신호탄? [중동發 물가쇼크]","세븐일레븐이 일반 택배 요금을 200원 인상하는 것으로 결정했으며, 이는 중동 사태로 인해 유류비 부담이 커지면서 이어질 택배비 인상 전망과 관련된 신호탄으로 간주되고 있다.",호재,2026-04-08 10:03,28.8,사실형,79.9
https://n.news.naver.com/mnews/article/117/0004051950?sid=105,IT/플랫폼,"“잘 벌어도 안 오른다”…네카오, AI 수익화가 주가 운명 가른다",네이버와 카카오의 주가가 실적과 별개로 움직이며 AI 수익화에 대한 시장의 관심이 높아지고 있다.,호재,2026-04-08 11:00,35.0,사실형,87.8
https://n.news.naver.com/mnews/article/366/0001155059?sid=101,IT/플랫폼,"80여 규격 자동 생성…제일기획, 배너 제작 자동화 도입",제일기획이 AI 기술을 활용한 배너 이미지 변형 자동화 솔루션 '베리에이드'를 도입하여 80여 개의 광고 규격에 맞는 배너를 자동으로 제작할 수 있다.,호재,2026-04-08 09:10,19.2,사실형,36.8
https://n.news.naver.com/mnews/article/082/0001375063?sid=102,IT/플랫폼,공영주차장 5부제 첫날… 시민 혼선 속 어수선한 출발,공영주차장 5부제 시행 첫날 시민 혼선 속 출퇴근길 난감한 현장,호재,2026-04-08 16:46,62.3,사실형,70.6
https://n.news.naver.com/mnews/article/421/0008876499?sid=103,IT/플랫폼,"에어비앤비, 삼성전자와 맞손…49개국 갤럭시 이용자 잡는다",에어비앤비는 삼성전자와의 협업을 통해 삼성 갤럭시 스마트폰 기본 웹 브라우저인 '삼성 인터넷'의 '빠른 실행' 메뉴에 에어비앤비 바로가기를 추가했다.,호재,2026-04-08 08:52,30.8,사실형,86.7
https://n.news.naver.com/mnews/article/277/0005746595?sid=102,IT/플랫폼,"[Invest&amp;Law]""단순 대응 넘어 경제분석까지""…8대 로펌 공정거래팀 '고도...",8대 로펌들이 공정거래 사건 대응 조직을 확대 및 고도화하고 있다.,호재,2026-04-08 13:16,12.6,사실형,86.7
https://n.news.naver.com/mnews/article/421/0008877315?sid=102,IT/플랫폼,"""공공기관 직원·민원인 구분 어떻게?""…차량2부제·5부제 첫날 '혼란'",공공기관 직원·민원인 구분에 혼란이 생겨 2부제·5부제 첫날 혼란이 이어졌다.,호재,2026-04-08 11:34,55.2,사실형,68.1
https://n.news.naver.com/mnews/article/003/0013873892?sid=105,IT/플랫폼,"""길 찾기는 기본, 이제는 경험을 판다""…구글맵 공습 앞두고 네카오 지...",네이버가 3년 만에 별점 리뷰 시스템을 다시 도입하여 경쟁력 강화에 나섰다.,호재,2026-04-08 06:00,52.4,사실형,75.8
https://n.news.naver.com/mnews/article/018/0006252935?sid=105,IT/플랫폼,"“선물용 모바일 쿠폰 ‘기프티콘’, 고독사 막았다”",광명시와 SK플래닛이 독거노인에게 모바일 쿠폰을 발송하여 생활 신호 확인을 통해 위험 상황을 발견했다.,호재,2026-04-08 15:34,31.7,사실형,68.7
https://n.news.naver.com/mnews/article/117/0004051480?sid=105,IT/플랫폼,"[IT 세대교체 ①] 이해진·김범수는 전략, 40대 CEO는 전면…플랫폼 권력...","네이버와 카카오에서 창업자가 전략과 투자에 집중하고, 40대 최고경영자가 성과를 책임지는 구조로 재편됐다.",호재,2026-04-07 07:01,25.5,사실형,80.1
https://n.news.naver.com/mnews/article/009/0005661918?sid=103,자동차/모빌리티,[단독] 11% 캐시백·초저금리 할부 … 금융권은 中 전기차 공습에 가세,금융사들이 중국 전기차 업체에 국산차보다 훨씬 낮은 할부 금리를 적용하고 큰 규모의 캐시백을 제공하고 있는 것으로 나타났다.,호재,2026-04-06 17:53,33.2,사실형,93.5
https://m.entertain.naver.com/article/109/0005479684,엔터/미디어,"태민, 美 아마존 뮤직 글로벌 퍼포먼스 시리즈 'In the Paint' 출연…K팝...",태민이 아마존 뮤직 글로벌 퍼포먼스 시리즈 'In the Paint'에 K-팝 아티스트 최초로 출연한다.,호재,2026-02-18 15:00,33.1,사실형,49.9
https://m.entertain.naver.com/article/241/0003494755,엔터/미디어,"태민, 美 아마존 뮤직 글로벌 퍼포먼스 시리즈 ‘인 더 페인트’ K팝 최...",태민이 미국 아마존 뮤직 글로벌 퍼포먼스 시리즈 '인 더 페인트'에 K팝 최초로 합류하여 글로벌 존재감을 입증했다.,호재,2026-02-18 14:37,33.8,추론형,48.9
https://n.news.naver.com/mnews/article/032/0003437934?sid=103,자동차/모빌리티,현대차 아이오닉 6 N ‘세계 올해의 고성능 자동차’ 수상,현대차그룹의 아이오닉 6 N이 미국 뉴욕 국제오토쇼 '2026 월드카 어워즈'에서 '세계 올해의 고성능 자동차'상을 수상했다.,호재,2026-04-05 21:03,27.8,사실형,83.9
https://n.news.naver.com/mnews/article/008/0005340505?sid=101,자동차/모빌리티,바뀌는 전기차 보조금 정책 누가 유리?..양적 성장 넘어 질적으로 전환,전기차 보조금 정책이 질적으로 전환하여 산업 기여와 공급망 경쟁력까지 고려하는 방향으로 재설계되면서 양적 성장에서 질적 성장으로 이동하고 있다.,호재,2026-04-06 17:50,10.9,사실형,68.6
https://n.news.naver.com/mnews/article/277/0005746318?sid=101,제약/바이오,"삼성바이오에피스, 전 임직원 AI 교육 실시…바이오 특화 전문가 양성",삼성바이오에피스는 전 임직원 대상으로 AI 역량 강화 교육을 실시하여 바이오 제약 업종에 특화한 AI 전문가 양성을 목표로 한다.,호재,2026-04-08 08:33,15.3,사실형,87.6
https://n.news.naver.com/mnews/article/009/0005662601?sid=101,제약/바이오,끊이지 않는 ‘과대포장’ 의혹…삼천당제약에 발목잡힌 韓 바이오,삼천당제약의 '과대포장' 의혹으로 국내 바이오 업계 투자심리가 위축되면서 관련 ETF 수익률이 급격히 하락했다.,악재,2026-04-08 06:17,30.6,사실형,76.7
https://n.news.naver.com/mnews/article/648/0000046061?sid=101,제약/바이오,베일 벗은 삼천당제약 핵심 기술…대만 바이오텍이 개발,"삼천당제약이 개발한 핵심 기술 'S-PASS'는 대만의 바이오텍인 서밋 바이오테크와의 협력으로 개발되었으며, 삼천당제약은 실질적인 권리를 100% 소유하고 있다.",호재,2026-04-08 08:46,21.7,사실형,61.4
https://n.news.naver.com/mnews/article/031/0001020423?sid=101,제약/바이오,혁신형 제약기업 인증 개편…R&amp;D 기준 높인다,"정부가 혁신형 제약기업 인증 기준을 개편하여 R&D 투자 비율 기준을 2%p 상향하고 정량평가 확대, 리베이트 관련 심사 기준 명확화 등을 도입한다.",호재,2026-04-07 21:01,36.2,사실형,35.6
https://n.news.naver.com/mnews/article/016/0002627658?sid=104,방산/우주항공,“이란戰에 바닥난 美무기고 채우려면 中 도움 절실”,미국은 이란 전쟁으로 소진된 무기 재고를 재비축하려면 중국의 협력을 절실하게 필요로 하고 있다.,호재,2026-04-10 10:14,32.6,사실형,69.1
https://n.news.naver.com/mnews/article/016/0002627578?sid=101,방산/우주항공,"한화 K9 자주포, 핀란드 추가 수출…9400억원 규모",한화에어로스페이스는 핀란드에 K9 자주포를 9400억원 규모로 공급하는 계약을 체결했다.,호재,2026-04-10 09:09,20.6,사실형,83.6
https://n.news.naver.com/mnews/article/020/0003711341?sid=101,방산/우주항공,"한화에어로스페이스, 핀란드 9400억 규모 ‘K9 자주포’ 추가 수출… “...",한화에어로스페이스는 핀란드와 K9 자주포 수출 계약을 체결하여 핀란드가 나토 내에서 3번째로 200문 넘는 K9 자주포를 운용하는 국가가 될 예정입니다.,호재,2026-04-10 09:12,22.5,사실형,71.2
https://n.news.naver.com/mnews/article/421/0008881604?sid=104,방산/우주항공,중동전에 바닥난 美요격망 재건…'中 장악' 핵심광물 확보 관건,미국이 중동전에 소모한 미사일 요격·방어체계를 재건하는 과정에서 중국이 핵심광물인 갈륨 공급을 사실상 장악하고 있기 때문에 대미 협상력 확대할 가능성이 있다.,호재,2026-04-10 09:18,22.5,사실형,86.7
https://n.news.naver.com/mnews/article/030/0003416704?sid=101,방산/우주항공,"한화에어로스페이스, 핀란드에 9400억원 규모 K9 자주포 추가 공급","한화에어로스페이스, 핀란드에 9400억원 규모 K9 자주포 추가 공급",호재,2026-04-10 11:00,16.5,사실형,89.0
https://n.news.naver.com/mnews/article/018/0006255909?sid=101,IT/반도체,"반도체 이익 급증에도 외국인은 판다…""멀티플 확장은 시기상조""",반도체 이익 급증에도 외국인이 집중 투자하는 이유는 이익 가시성이 부족하여 멀티플 확장이 시기상조라는 분석이다.,악재,2026-04-13 08:00,14.2,사실형,99.8
https://n.news.naver.com/mnews/article/022/0004120325?sid=101,IT/반도체,신한 “1500∼300 박스권 가능성 적어”…반도체 호황 내년 상반기 지속...,반도체 수요 증가는 인공지능(AI) 주도권 확보를 위한 경쟁적 인프라 투자로 가파른 반면 반도체 공급 확대는 기술적 어려움 등으로 제약된다.,호재,2026-04-13 07:02,11.8,사실형,91.5
https://n.news.naver.com/mnews/article/018/0006255901?sid=101,IT/반도체,유가 정점론에도 성장주 ‘선별 장세’…“반도체·AI 통신주 주목”,반도체와 AI 통신 업종이 미국-이란 협상 난항에도 방어력을 보이며 향후 성장할 가능성이 있다.,호재,2026-04-13 07:55,13.2,사실형,49.8
